"","Recruit_ID","Treatment","Tank","Day","polyp_area","nDay"
"1","31","CWT+DHE","T1","11",0.189,11
"2","31","CWT+DHE","T1","18",0.235,18
"3","31","CWT+DHE","T1","24",0.256,24
"4","31","CWT+DHE","T1","38",0.283,38
"5","31","CWT+DHE","T1","46",0.335,46
"6","31","CWT+DHE","T1","54",0.38,54
"7","31","CWT+DHE","T1","60",0.505,60
"8","31","CWT+DHE","T1","67",0.422,67
"9","52","CWT+DHE","T1","11",0.507,11
"10","52","CWT+DHE","T1","18",0.457,18
"11","52","CWT+DHE","T1","24",0.497,24
"12","52","CWT+DHE","T1","38",0.578,38
"13","52","CWT+DHE","T1","46",0.799,46
"14","52","CWT+DHE","T1","54",1.185,54
"15","52","CWT+DHE","T1","60",1.438,60
"16","52","CWT+DHE","T1","67",1.635,67
"17","53","CWT+DHE","T1","11",0.42,11
"18","53","CWT+DHE","T1","18",0.41,18
"19","53","CWT+DHE","T1","24",0.407,24
"20","53","CWT+DHE","T1","38",0.942,38
"21","53","CWT+DHE","T1","46",2.3,46
"22","53","CWT+DHE","T1","54",2.463,54
"23","53","CWT+DHE","T1","60",2.746,60
"24","53","CWT+DHE","T1","67",2.7,67
"25","65","CWT+DHE","T1","11",0.237,11
"26","65","CWT+DHE","T1","18",0.298,18
"27","65","CWT+DHE","T1","24",0.268,24
"28","65","CWT+DHE","T1","38",0.301,38
"29","65","CWT+DHE","T1","46",0.326,46
"30","65","CWT+DHE","T1","54",0.418,54
"31","65","CWT+DHE","T1","60",0.447,60
"32","65","CWT+DHE","T1","67",0.366,67
"33","78","CWT+DHE","T1","11",0.129,11
"34","78","CWT+DHE","T1","18",0.264,18
"35","78","CWT+DHE","T1","24",0.259,24
"36","78","CWT+DHE","T1","38",0.287,38
"37","78","CWT+DHE","T1","46",0.287,46
"38","78","CWT+DHE","T1","54",0.33,54
"39","78","CWT+DHE","T1","60",0.379,60
"40","78","CWT+DHE","T1","67",0.561,67
"41","79","CWT+DHE","T1","11",0.053,11
"42","79","CWT+DHE","T1","18",0.141,18
"43","79","CWT+DHE","T1","24",0.151,24
"44","79","CWT+DHE","T1","38",0.146,38
"45","79","CWT+DHE","T1","46",0.221,46
"46","79","CWT+DHE","T1","54",0.307,54
"47","79","CWT+DHE","T1","60",0.427,60
"48","79","CWT+DHE","T1","67",0.468,67
"49","80","CWT+DHE","T1","11",0.283,11
"50","80","CWT+DHE","T1","18",0.353,18
"51","80","CWT+DHE","T1","24",0.34,24
"52","80","CWT+DHE","T1","38",0.348,38
"53","80","CWT+DHE","T1","46",0.521,46
"54","80","CWT+DHE","T1","54",0.548,54
"55","80","CWT+DHE","T1","60",0.612,60
"56","80","CWT+DHE","T1","67",0.563,67
"57","81","CWT+DHE","T1","11",0.246,11
"58","81","CWT+DHE","T1","18",0.318,18
"59","81","CWT+DHE","T1","24",0.417,24
"60","81","CWT+DHE","T1","38",0.466,38
"61","81","CWT+DHE","T1","46",0.81,46
"62","81","CWT+DHE","T1","54",0.876,54
"63","81","CWT+DHE","T1","60",1.16,60
"64","81","CWT+DHE","T1","67",1.497,67
"65","117","CWT+DHE","T1","11",0.265,11
"66","117","CWT+DHE","T1","18",0.318,18
"67","117","CWT+DHE","T1","24",0.526,24
"68","117","CWT+DHE","T1","38",0.518,38
"69","117","CWT+DHE","T1","46",0.59,46
"70","117","CWT+DHE","T1","54",0.669,54
"71","117","CWT+DHE","T1","60",0.748,60
"72","117","CWT+DHE","T1","67",0.88,67
"73","132","CWT+DHE","T1","11",0.394,11
"74","132","CWT+DHE","T1","18",0.325,18
"75","132","CWT+DHE","T1","24",0.403,24
"76","132","CWT+DHE","T1","38",0.572,38
"77","132","CWT+DHE","T1","46",0.807,46
"78","132","CWT+DHE","T1","54",0.997,54
"79","132","CWT+DHE","T1","60",2.14,60
"80","132","CWT+DHE","T1","67",2.99,67
"81","137","CWT+DHE","T1","11",0.416,11
"82","137","CWT+DHE","T1","18",0.346,18
"83","137","CWT+DHE","T1","24",0.348,24
"84","137","CWT+DHE","T1","38",0.508,38
"85","137","CWT+DHE","T1","46",1.177,46
"86","137","CWT+DHE","T1","54",1.162,54
"87","137","CWT+DHE","T1","60",1.979,60
"88","137","CWT+DHE","T1","67",2.372,67
"89","156","CWT+DHE","T1","11",0.354,11
"90","156","CWT+DHE","T1","18",0.459,18
"91","156","CWT+DHE","T1","24",0.526,24
"92","156","CWT+DHE","T1","38",0.836,38
"93","156","CWT+DHE","T1","46",1.657,46
"94","156","CWT+DHE","T1","54",1.678,54
"95","156","CWT+DHE","T1","60",2.388,60
"96","156","CWT+DHE","T1","67",2.246,67
"97","157","CWT+DHE","T1","11",0.467,11
"98","157","CWT+DHE","T1","18",0.518,18
"99","157","CWT+DHE","T1","24",0.584,24
"100","157","CWT+DHE","T1","38",0.495,38
"101","157","CWT+DHE","T1","46",1.029,46
"102","157","CWT+DHE","T1","54",1.041,54
"103","157","CWT+DHE","T1","60",1.407,60
"104","157","CWT+DHE","T1","67",1.357,67
"105","1000","CWT+DHE","T1","11",0.312,11
"106","1000","CWT+DHE","T1","18",0.25,18
"107","1000","CWT+DHE","T1","24",0.298,24
"108","1000","CWT+DHE","T1","38",0.402,38
"109","1000","CWT+DHE","T1","46",0.872,46
"110","1000","CWT+DHE","T1","54",0.923,54
"111","1000","CWT+DHE","T1","60",1.103,60
"112","1000","CWT+DHE","T1","67",1.321,67
"113","1001","CWT+DHE","T1","11",0.415,11
"114","1001","CWT+DHE","T1","18",0.438,18
"115","1001","CWT+DHE","T1","24",0.483,24
"116","1001","CWT+DHE","T1","54",0.33,54
"117","1002","CWT+DHE","T1","11",0.115,11
"118","1002","CWT+DHE","T1","18",0.143,18
"119","1002","CWT+DHE","T1","24",0.098,24
"120","1003","CWT+DHE","T1","11",0.138,11
"121","1003","CWT+DHE","T1","18",0.337,18
"122","1003","CWT+DHE","T1","24",0.252,24
"123","1003","CWT+DHE","T1","38",0.335,38
"124","1003","CWT+DHE","T1","46",0.334,46
"125","1005","CWT+DHE","T1","11",0.29,11
"126","1005","CWT+DHE","T1","18",0.255,18
"127","1005","CWT+DHE","T1","24",0.224,24
"128","1006","CWT+DHE","T1","11",0.464,11
"129","1006","CWT+DHE","T1","18",0.375,18
"130","1006","CWT+DHE","T1","24",0.446,24
"131","1007","CWT+DHE","T1","11",0.395,11
"132","1007","CWT+DHE","T1","18",0.424,18
"133","1007","CWT+DHE","T1","24",0.434,24
"134","1008","CWT+DHE","T1","11",0.086,11
"135","1008","CWT+DHE","T1","18",0.184,18
"136","1008","CWT+DHE","T1","24",0.33,24
"137","1008","CWT+DHE","T1","38",0.364,38
"138","1010","CWT+DHE","T1","11",0.13,11
"139","1010","CWT+DHE","T1","18",0.229,18
"140","1010","CWT+DHE","T1","24",0.202,24
"141","1011","CWT+DHE","T1","11",0.467,11
"142","1011","CWT+DHE","T1","18",0.485,18
"143","1011","CWT+DHE","T1","24",0.482,24
"144","1013","CWT+DHE","T1","11",0.189,11
"145","1013","CWT+DHE","T1","18",0.199,18
"146","1013","CWT+DHE","T1","24",0.244,24
"147","1014","CWT+DHE","T1","11",0.313,11
"148","1014","CWT+DHE","T1","18",0.344,18
"149","1014","CWT+DHE","T1","24",0.375,24
"150","1016","CWT+DHE","T1","11",0.17,11
"151","1016","CWT+DHE","T1","18",0.219,18
"152","1016","CWT+DHE","T1","24",0.261,24
"153","1017","CWT+DHE","T1","11",0.301,11
"154","1018","CWT+DHE","T1","11",0.385,11
"155","1020","CWT+DHE","T1","11",0.147,11
"156","1020","CWT+DHE","T1","18",0.089,18
"157","1021","CWT+DHE","T1","11",0.062,11
"158","1021","CWT+DHE","T1","18",0.085,18
"159","1022","CWT+DHE","T1","11",0.343,11
"160","1023","CWT+DHE","T1","11",0.33,11
"161","1024","CWT+DHE","T1","11",0.265,11
"162","1025","CWT+DHE","T1","11",0.173,11
"163","709","DHE","T3","11",0.112,11
"164","709","DHE","T3","18",0.096,18
"165","709","DHE","T3","24",0.099,24
"166","709","DHE","T3","38",0.131,38
"167","709","DHE","T3","46",0.263,46
"168","709","DHE","T3","54",0.337,54
"169","709","DHE","T3","60",0.417,60
"170","709","DHE","T3","67",0.568,67
"171","766","DHE","T3","11",0.03,11
"172","766","DHE","T3","18",0.061,18
"173","766","DHE","T3","24",0.085,24
"174","766","DHE","T3","38",0.112,38
"175","766","DHE","T3","46",0.239,46
"176","766","DHE","T3","54",0.208,54
"177","766","DHE","T3","60",0.28,60
"178","766","DHE","T3","67",0.357,67
"179","1055","DHE","T3","11",0.103,11
"180","1055","DHE","T3","18",0.287,18
"181","1055","DHE","T3","24",0.298,24
"182","1056","DHE","T3","11",0.151,11
"183","1056","DHE","T3","18",0.13,18
"184","1056","DHE","T3","24",0.123,24
"185","1056","DHE","T3","38",0.287,38
"186","1056","DHE","T3","46",0.441,46
"187","1056","DHE","T3","54",0.657,54
"188","1056","DHE","T3","60",0.831,60
"189","1056","DHE","T3","67",0.771,67
"190","1057","DHE","T3","11",0.075,11
"191","1057","DHE","T3","18",0.124,18
"192","1057","DHE","T3","24",0.117,24
"193","1057","DHE","T3","38",0.168,38
"194","1057","DHE","T3","46",0.289,46
"195","1057","DHE","T3","54",0.387,54
"196","1057","DHE","T3","60",0.6,60
"197","1057","DHE","T3","67",0.777,67
"198","1058","DHE","T3","11",0.062,11
"199","1058","DHE","T3","18",0.184,18
"200","1058","DHE","T3","24",0.242,24
"201","1058","DHE","T3","38",0.422,38
"202","1058","DHE","T3","46",0.884,46
"203","1058","DHE","T3","54",1.228,54
"204","1058","DHE","T3","60",1.376,60
"205","1058","DHE","T3","67",1.463,67
"206","1059","DHE","T3","11",0.174,11
"207","1059","DHE","T3","18",0.111,18
"208","1059","DHE","T3","24",0.11,24
"209","1059","DHE","T3","38",0.315,38
"210","1059","DHE","T3","46",0.425,46
"211","1059","DHE","T3","54",0.461,54
"212","1059","DHE","T3","60",0.648,60
"213","1059","DHE","T3","67",0.815,67
"214","1060","DHE","T3","11",0.162,11
"215","1060","DHE","T3","18",0.219,18
"216","1060","DHE","T3","24",0.219,24
"217","1060","DHE","T3","38",0.415,38
"218","1060","DHE","T3","46",0.654,46
"219","1060","DHE","T3","54",0.8,54
"220","1060","DHE","T3","60",1.062,60
"221","1060","DHE","T3","67",1.258,67
"222","1061","DHE","T3","11",0.313,11
"223","1061","DHE","T3","18",0.303,18
"224","1061","DHE","T3","24",0.299,24
"225","1061","DHE","T3","38",0.397,38
"226","1061","DHE","T3","46",0.652,46
"227","1061","DHE","T3","54",0.744,54
"228","1061","DHE","T3","60",1.115,60
"229","1061","DHE","T3","67",1.292,67
"230","1062","DHE","T3","11",0.266,11
"231","1062","DHE","T3","18",0.24,18
"232","1062","DHE","T3","24",0.226,24
"233","1062","DHE","T3","38",0.446,38
"234","1062","DHE","T3","46",0.661,46
"235","1062","DHE","T3","54",0.793,54
"236","1062","DHE","T3","60",0.996,60
"237","1062","DHE","T3","67",1.055,67
"238","1063","DHE","T3","11",0.081,11
"239","1063","DHE","T3","18",0.076,18
"240","1063","DHE","T3","24",0.07,24
"241","1063","DHE","T3","38",0.183,38
"242","1063","DHE","T3","46",0.241,46
"243","1063","DHE","T3","54",0.256,54
"244","1063","DHE","T3","60",0.312,60
"245","1063","DHE","T3","67",0.32,67
"246","1065","DHE","T3","11",0.185,11
"247","1065","DHE","T3","18",0.315,18
"248","1065","DHE","T3","24",0.304,24
"249","1065","DHE","T3","38",0.699,38
"250","1065","DHE","T3","46",1.285,46
"251","1065","DHE","T3","54",1.33,54
"252","1065","DHE","T3","60",1.685,60
"253","1065","DHE","T3","67",1.754,67
"254","1067","DHE","T3","11",0.109,11
"255","1067","DHE","T3","18",0.154,18
"256","1067","DHE","T3","24",0.195,24
"257","1067","DHE","T3","38",0.457,38
"258","1067","DHE","T3","46",0.79,46
"259","1067","DHE","T3","54",1.087,54
"260","1067","DHE","T3","60",1.402,60
"261","1067","DHE","T3","67",1.524,67
"262","1068","DHE","T3","11",0.118,11
"263","1068","DHE","T3","18",0.13,18
"264","1068","DHE","T3","24",0.136,24
"265","1068","DHE","T3","38",0.322,38
"266","1068","DHE","T3","46",0.663,46
"267","1068","DHE","T3","54",0.874,54
"268","1068","DHE","T3","60",1.054,60
"269","1068","DHE","T3","67",1.071,67
"270","1069","DHE","T3","11",0.169,11
"271","1069","DHE","T3","18",0.183,18
"272","1069","DHE","T3","24",0.155,24
"273","1069","DHE","T3","38",0.414,38
"274","1069","DHE","T3","46",0.564,46
"275","1069","DHE","T3","54",0.495,54
"276","1069","DHE","T3","60",0.564,60
"277","1069","DHE","T3","67",0.636,67
"278","1070","DHE","T3","11",0.226,11
"279","1070","DHE","T3","18",0.256,18
"280","1070","DHE","T3","24",0.405,24
"281","1070","DHE","T3","38",1.812,38
"282","1070","DHE","T3","46",2.577,46
"283","1070","DHE","T3","54",2.806,54
"284","1070","DHE","T3","60",3.703,60
"285","1070","DHE","T3","67",4.632,67
"286","1071","DHE","T3","11",0.07,11
"287","1071","DHE","T3","18",0.117,18
"288","1071","DHE","T3","24",0.204,24
"289","1071","DHE","T3","38",0.14,38
"290","1072","DHE","T3","11",0.097,11
"291","1072","DHE","T3","18",0.076,18
"292","1072","DHE","T3","24",0.08,24
"293","1072","DHE","T3","38",0.125,38
"294","1072","DHE","T3","46",0.237,46
"295","1072","DHE","T3","54",0.346,54
"296","1072","DHE","T3","60",0.627,60
"297","1072","DHE","T3","67",0.644,67
"298","1073","DHE","T3","11",0.37,11
"299","1073","DHE","T3","18",0.315,18
"300","1073","DHE","T3","24",0.482,24
"301","1073","DHE","T3","38",0.821,38
"302","1073","DHE","T3","46",1.433,46
"303","1073","DHE","T3","54",2.063,54
"304","1073","DHE","T3","60",2.71,60
"305","1073","DHE","T3","67",3.208,67
"306","1074","DHE","T3","11",0.077,11
"307","1074","DHE","T3","18",0.127,18
"308","1075","DHE","T3","11",0.3,11
"309","1075","DHE","T3","18",0.299,18
"310","1075","DHE","T3","24",0.402,24
"311","1075","DHE","T3","38",0.806,38
"312","1075","DHE","T3","46",1.697,46
"313","1075","DHE","T3","54",1.836,54
"314","1075","DHE","T3","60",2.52,60
"315","1075","DHE","T3","67",3.028,67
"316","1076","DHE","T3","11",0.045,11
"317","1076","DHE","T3","18",0.062,18
"318","1077","DHE","T3","11",0.391,11
"319","1077","DHE","T3","18",0.396,18
"320","1077","DHE","T3","24",0.494,24
"321","1077","DHE","T3","38",0.643,38
"322","1077","DHE","T3","46",0.976,46
"323","1077","DHE","T3","54",1.333,54
"324","1077","DHE","T3","60",1.721,60
"325","1077","DHE","T3","67",1.774,67
"326","1078","DHE","T3","11",0.277,11
"327","1078","DHE","T3","18",0.288,18
"328","1078","DHE","T3","24",0.275,24
"329","1078","DHE","T3","38",0.283,38
"330","1078","DHE","T3","46",0.411,46
"331","1078","DHE","T3","54",0.459,54
"332","1078","DHE","T3","60",0.628,60
"333","1078","DHE","T3","67",0.744,67
"334","1079","DHE","T3","11",0.436,11
"335","1079","DHE","T3","18",0.454,18
"336","1079","DHE","T3","24",0.459,24
"337","1079","DHE","T3","38",0.776,38
"338","1079","DHE","T3","46",1.531,46
"339","1079","DHE","T3","54",1.496,54
"340","1079","DHE","T3","60",1.815,60
"341","1079","DHE","T3","67",2.071,67
"342","1080","DHE","T3","11",0.138,11
"343","1080","DHE","T3","18",0.347,18
"344","1080","DHE","T3","24",0.367,24
"345","1080","DHE","T3","38",0.327,38
"346","1080","DHE","T3","46",0.614,46
"347","1080","DHE","T3","54",0.84,54
"348","1080","DHE","T3","60",0.937,60
"349","1080","DHE","T3","67",0.948,67
"350","1081","DHE","T3","11",0.246,11
"351","1081","DHE","T3","18",0.291,18
"352","1081","DHE","T3","24",0.318,24
"353","1082","DHE","T3","11",0.191,11
"354","1082","DHE","T3","18",0.344,18
"355","1082","DHE","T3","24",0.311,24
"356","1083","DHE","T3","11",0.358,11
"357","1083","DHE","T3","18",0.374,18
"358","1083","DHE","T3","24",0.434,24
"359","1083","DHE","T3","38",0.627,38
"360","1083","DHE","T3","46",0.88,46
"361","1083","DHE","T3","54",1.279,54
"362","1083","DHE","T3","60",1.407,60
"363","1083","DHE","T3","67",1.516,67
"364","1084","DHE","T3","11",0.3,11
"365","1084","DHE","T3","18",0.362,18
"366","1084","DHE","T3","24",0.437,24
"367","1084","DHE","T3","38",0.513,38
"368","1084","DHE","T3","46",1.607,46
"369","1084","DHE","T3","54",2.304,54
"370","1084","DHE","T3","60",2.844,60
"371","1084","DHE","T3","67",2.925,67
"372","1085","DHE","T3","11",0.207,11
"373","1085","DHE","T3","18",0.278,18
"374","1085","DHE","T3","24",0.329,24
"375","1085","DHE","T3","38",0.537,38
"376","1085","DHE","T3","46",1.094,46
"377","1085","DHE","T3","54",1.281,54
"378","1085","DHE","T3","60",1.816,60
"379","1085","DHE","T3","67",2.07,67
"380","1086","DHE","T3","11",0.192,11
"381","1086","DHE","T3","18",0.218,18
"382","1086","DHE","T3","24",0.186,24
"383","1086","DHE","T3","38",0.231,38
"384","1086","DHE","T3","46",0.514,46
"385","1086","DHE","T3","54",0.637,54
"386","1086","DHE","T3","60",0.746,60
"387","1086","DHE","T3","67",0.965,67
"388","1087","DHE","T3","11",0.269,11
"389","1087","DHE","T3","18",0.348,18
"390","1087","DHE","T3","24",0.413,24
"391","1087","DHE","T3","38",0.525,38
"392","1087","DHE","T3","46",1.289,46
"393","1087","DHE","T3","54",1.817,54
"394","1087","DHE","T3","60",2.434,60
"395","1087","DHE","T3","67",2.777,67
"396","1088","DHE","T3","11",0.176,11
"397","1088","DHE","T3","18",0.168,18
"398","1088","DHE","T3","24",0.16,24
"399","1088","DHE","T3","38",0.158,38
"400","1088","DHE","T3","46",0.282,46
"401","1088","DHE","T3","54",0.343,54
"402","1088","DHE","T3","60",0.436,60
"403","1088","DHE","T3","67",0.493,67
"404","1089","DHE","T3","11",0.196,11
"405","1089","DHE","T3","18",0.206,18
"406","1089","DHE","T3","24",0.227,24
"407","1090","DHE","T3","11",0.064,11
"408","1090","DHE","T3","18",0.096,18
"409","1090","DHE","T3","24",0.109,24
"410","1091","DHE","T3","11",0.131,11
"411","1091","DHE","T3","18",0.202,18
"412","1091","DHE","T3","24",0.207,24
"413","1091","DHE","T3","38",0.137,38
"414","1091","DHE","T3","46",0.306,46
"415","1091","DHE","T3","54",0.353,54
"416","1091","DHE","T3","60",0.541,60
"417","1091","DHE","T3","67",0.762,67
"418","1092","DHE","T3","11",0.277,11
"419","1092","DHE","T3","18",0.296,18
"420","1092","DHE","T3","24",0.29,24
"421","1092","DHE","T3","38",0.472,38
"422","1092","DHE","T3","46",0.627,46
"423","1092","DHE","T3","54",0.764,54
"424","1092","DHE","T3","60",1.022,60
"425","1092","DHE","T3","67",1.199,67
"426","1093","DHE","T3","11",0.087,11
"427","1093","DHE","T3","18",0.104,18
"428","1093","DHE","T3","24",0.103,24
"429","1100","DHE","T3","11",0.135,11
"430","1101","DHE","T3","11",0.123,11
"431","1103","DHE","T3","11",0.324,11
"432","1104","DHE","T3","11",0.146,11
"433","1105","DHE","T3","11",0.129,11
"434","1106","DHE","T3","11",0.481,11
"435","1107","DHE","T3","11",0.218,11
"436","1108","DHE","T3","11",0.172,11
"437","1109","DHE","T3","11",0.316,11
"438","1110","DHE","T3","11",0.167,11
"439","1183","CHE+DWT","T5","11",0.19,11
"440","1183","CHE+DWT","T5","18",0.235,18
"441","1183","CHE+DWT","T5","24",0.258,24
"442","1183","CHE+DWT","T5","38",0.43,38
"443","1183","CHE+DWT","T5","46",0.806,46
"444","1183","CHE+DWT","T5","54",1.444,54
"445","1183","CHE+DWT","T5","60",1.592,60
"446","1183","CHE+DWT","T5","67",1.779,67
"447","1184","CHE+DWT","T5","11",0.194,11
"448","1184","CHE+DWT","T5","18",0.188,18
"449","1184","CHE+DWT","T5","24",0.288,24
"450","1187","CHE+DWT","T5","11",0.066,11
"451","1187","CHE+DWT","T5","18",0.307,18
"452","1187","CHE+DWT","T5","24",0.317,24
"453","1187","CHE+DWT","T5","38",0.499,38
"454","1188","CHE+DWT","T5","11",0.125,11
"455","1188","CHE+DWT","T5","18",0.203,18
"456","1188","CHE+DWT","T5","24",0.234,24
"457","1188","CHE+DWT","T5","38",0.336,38
"458","1188","CHE+DWT","T5","46",0.387,46
"459","1188","CHE+DWT","T5","54",0.512,54
"460","1188","CHE+DWT","T5","60",0.458,60
"461","1188","CHE+DWT","T5","67",0.65,67
"462","1189","CHE+DWT","T5","11",0.08,11
"463","1189","CHE+DWT","T5","18",0.102,18
"464","1189","CHE+DWT","T5","24",0.136,24
"465","1190","CHE+DWT","T5","11",0.106,11
"466","1190","CHE+DWT","T5","18",0.138,18
"467","1190","CHE+DWT","T5","24",0.212,24
"468","1190","CHE+DWT","T5","46",0.517,46
"469","1190","CHE+DWT","T5","54",0.725,54
"470","1190","CHE+DWT","T5","60",0.936,60
"471","1190","CHE+DWT","T5","67",1.357,67
"472","1191","CHE+DWT","T5","11",0.252,11
"473","1191","CHE+DWT","T5","18",0.273,18
"474","1191","CHE+DWT","T5","24",0.318,24
"475","1192","CHE+DWT","T5","11",0.094,11
"476","1192","CHE+DWT","T5","18",0.079,18
"477","1192","CHE+DWT","T5","24",0.178,24
"478","1192","CHE+DWT","T5","38",0.444,38
"479","1192","CHE+DWT","T5","46",0.716,46
"480","1192","CHE+DWT","T5","54",1.208,54
"481","1192","CHE+DWT","T5","60",1.485,60
"482","1192","CHE+DWT","T5","67",1.922,67
"483","1194","CHE+DWT","T5","11",0.174,11
"484","1194","CHE+DWT","T5","18",0.256,18
"485","1194","CHE+DWT","T5","24",0.109,24
"486","1195","CHE+DWT","T5","11",0.197,11
"487","1195","CHE+DWT","T5","18",0.182,18
"488","1195","CHE+DWT","T5","24",0.254,24
"489","1195","CHE+DWT","T5","38",0.441,38
"490","1195","CHE+DWT","T5","46",0.863,46
"491","1195","CHE+DWT","T5","54",1.56,54
"492","1195","CHE+DWT","T5","60",1.778,60
"493","1195","CHE+DWT","T5","67",1.706,67
"494","1196","CHE+DWT","T5","11",0.306,11
"495","1196","CHE+DWT","T5","18",0.268,18
"496","1196","CHE+DWT","T5","24",0.273,24
"497","1196","CHE+DWT","T5","38",0.535,38
"498","1196","CHE+DWT","T5","46",0.67,46
"499","1196","CHE+DWT","T5","54",0.997,54
"500","1196","CHE+DWT","T5","60",1.72,60
"501","1196","CHE+DWT","T5","67",2.13,67
"502","1197","CHE+DWT","T5","11",0.077,11
"503","1197","CHE+DWT","T5","18",0.182,18
"504","1198","CHE+DWT","T5","11",0.291,11
"505","1198","CHE+DWT","T5","18",0.231,18
"506","1198","CHE+DWT","T5","24",0.288,24
"507","1199","CHE+DWT","T5","11",0.325,11
"508","1199","CHE+DWT","T5","18",0.361,18
"509","1199","CHE+DWT","T5","24",0.514,24
"510","1199","CHE+DWT","T5","38",0.778,38
"511","1199","CHE+DWT","T5","46",1.313,46
"512","1199","CHE+DWT","T5","54",1.828,54
"513","1199","CHE+DWT","T5","60",3.257,60
"514","1199","CHE+DWT","T5","67",3.547,67
"515","1200","CHE+DWT","T5","11",0.129,11
"516","1200","CHE+DWT","T5","18",0.223,18
"517","1200","CHE+DWT","T5","24",0.137,24
"518","1200","CHE+DWT","T5","38",0.349,38
"519","1200","CHE+DWT","T5","46",0.612,46
"520","1200","CHE+DWT","T5","54",0.828,54
"521","1200","CHE+DWT","T5","60",1.119,60
"522","1200","CHE+DWT","T5","67",1.732,67
"523","1201","CHE+DWT","T5","11",0.275,11
"524","1201","CHE+DWT","T5","18",0.312,18
"525","1201","CHE+DWT","T5","24",0.411,24
"526","1201","CHE+DWT","T5","38",0.55,38
"527","1201","CHE+DWT","T5","46",0.711,46
"528","1201","CHE+DWT","T5","54",1.527,54
"529","1201","CHE+DWT","T5","60",1.69,60
"530","1201","CHE+DWT","T5","67",1.868,67
"531","1204","CHE+DWT","T5","11",0.206,11
"532","1204","CHE+DWT","T5","18",0.26,18
"533","1204","CHE+DWT","T5","24",0.419,24
"534","1204","CHE+DWT","T5","38",0.357,38
"535","1204","CHE+DWT","T5","46",0.471,46
"536","1204","CHE+DWT","T5","54",0.809,54
"537","1204","CHE+DWT","T5","60",1.374,60
"538","1204","CHE+DWT","T5","67",1.285,67
"539","1207","CHE+DWT","T5","11",0.273,11
"540","1207","CHE+DWT","T5","18",0.283,18
"541","1208","CHE+DWT","T5","11",0.243,11
"542","1208","CHE+DWT","T5","18",0.254,18
"543","1208","CHE+DWT","T5","24",0.229,24
"544","1208","CHE+DWT","T5","38",0.204,38
"545","1208","CHE+DWT","T5","46",0.415,46
"546","1208","CHE+DWT","T5","54",0.522,54
"547","1208","CHE+DWT","T5","60",0.68,60
"548","1208","CHE+DWT","T5","67",0.707,67
"549","1209","CHE+DWT","T5","11",0.227,11
"550","1209","CHE+DWT","T5","18",0.089,18
"551","1209","CHE+DWT","T5","24",0.136,24
"552","1209","CHE+DWT","T5","38",0.111,38
"553","1209","CHE+DWT","T5","46",0.103,46
"554","1209","CHE+DWT","T5","54",0.158,54
"555","1209","CHE+DWT","T5","60",0.099,60
"556","1209","CHE+DWT","T5","67",0.179,67
"557","1210","CHE+DWT","T5","11",0.272,11
"558","1210","CHE+DWT","T5","18",0.249,18
"559","1210","CHE+DWT","T5","24",0.242,24
"560","1210","CHE+DWT","T5","38",0.282,38
"561","1210","CHE+DWT","T5","46",0.388,46
"562","1210","CHE+DWT","T5","54",0.576,54
"563","1210","CHE+DWT","T5","60",0.604,60
"564","1210","CHE+DWT","T5","67",0.398,67
"565","1213","CHE+DWT","T5","11",0.208,11
"566","1213","CHE+DWT","T5","18",0.222,18
"567","1213","CHE+DWT","T5","24",0.211,24
"568","1213","CHE+DWT","T5","38",0.301,38
"569","1213","CHE+DWT","T5","46",0.436,46
"570","1213","CHE+DWT","T5","54",0.62,54
"571","1213","CHE+DWT","T5","60",0.794,60
"572","1213","CHE+DWT","T5","67",0.816,67
"573","1223","CHE+DWT","T5","11",0.206,11
"574","1223","CHE+DWT","T5","18",0.243,18
"575","1223","CHE+DWT","T5","24",0.232,24
"576","1223","CHE+DWT","T5","38",0.249,38
"577","1223","CHE+DWT","T5","46",0.415,46
"578","1223","CHE+DWT","T5","54",0.471,54
"579","1223","CHE+DWT","T5","60",0.509,60
"580","1223","CHE+DWT","T5","67",0.688,67
"581","1224","CHE+DWT","T5","11",0.247,11
"582","1224","CHE+DWT","T5","18",0.232,18
"583","1224","CHE+DWT","T5","24",0.177,24
"584","1225","CHE+DWT","T5","11",0.278,11
"585","1225","CHE+DWT","T5","18",0.305,18
"586","1225","CHE+DWT","T5","24",0.238,24
"587","1225","CHE+DWT","T5","38",0.392,38
"588","1225","CHE+DWT","T5","46",0.488,46
"589","1225","CHE+DWT","T5","54",0.577,54
"590","1225","CHE+DWT","T5","60",0.572,60
"591","1225","CHE+DWT","T5","67",0.758,67
"592","1228","CHE+DWT","T5","11",0.212,11
"593","1228","CHE+DWT","T5","18",0.235,18
"594","1228","CHE+DWT","T5","24",0.159,24
"595","1229","CHE+DWT","T5","11",0.252,11
"596","1229","CHE+DWT","T5","18",0.277,18
"597","1229","CHE+DWT","T5","24",0.199,24
"598","1229","CHE+DWT","T5","38",0.411,38
"599","1229","CHE+DWT","T5","46",0.561,46
"600","1229","CHE+DWT","T5","54",0.715,54
"601","1229","CHE+DWT","T5","60",0.955,60
"602","1229","CHE+DWT","T5","67",1.078,67
"603","1231","CHE+DWT","T5","11",0.365,11
"604","1231","CHE+DWT","T5","18",0.306,18
"605","1231","CHE+DWT","T5","24",0.307,24
"606","1231","CHE+DWT","T5","38",0.461,38
"607","1231","CHE+DWT","T5","46",0.535,46
"608","1231","CHE+DWT","T5","54",0.953,54
"609","1231","CHE+DWT","T5","60",1.036,60
"610","1231","CHE+DWT","T5","67",1.035,67
"611","1232","CHE+DWT","T5","11",0.311,11
"612","1232","CHE+DWT","T5","18",0.204,18
"613","1232","CHE+DWT","T5","24",0.18,24
"614","1232","CHE+DWT","T5","38",0.195,38
"615","1232","CHE+DWT","T5","46",0.2,46
"616","1232","CHE+DWT","T5","54",0.216,54
"617","1232","CHE+DWT","T5","60",0.212,60
"618","1232","CHE+DWT","T5","67",0.258,67
"619","1233","CHE+DWT","T5","11",0.39,11
"620","1233","CHE+DWT","T5","18",0.369,18
"621","1233","CHE+DWT","T5","24",0.454,24
"622","1233","CHE+DWT","T5","38",0.29,38
"623","1233","CHE+DWT","T5","46",0.531,46
"624","1233","CHE+DWT","T5","54",0.607,54
"625","1233","CHE+DWT","T5","60",0.668,60
"626","1233","CHE+DWT","T5","67",0.719,67
"627","1234","CHE+DWT","T5","11",0.296,11
"628","1234","CHE+DWT","T5","18",0.233,18
"629","1234","CHE+DWT","T5","24",0.198,24
"630","1234","CHE+DWT","T5","38",0.22,38
"631","1234","CHE+DWT","T5","46",0.295,46
"632","1234","CHE+DWT","T5","54",0.403,54
"633","1234","CHE+DWT","T5","60",0.404,60
"634","1234","CHE+DWT","T5","67",0.443,67
"635","1237","CHE+DWT","T5","11",0.212,11
"636","1237","CHE+DWT","T5","18",0.245,18
"637","1237","CHE+DWT","T5","24",0.243,24
"638","1237","CHE+DWT","T5","38",0.349,38
"639","1237","CHE+DWT","T5","46",0.461,46
"640","1237","CHE+DWT","T5","54",0.572,54
"641","1237","CHE+DWT","T5","60",0.564,60
"642","1237","CHE+DWT","T5","67",0.876,67
"643","1239","CHE+DWT","T5","11",0.353,11
"644","1239","CHE+DWT","T5","18",0.368,18
"645","1239","CHE+DWT","T5","24",0.367,24
"646","1240","CHE+DWT","T5","11",0.286,11
"647","1240","CHE+DWT","T5","18",0.324,18
"648","1240","CHE+DWT","T5","24",0.288,24
"649","1240","CHE+DWT","T5","38",0.386,38
"650","1240","CHE+DWT","T5","46",0.474,46
"651","1240","CHE+DWT","T5","54",0.532,54
"652","1240","CHE+DWT","T5","60",0.76,60
"653","1240","CHE+DWT","T5","67",0.971,67
"654","1241","CHE+DWT","T5","11",0.386,11
"655","1241","CHE+DWT","T5","18",0.455,18
"656","1241","CHE+DWT","T5","24",0.309,24
"657","1242","CHE+DWT","T5","11",0.265,11
"658","1242","CHE+DWT","T5","18",0.325,18
"659","1242","CHE+DWT","T5","24",0.389,24
"660","1242","CHE+DWT","T5","38",0.358,38
"661","1242","CHE+DWT","T5","46",0.481,46
"662","1242","CHE+DWT","T5","54",0.579,54
"663","1242","CHE+DWT","T5","60",0.763,60
"664","1242","CHE+DWT","T5","67",0.821,67
"665","1245","CHE+DWT","T5","11",0.26,11
"666","1245","CHE+DWT","T5","18",0.303,18
"667","1245","CHE+DWT","T5","24",0.278,24
"668","1245","CHE+DWT","T5","38",0.226,38
"669","1245","CHE+DWT","T5","46",0.34,46
"670","1245","CHE+DWT","T5","54",0.485,54
"671","1245","CHE+DWT","T5","60",0.522,60
"672","1245","CHE+DWT","T5","67",0.567,67
"673","1246","CHE+DWT","T5","11",0.27,11
"674","1246","CHE+DWT","T5","18",0.297,18
"675","1246","CHE+DWT","T5","24",0.222,24
"676","1246","CHE+DWT","T5","38",0.331,38
"677","1246","CHE+DWT","T5","46",0.505,46
"678","1246","CHE+DWT","T5","54",0.634,54
"679","1246","CHE+DWT","T5","60",0.663,60
"680","1246","CHE+DWT","T5","67",0.681,67
"681","1250","CHE+DWT","T5","11",0.144,11
"682","1250","CHE+DWT","T5","18",0.174,18
"683","1250","CHE+DWT","T5","24",0.173,24
"684","1250","CHE+DWT","T5","38",0.121,38
"685","1250","CHE+DWT","T5","46",0.143,46
"686","1250","CHE+DWT","T5","54",0.15,54
"687","1250","CHE+DWT","T5","60",0.186,60
"688","1250","CHE+DWT","T5","67",0.178,67
"689","1251","CHE+DWT","T5","11",0.21,11
"690","1251","CHE+DWT","T5","18",0.221,18
"691","1251","CHE+DWT","T5","24",0.256,24
"692","1251","CHE+DWT","T5","38",0.285,38
"693","1251","CHE+DWT","T5","46",0.377,46
"694","1251","CHE+DWT","T5","54",0.507,54
"695","1251","CHE+DWT","T5","60",0.65,60
"696","1251","CHE+DWT","T5","67",0.667,67
"697","1252","CHE+DWT","T5","11",0.259,11
"698","1252","CHE+DWT","T5","18",0.264,18
"699","1252","CHE+DWT","T5","24",0.372,24
"700","1252","CHE+DWT","T5","38",0.347,38
"701","1252","CHE+DWT","T5","46",0.477,46
"702","1252","CHE+DWT","T5","54",0.584,54
"703","1252","CHE+DWT","T5","60",0.75,60
"704","1252","CHE+DWT","T5","67",0.89,67
"705","1254","CHE+DWT","T5","11",0.262,11
"706","1254","CHE+DWT","T5","18",0.323,18
"707","1254","CHE+DWT","T5","24",0.298,24
"708","1254","CHE+DWT","T5","38",0.343,38
"709","1254","CHE+DWT","T5","46",0.51,46
"710","1254","CHE+DWT","T5","54",0.675,54
"711","1254","CHE+DWT","T5","60",0.687,60
"712","1254","CHE+DWT","T5","67",0.882,67
"713","1256","CHE+DWT","T5","11",0.12,11
"714","1256","CHE+DWT","T5","18",0.122,18
"715","1257","CHE+DWT","T5","11",0.248,11
"716","1257","CHE+DWT","T5","18",0.177,18
"717","1257","CHE+DWT","T5","24",0.085,24
"718","1261","CHE+DWT","T5","11",0.31,11
"719","1261","CHE+DWT","T5","18",0.341,18
"720","1261","CHE+DWT","T5","24",0.255,24
"721","1261","CHE+DWT","T5","38",0.542,38
"722","1261","CHE+DWT","T5","46",0.843,46
"723","1261","CHE+DWT","T5","54",1.606,54
"724","1261","CHE+DWT","T5","60",1.737,60
"725","1261","CHE+DWT","T5","67",2.089,67
"726","1263","CHE+DWT","T5","11",0.178,11
"727","1263","CHE+DWT","T5","18",0.278,18
"728","1263","CHE+DWT","T5","24",0.301,24
"729","1263","CHE+DWT","T5","38",0.224,38
"730","1263","CHE+DWT","T5","46",0.261,46
"731","1263","CHE+DWT","T5","54",0.428,54
"732","1263","CHE+DWT","T5","60",0.646,60
"733","1263","CHE+DWT","T5","67",0.767,67
"734","1264","CHE+DWT","T5","11",0.242,11
"735","1264","CHE+DWT","T5","18",0.339,18
"736","1264","CHE+DWT","T5","24",0.369,24
"737","1266","CHE+DWT","T5","11",0.192,11
"738","1266","CHE+DWT","T5","18",0.241,18
"739","1266","CHE+DWT","T5","24",0.233,24
"740","1266","CHE+DWT","T5","38",0.153,38
"741","1266","CHE+DWT","T5","46",0.168,46
"742","1266","CHE+DWT","T5","54",0.271,54
"743","1266","CHE+DWT","T5","60",0.275,60
"744","1266","CHE+DWT","T5","67",0.308,67
"745","1269","CHE+DWT","T5","11",0.309,11
"746","1269","CHE+DWT","T5","18",0.301,18
"747","1269","CHE+DWT","T5","38",0.374,38
"748","1269","CHE+DWT","T5","54",0.798,54
"749","1270","CHE+DWT","T5","11",0.214,11
"750","1270","CHE+DWT","T5","18",0.246,18
"751","1270","CHE+DWT","T5","24",0.219,24
"752","1270","CHE+DWT","T5","38",0.22,38
"753","1270","CHE+DWT","T5","46",0.307,46
"754","1270","CHE+DWT","T5","54",0.359,54
"755","1270","CHE+DWT","T5","60",0.501,60
"756","1270","CHE+DWT","T5","67",0.31,67
"757","1271","CHE+DWT","T5","11",0.047,11
"758","1271","CHE+DWT","T5","18",0.162,18
"759","1271","CHE+DWT","T5","24",0.028,24
"760","1272","CHE+DWT","T5","11",0.215,11
"761","1272","CHE+DWT","T5","18",0.237,18
"762","1272","CHE+DWT","T5","24",0.197,24
"763","1272","CHE+DWT","T5","38",0.251,38
"764","1272","CHE+DWT","T5","46",0.396,46
"765","1272","CHE+DWT","T5","54",0.643,54
"766","1272","CHE+DWT","T5","60",0.86,60
"767","1272","CHE+DWT","T5","67",0.857,67
"768","1275","CHE+DWT","T5","11",0.415,11
"769","1275","CHE+DWT","T5","18",0.227,18
"770","1275","CHE+DWT","T5","24",0.222,24
"771","1276","CHE+DWT","T5","11",0.086,11
"772","1276","CHE+DWT","T5","18",0.076,18
"773","1277","CHE+DWT","T5","11",0.242,11
"774","1277","CHE+DWT","T5","18",0.107,18
"775","1278","CHE+DWT","T5","11",0.116,11
"776","1279","CHE+DWT","T5","11",0.292,11
"777","1280","CHE+DWT","T5","11",0.185,11
"778","1282","CHE+DWT","T5","11",0.234,11
"779","1283","CHE+DWT","T5","11",0.336,11
"780","1284","CHE+DWT","T5","11",0.245,11
"781","1285","CHE+DWT","T5","11",0.098,11
"782","1286","CHE+DWT","T5","11",0.162,11
"783","1287","CHE+DWT","T5","11",0.265,11
"784","1288","CHE+DWT","T5","11",0.303,11
"785","1289","CHE+DWT","T5","11",0.367,11
"786","1291","CHE+DWT","T5","11",0.257,11
"787","1293","CHE+DWT","T5","11",0.037,11
"788","1294","CHE+DWT","T5","11",0.312,11
"789","1296","CHE+DWT","T5","11",0.097,11
"790","1298","CHE+DWT","T5","11",0.194,11
"791","1299","CHE+DWT","T5","11",0.185,11
"792","1300","CHE+DWT","T5","11",0.327,11
"793","1301","CHE+DWT","T5","11",0.284,11
"794","1302","CHE+DWT","T5","11",0.184,11
"795","1302","CHE+DWT","T5","24",0.185,24
"796","1303","CHE+DWT","T5","11",0.317,11
"797","1303","CHE+DWT","T5","24",0.269,24
"798","1303","CHE+DWT","T5","38",0.433,38
"799","1303","CHE+DWT","T5","46",0.609,46
"800","1303","CHE+DWT","T5","54",0.944,54
"801","1303","CHE+DWT","T5","60",1.029,60
"802","1303","CHE+DWT","T5","67",1.408,67
"803","1304","CHE+DWT","T5","11",0.252,11
"804","1305","CHE+DWT","T5","11",0.253,11
"805","1305","CHE+DWT","T5","18",0.229,18
"806","1305","CHE+DWT","T5","24",0.194,24
"807","1306","CHE+DWT","T5","24",0.28,24
"808","1307","CHE","T7","11",0.049,11
"809","1307","CHE","T7","18",0.097,18
"810","1307","CHE","T7","24",0.072,24
"811","1308","CHE","T7","11",0.187,11
"812","1308","CHE","T7","18",0.207,18
"813","1309","CHE","T7","11",0.078,11
"814","1309","CHE","T7","18",0.156,18
"815","1309","CHE","T7","24",0.124,24
"816","1309","CHE","T7","38",0.322,38
"817","1309","CHE","T7","46",0.547,46
"818","1309","CHE","T7","54",0.951,54
"819","1309","CHE","T7","60",0.83,60
"820","1309","CHE","T7","67",0.808,67
"821","1310","CHE","T7","11",0.16,11
"822","1310","CHE","T7","18",0.286,18
"823","1310","CHE","T7","24",0.341,24
"824","1310","CHE","T7","38",0.677,38
"825","1310","CHE","T7","46",1.376,46
"826","1310","CHE","T7","54",1.722,54
"827","1310","CHE","T7","60",2.253,60
"828","1310","CHE","T7","67",2.29,67
"829","1311","CHE","T7","11",0.226,11
"830","1311","CHE","T7","18",0.297,18
"831","1311","CHE","T7","24",0.327,24
"832","1311","CHE","T7","38",0.584,38
"833","1311","CHE","T7","46",1.362,46
"834","1311","CHE","T7","54",1.598,54
"835","1311","CHE","T7","60",1.975,60
"836","1311","CHE","T7","67",1.692,67
"837","1316","CHE","T7","11",0.098,11
"838","1316","CHE","T7","18",0.146,18
"839","1316","CHE","T7","24",0.16,24
"840","1316","CHE","T7","38",0.261,38
"841","1316","CHE","T7","46",0.525,46
"842","1316","CHE","T7","54",0.596,54
"843","1316","CHE","T7","60",0.674,60
"844","1316","CHE","T7","67",0.776,67
"845","1317","CHE","T7","11",0.12,11
"846","1317","CHE","T7","18",0.122,18
"847","1318","CHE","T7","11",0.199,11
"848","1318","CHE","T7","18",0.2,18
"849","1318","CHE","T7","24",0.261,24
"850","1318","CHE","T7","38",0.473,38
"851","1318","CHE","T7","46",0.852,46
"852","1318","CHE","T7","54",0.756,54
"853","1318","CHE","T7","60",1.436,60
"854","1318","CHE","T7","67",1.755,67
"855","1319","CHE","T7","11",0.069,11
"856","1319","CHE","T7","18",0.066,18
"857","1319","CHE","T7","24",0.091,24
"858","1319","CHE","T7","38",0.05,38
"859","1319","CHE","T7","46",0.089,46
"860","1320","CHE","T7","11",0.102,11
"861","1320","CHE","T7","18",0.114,18
"862","1320","CHE","T7","24",0.168,24
"863","1320","CHE","T7","38",0.228,38
"864","1320","CHE","T7","46",0.397,46
"865","1320","CHE","T7","54",0.525,54
"866","1320","CHE","T7","60",0.453,60
"867","1320","CHE","T7","67",0.452,67
"868","1321","CHE","T7","11",0.074,11
"869","1321","CHE","T7","18",0.039,18
"870","1322","CHE","T7","11",0.101,11
"871","1322","CHE","T7","18",0.192,18
"872","1322","CHE","T7","24",0.295,24
"873","1322","CHE","T7","38",0.48,38
"874","1322","CHE","T7","46",0.916,46
"875","1322","CHE","T7","54",1.391,54
"876","1322","CHE","T7","60",1.559,60
"877","1322","CHE","T7","67",1.572,67
"878","1325","CHE","T7","11",0.121,11
"879","1325","CHE","T7","18",0.311,18
"880","1325","CHE","T7","24",0.213,24
"881","1326","CHE","T7","11",0.354,11
"882","1326","CHE","T7","18",0.408,18
"883","1326","CHE","T7","24",0.356,24
"884","1326","CHE","T7","38",0.367,38
"885","1326","CHE","T7","46",0.618,46
"886","1326","CHE","T7","54",0.652,54
"887","1326","CHE","T7","60",0.738,60
"888","1326","CHE","T7","67",1.02,67
"889","1327","CHE","T7","11",0.203,11
"890","1327","CHE","T7","18",0.274,18
"891","1327","CHE","T7","24",0.298,24
"892","1327","CHE","T7","38",0.463,38
"893","1327","CHE","T7","46",0.487,46
"894","1327","CHE","T7","54",0.522,54
"895","1327","CHE","T7","60",0.658,60
"896","1327","CHE","T7","67",0.845,67
"897","1328","CHE","T7","11",0.143,11
"898","1328","CHE","T7","18",0.226,18
"899","1328","CHE","T7","24",0.26,24
"900","1329","CHE","T7","11",0.075,11
"901","1329","CHE","T7","18",0.118,18
"902","1331","CHE","T7","11",0.173,11
"903","1331","CHE","T7","18",0.222,18
"904","1331","CHE","T7","24",0.224,24
"905","1331","CHE","T7","38",0.414,38
"906","1331","CHE","T7","46",1.085,46
"907","1331","CHE","T7","54",1.388,54
"908","1331","CHE","T7","60",1.648,60
"909","1331","CHE","T7","67",2.146,67
"910","1332","CHE","T7","11",0.24,11
"911","1332","CHE","T7","18",0.227,18
"912","1332","CHE","T7","24",0.199,24
"913","1333","CHE","T7","11",0.246,11
"914","1333","CHE","T7","18",0.297,18
"915","1333","CHE","T7","38",0.735,38
"916","1333","CHE","T7","46",1.394,46
"917","1333","CHE","T7","54",1.442,54
"918","1333","CHE","T7","60",1.672,60
"919","1333","CHE","T7","67",2.533,67
"920","1334","CHE","T7","11",0.214,11
"921","1334","CHE","T7","18",0.326,18
"922","1334","CHE","T7","24",0.311,24
"923","1334","CHE","T7","38",0.474,38
"924","1334","CHE","T7","46",0.815,46
"925","1334","CHE","T7","54",1.209,54
"926","1334","CHE","T7","60",1.28,60
"927","1334","CHE","T7","67",1.193,67
"928","1335","CHE","T7","11",0.103,11
"929","1335","CHE","T7","18",0.061,18
"930","1336","CHE","T7","11",0.168,11
"931","1336","CHE","T7","18",0.208,18
"932","1337","CHE","T7","11",0.074,11
"933","1337","CHE","T7","18",0.131,18
"934","1337","CHE","T7","24",0.139,24
"935","1337","CHE","T7","38",0.229,38
"936","1337","CHE","T7","46",0.582,46
"937","1337","CHE","T7","54",0.459,54
"938","1337","CHE","T7","60",0.367,60
"939","1337","CHE","T7","67",0.473,67
"940","1338","CHE","T7","11",0.211,11
"941","1338","CHE","T7","18",0.311,18
"942","1338","CHE","T7","24",0.286,24
"943","1338","CHE","T7","38",0.605,38
"944","1338","CHE","T7","46",1.169,46
"945","1338","CHE","T7","54",2.045,54
"946","1338","CHE","T7","60",2.278,60
"947","1338","CHE","T7","67",2.326,67
"948","1339","CHE","T7","11",0.032,11
"949","1339","CHE","T7","18",0.029,18
"950","1340","CHE","T7","11",0.139,11
"951","1340","CHE","T7","18",0.185,18
"952","1340","CHE","T7","24",0.203,24
"953","1340","CHE","T7","38",0.204,38
"954","1340","CHE","T7","46",0.217,46
"955","1340","CHE","T7","54",0.168,54
"956","1340","CHE","T7","60",0.146,60
"957","1341","CHE","T7","11",0.228,11
"958","1341","CHE","T7","18",0.363,18
"959","1341","CHE","T7","24",0.332,24
"960","1341","CHE","T7","38",0.38,38
"961","1341","CHE","T7","46",0.776,46
"962","1341","CHE","T7","54",0.62,54
"963","1341","CHE","T7","60",0.531,60
"964","1341","CHE","T7","67",0.547,67
"965","1342","CHE","T7","11",0.099,11
"966","1342","CHE","T7","18",0.138,18
"967","1342","CHE","T7","24",0.124,24
"968","1342","CHE","T7","38",0.265,38
"969","1342","CHE","T7","46",0.527,46
"970","1342","CHE","T7","54",0.383,54
"971","1342","CHE","T7","60",0.311,60
"972","1342","CHE","T7","67",0.285,67
"973","1343","CHE","T7","11",0.137,11
"974","1343","CHE","T7","18",0.125,18
"975","1343","CHE","T7","24",0.207,24
"976","1343","CHE","T7","38",0.096,38
"977","1343","CHE","T7","46",0.252,46
"978","1343","CHE","T7","54",0.224,54
"979","1343","CHE","T7","60",0.28,60
"980","1343","CHE","T7","67",0.358,67
"981","1344","CHE","T7","11",0.127,11
"982","1344","CHE","T7","18",0.2,18
"983","1344","CHE","T7","24",0.274,24
"984","1344","CHE","T7","38",0.428,38
"985","1344","CHE","T7","46",0.72,46
"986","1344","CHE","T7","54",0.948,54
"987","1344","CHE","T7","60",0.985,60
"988","1344","CHE","T7","67",0.983,67
"989","1345","CHE","T7","11",0.113,11
"990","1345","CHE","T7","18",0.12,18
"991","1345","CHE","T7","24",0.097,24
"992","1345","CHE","T7","38",0.161,38
"993","1345","CHE","T7","46",0.36,46
"994","1345","CHE","T7","54",0.523,54
"995","1345","CHE","T7","60",0.347,60
"996","1345","CHE","T7","67",0.543,67
"997","1346","CHE","T7","11",0.088,11
"998","1346","CHE","T7","18",0.144,18
"999","1346","CHE","T7","24",0.115,24
"1000","1346","CHE","T7","38",0.202,38
"1001","1346","CHE","T7","46",0.362,46
"1002","1346","CHE","T7","54",0.419,54
"1003","1347","CHE","T7","11",0.179,11
"1004","1347","CHE","T7","18",0.157,18
"1005","1347","CHE","T7","24",0.192,24
"1006","1347","CHE","T7","38",0.312,38
"1007","1347","CHE","T7","46",0.64,46
"1008","1347","CHE","T7","54",0.282,54
"1009","1347","CHE","T7","60",0.266,60
"1010","1347","CHE","T7","67",0.429,67
"1011","1348","CHE","T7","11",0.155,11
"1012","1348","CHE","T7","18",0.175,18
"1013","1348","CHE","T7","24",0.226,24
"1014","1348","CHE","T7","38",0.416,38
"1015","1348","CHE","T7","46",0.804,46
"1016","1348","CHE","T7","54",0.974,54
"1017","1348","CHE","T7","60",0.975,60
"1018","1348","CHE","T7","67",0.82,67
"1019","1349","CHE","T7","11",0.13,11
"1020","1349","CHE","T7","18",0.18,18
"1021","1349","CHE","T7","24",0.168,24
"1022","1349","CHE","T7","38",0.289,38
"1023","1349","CHE","T7","46",1.045,46
"1024","1349","CHE","T7","54",0.971,54
"1025","1349","CHE","T7","60",0.991,60
"1026","1349","CHE","T7","67",0.75,67
"1027","1350","CHE","T7","11",0.144,11
"1028","1350","CHE","T7","18",0.104,18
"1029","1350","CHE","T7","24",0.057,24
"1030","1350","CHE","T7","38",0.066,38
"1031","1350","CHE","T7","46",0.086,46
"1032","1350","CHE","T7","54",0.1,54
"1033","1350","CHE","T7","60",0.133,60
"1034","1350","CHE","T7","67",0.165,67
"1035","1351","CHE","T7","11",0.093,11
"1036","1351","CHE","T7","18",0.142,18
"1037","1351","CHE","T7","24",0.102,24
"1038","1351","CHE","T7","38",0.203,38
"1039","1351","CHE","T7","46",0.25,46
"1040","1351","CHE","T7","54",0.282,54
"1041","1351","CHE","T7","60",0.257,60
"1042","1351","CHE","T7","67",0.285,67
"1043","1352","CHE","T7","11",0.172,11
"1044","1353","CHE","T7","11",0.118,11
"1045","1354","CHE","T7","11",0.119,11
"1046","1424","CWT+DHE","T11","11",0.294,11
"1047","1424","CWT+DHE","T11","18",0.28,18
"1048","1424","CWT+DHE","T11","24",0.248,24
"1049","1424","CWT+DHE","T11","38",0.389,38
"1050","1424","CWT+DHE","T11","46",0.603,46
"1051","1424","CWT+DHE","T11","54",0.641,54
"1052","1424","CWT+DHE","T11","60",0.554,60
"1053","1424","CWT+DHE","T11","67",0.983,67
"1054","1425","CWT+DHE","T11","11",0.301,11
"1055","1425","CWT+DHE","T11","18",0.226,18
"1056","1425","CWT+DHE","T11","24",0.237,24
"1057","1425","CWT+DHE","T11","38",0.442,38
"1058","1425","CWT+DHE","T11","46",0.742,46
"1059","1425","CWT+DHE","T11","54",1.083,54
"1060","1425","CWT+DHE","T11","60",1.189,60
"1061","1425","CWT+DHE","T11","67",1.29,67
"1062","1426","CWT+DHE","T11","11",0.281,11
"1063","1426","CWT+DHE","T11","18",0.291,18
"1064","1426","CWT+DHE","T11","24",0.31,24
"1065","1426","CWT+DHE","T11","38",0.523,38
"1066","1426","CWT+DHE","T11","46",0.919,46
"1067","1426","CWT+DHE","T11","54",1.215,54
"1068","1426","CWT+DHE","T11","60",1.75,60
"1069","1426","CWT+DHE","T11","67",1.512,67
"1070","1427","CWT+DHE","T11","11",0.21,11
"1071","1427","CWT+DHE","T11","18",0.217,18
"1072","1427","CWT+DHE","T11","24",0.274,24
"1073","1427","CWT+DHE","T11","38",0.52,38
"1074","1427","CWT+DHE","T11","46",0.805,46
"1075","1427","CWT+DHE","T11","54",1.054,54
"1076","1427","CWT+DHE","T11","60",2.056,60
"1077","1427","CWT+DHE","T11","67",1.863,67
"1078","1428","CWT+DHE","T11","11",0.33,11
"1079","1428","CWT+DHE","T11","18",0.29,18
"1080","1428","CWT+DHE","T11","54",2.155,54
"1081","1428","CWT+DHE","T11","60",2.338,60
"1082","1429","CWT+DHE","T11","11",0.209,11
"1083","1429","CWT+DHE","T11","18",0.194,18
"1084","1429","CWT+DHE","T11","24",0.207,24
"1085","1429","CWT+DHE","T11","38",0.237,38
"1086","1429","CWT+DHE","T11","46",0.597,46
"1087","1429","CWT+DHE","T11","54",0.544,54
"1088","1429","CWT+DHE","T11","60",0.842,60
"1089","1429","CWT+DHE","T11","67",0.815,67
"1090","1430","CWT+DHE","T11","11",0.267,11
"1091","1430","CWT+DHE","T11","18",0.284,18
"1092","1430","CWT+DHE","T11","24",0.313,24
"1093","1430","CWT+DHE","T11","38",0.496,38
"1094","1430","CWT+DHE","T11","46",0.725,46
"1095","1430","CWT+DHE","T11","54",0.71,54
"1096","1430","CWT+DHE","T11","60",1.021,60
"1097","1430","CWT+DHE","T11","67",1.286,67
"1098","1431","CWT+DHE","T11","11",0.266,11
"1099","1431","CWT+DHE","T11","18",0.236,18
"1100","1431","CWT+DHE","T11","24",0.275,24
"1101","1431","CWT+DHE","T11","38",0.323,38
"1102","1431","CWT+DHE","T11","46",0.516,46
"1103","1431","CWT+DHE","T11","54",0.687,54
"1104","1431","CWT+DHE","T11","60",1.042,60
"1105","1431","CWT+DHE","T11","67",0.878,67
"1106","1432","CWT+DHE","T11","11",0.224,11
"1107","1432","CWT+DHE","T11","18",0.1,18
"1108","1432","CWT+DHE","T11","24",0.096,24
"1109","1432","CWT+DHE","T11","38",0.159,38
"1110","1432","CWT+DHE","T11","46",0.251,46
"1111","1432","CWT+DHE","T11","54",0.29,54
"1112","1432","CWT+DHE","T11","60",0.319,60
"1113","1432","CWT+DHE","T11","67",0.459,67
"1114","1434","CWT+DHE","T11","11",0.276,11
"1115","1434","CWT+DHE","T11","18",0.287,18
"1116","1434","CWT+DHE","T11","24",0.325,24
"1117","1434","CWT+DHE","T11","38",0.638,38
"1118","1434","CWT+DHE","T11","46",0.706,46
"1119","1434","CWT+DHE","T11","54",1.204,54
"1120","1434","CWT+DHE","T11","60",1.396,60
"1121","1434","CWT+DHE","T11","67",1.471,67
"1122","1435","CWT+DHE","T11","11",0.32,11
"1123","1435","CWT+DHE","T11","18",0.346,18
"1124","1435","CWT+DHE","T11","24",0.434,24
"1125","1435","CWT+DHE","T11","38",0.717,38
"1126","1435","CWT+DHE","T11","46",1.246,46
"1127","1435","CWT+DHE","T11","54",1.464,54
"1128","1435","CWT+DHE","T11","60",2.051,60
"1129","1435","CWT+DHE","T11","67",2.225,67
"1130","1436","CWT+DHE","T11","11",0.193,11
"1131","1436","CWT+DHE","T11","18",0.187,18
"1132","1436","CWT+DHE","T11","24",0.224,24
"1133","1436","CWT+DHE","T11","38",0.34,38
"1134","1436","CWT+DHE","T11","46",0.641,46
"1135","1436","CWT+DHE","T11","54",0.902,54
"1136","1436","CWT+DHE","T11","60",0.809,60
"1137","1436","CWT+DHE","T11","67",0.811,67
"1138","1437","CWT+DHE","T11","11",0.277,11
"1139","1437","CWT+DHE","T11","18",0.232,18
"1140","1437","CWT+DHE","T11","24",0.259,24
"1141","1437","CWT+DHE","T11","38",0.527,38
"1142","1437","CWT+DHE","T11","46",1.063,46
"1143","1437","CWT+DHE","T11","54",1.342,54
"1144","1437","CWT+DHE","T11","60",1.483,60
"1145","1437","CWT+DHE","T11","67",1.577,67
"1146","1441","CWT+DHE","T11","11",0.263,11
"1147","1441","CWT+DHE","T11","18",0.229,18
"1148","1441","CWT+DHE","T11","24",0.357,24
"1149","1441","CWT+DHE","T11","38",0.709,38
"1150","1441","CWT+DHE","T11","46",2.154,46
"1151","1441","CWT+DHE","T11","54",3.143,54
"1152","1441","CWT+DHE","T11","60",3.303,60
"1153","1441","CWT+DHE","T11","67",3.032,67
"1154","1442","CWT+DHE","T11","11",0.258,11
"1155","1442","CWT+DHE","T11","18",0.267,18
"1156","1442","CWT+DHE","T11","24",0.389,24
"1157","1442","CWT+DHE","T11","38",1.146,38
"1158","1442","CWT+DHE","T11","46",1.94,46
"1159","1442","CWT+DHE","T11","54",2.63,54
"1160","1442","CWT+DHE","T11","60",3.144,60
"1161","1442","CWT+DHE","T11","67",3.213,67
"1162","1443","CWT+DHE","T11","11",0.103,11
"1163","1443","CWT+DHE","T11","18",0.149,18
"1164","1443","CWT+DHE","T11","24",0.161,24
"1165","1443","CWT+DHE","T11","38",0.246,38
"1166","1443","CWT+DHE","T11","46",0.612,46
"1167","1443","CWT+DHE","T11","54",0.799,54
"1168","1443","CWT+DHE","T11","60",0.879,60
"1169","1443","CWT+DHE","T11","67",0.924,67
"1170","1444","CWT+DHE","T11","11",0.077,11
"1171","1444","CWT+DHE","T11","18",0.141,18
"1172","1444","CWT+DHE","T11","24",0.159,24
"1173","1444","CWT+DHE","T11","38",0.288,38
"1174","1444","CWT+DHE","T11","46",0.441,46
"1175","1444","CWT+DHE","T11","54",0.622,54
"1176","1445","CWT+DHE","T11","11",0.283,11
"1177","1445","CWT+DHE","T11","18",0.352,18
"1178","1445","CWT+DHE","T11","24",0.344,24
"1179","1445","CWT+DHE","T11","38",0.539,38
"1180","1445","CWT+DHE","T11","46",0.86,46
"1181","1445","CWT+DHE","T11","54",1.503,54
"1182","1445","CWT+DHE","T11","60",1.134,60
"1183","1445","CWT+DHE","T11","67",1.217,67
"1184","1446","CWT+DHE","T11","11",0.284,11
"1185","1446","CWT+DHE","T11","18",0.295,18
"1186","1446","CWT+DHE","T11","24",0.353,24
"1187","1446","CWT+DHE","T11","38",0.58,38
"1188","1446","CWT+DHE","T11","46",0.803,46
"1189","1446","CWT+DHE","T11","54",0.98,54
"1190","1446","CWT+DHE","T11","60",1.577,60
"1191","1446","CWT+DHE","T11","67",1.805,67
"1192","1447","CWT+DHE","T11","11",0.266,11
"1193","1447","CWT+DHE","T11","18",0.329,18
"1194","1447","CWT+DHE","T11","24",0.443,24
"1195","1447","CWT+DHE","T11","38",0.72,38
"1196","1447","CWT+DHE","T11","46",1.753,46
"1197","1447","CWT+DHE","T11","54",2.694,54
"1198","1447","CWT+DHE","T11","60",3.169,60
"1199","1447","CWT+DHE","T11","67",3.148,67
"1200","1449","CWT+DHE","T11","11",0.248,11
"1201","1449","CWT+DHE","T11","18",0.285,18
"1202","1449","CWT+DHE","T11","24",0.24,24
"1203","1449","CWT+DHE","T11","38",0.56,38
"1204","1449","CWT+DHE","T11","46",0.846,46
"1205","1449","CWT+DHE","T11","54",1.329,54
"1206","1449","CWT+DHE","T11","60",1.608,60
"1207","1449","CWT+DHE","T11","67",1.546,67
"1208","1450","CWT+DHE","T11","11",0.285,11
"1209","1450","CWT+DHE","T11","18",0.219,18
"1210","1450","CWT+DHE","T11","24",0.281,24
"1211","1450","CWT+DHE","T11","38",0.555,38
"1212","1450","CWT+DHE","T11","46",0.733,46
"1213","1450","CWT+DHE","T11","54",0.991,54
"1214","1450","CWT+DHE","T11","60",1.443,60
"1215","1450","CWT+DHE","T11","67",1.792,67
"1216","1451","CWT+DHE","T11","11",0.185,11
"1217","1451","CWT+DHE","T11","18",0.177,18
"1218","1451","CWT+DHE","T11","24",0.181,24
"1219","1451","CWT+DHE","T11","38",0.309,38
"1220","1451","CWT+DHE","T11","46",0.368,46
"1221","1451","CWT+DHE","T11","54",0.416,54
"1222","1451","CWT+DHE","T11","60",0.426,60
"1223","1451","CWT+DHE","T11","67",0.464,67
"1224","1452","CWT+DHE","T11","11",0.176,11
"1225","1452","CWT+DHE","T11","18",0.135,18
"1226","1452","CWT+DHE","T11","24",0.263,24
"1227","1452","CWT+DHE","T11","38",0.824,38
"1228","1455","CWT+DHE","T11","11",0.255,11
"1229","1455","CWT+DHE","T11","18",0.231,18
"1230","1455","CWT+DHE","T11","24",0.265,24
"1231","1455","CWT+DHE","T11","38",0.606,38
"1232","1455","CWT+DHE","T11","46",1.194,46
"1233","1455","CWT+DHE","T11","54",0.954,54
"1234","1455","CWT+DHE","T11","60",1.099,60
"1235","1455","CWT+DHE","T11","67",1.259,67
"1236","1456","CWT+DHE","T11","11",0.034,11
"1237","1456","CWT+DHE","T11","18",0.068,18
"1238","1456","CWT+DHE","T11","24",0.07,24
"1239","1456","CWT+DHE","T11","38",0.072,38
"1240","1459","CWT+DHE","T11","11",0.07,11
"1241","1459","CWT+DHE","T11","18",0.103,18
"1242","1459","CWT+DHE","T11","24",0.131,24
"1243","1459","CWT+DHE","T11","38",0.189,38
"1244","1459","CWT+DHE","T11","46",0.282,46
"1245","1459","CWT+DHE","T11","54",0.341,54
"1246","1459","CWT+DHE","T11","60",0.37,60
"1247","1459","CWT+DHE","T11","67",0.469,67
"1248","1460","CWT+DHE","T11","11",0.186,11
"1249","1460","CWT+DHE","T11","18",0.089,18
"1250","1460","CWT+DHE","T11","24",0.152,24
"1251","1460","CWT+DHE","T11","38",0.142,38
"1252","1461","CWT+DHE","T11","11",0.034,11
"1253","1461","CWT+DHE","T11","18",0.09,18
"1254","1465","CWT+DHE","T11","11",0.065,11
"1255","1465","CWT+DHE","T11","18",0.077,18
"1256","1465","CWT+DHE","T11","24",0.14,24
"1257","1465","CWT+DHE","T11","38",0.155,38
"1258","1465","CWT+DHE","T11","46",0.175,46
"1259","1465","CWT+DHE","T11","54",0.161,54
"1260","1465","CWT+DHE","T11","60",0.204,60
"1261","1465","CWT+DHE","T11","67",0.22,67
"1262","1466","CWT+DHE","T11","11",0.187,11
"1263","1466","CWT+DHE","T11","18",0.183,18
"1264","1466","CWT+DHE","T11","24",0.237,24
"1265","1466","CWT+DHE","T11","38",0.46,38
"1266","1468","CWT+DHE","T11","11",0.15,11
"1267","1468","CWT+DHE","T11","18",0.193,18
"1268","1468","CWT+DHE","T11","24",0.195,24
"1269","1468","CWT+DHE","T11","38",0.325,38
"1270","1469","CWT+DHE","T11","11",0.278,11
"1271","1469","CWT+DHE","T11","18",0.235,18
"1272","1469","CWT+DHE","T11","24",0.268,24
"1273","1469","CWT+DHE","T11","38",0.353,38
"1274","1470","CWT+DHE","T11","11",0.234,11
"1275","1470","CWT+DHE","T11","18",0.252,18
"1276","1470","CWT+DHE","T11","24",0.198,24
"1277","1470","CWT+DHE","T11","38",0.548,38
"1278","1473","CWT+DHE","T11","11",0.247,11
"1279","1473","CWT+DHE","T11","18",0.214,18
"1280","1473","CWT+DHE","T11","24",0.256,24
"1281","1473","CWT+DHE","T11","38",0.671,38
"1282","1474","CWT+DHE","T11","11",0.236,11
"1283","1474","CWT+DHE","T11","18",0.235,18
"1284","1474","CWT+DHE","T11","24",0.323,24
"1285","1474","CWT+DHE","T11","38",0.472,38
"1286","1475","CWT+DHE","T11","11",0.158,11
"1287","1475","CWT+DHE","T11","18",0.169,18
"1288","1475","CWT+DHE","T11","24",0.23,24
"1289","1475","CWT+DHE","T11","38",1.777,38
"1290","1475","CWT+DHE","T11","46",2.464,46
"1291","1475","CWT+DHE","T11","54",3.408,54
"1292","1475","CWT+DHE","T11","60",3.09,60
"1293","1475","CWT+DHE","T11","67",3.007,67
"1294","1477","CWT+DHE","T11","11",0.257,11
"1295","1477","CWT+DHE","T11","18",0.131,18
"1296","1477","CWT+DHE","T11","24",0.198,24
"1297","1477","CWT+DHE","T11","38",2.075,38
"1298","1479","CWT+DHE","T11","11",0.12,11
"1299","1479","CWT+DHE","T11","18",0.177,18
"1300","1479","CWT+DHE","T11","24",0.178,24
"1301","1479","CWT+DHE","T11","38",0.32,38
"1302","1480","CWT+DHE","T11","11",0.118,11
"1303","1480","CWT+DHE","T11","18",0.128,18
"1304","1480","CWT+DHE","T11","24",0.105,24
"1305","1480","CWT+DHE","T11","38",0.147,38
"1306","1481","CWT+DHE","T11","11",0.061,11
"1307","1481","CWT+DHE","T11","18",0.105,18
"1308","1481","CWT+DHE","T11","24",0.208,24
"1309","1481","CWT+DHE","T11","38",0.316,38
"1310","1482","CWT+DHE","T11","11",0.019,11
"1311","1482","CWT+DHE","T11","18",0.094,18
"1312","1482","CWT+DHE","T11","24",0.167,24
"1313","1482","CWT+DHE","T11","38",0.165,38
"1314","1482","CWT+DHE","T11","46",0.155,46
"1315","1482","CWT+DHE","T11","54",0.152,54
"1316","1482","CWT+DHE","T11","60",0.133,60
"1317","1482","CWT+DHE","T11","67",0.179,67
"1318","1483","CWT+DHE","T11","11",0.16,11
"1319","1483","CWT+DHE","T11","18",0.124,18
"1320","1484","CWT+DHE","T11","11",0.046,11
"1321","1484","CWT+DHE","T11","18",0.146,18
"1322","1484","CWT+DHE","T11","24",0.169,24
"1323","1484","CWT+DHE","T11","38",0.206,38
"1324","1484","CWT+DHE","T11","46",0.192,46
"1325","1484","CWT+DHE","T11","54",0.25,54
"1326","1484","CWT+DHE","T11","60",0.269,60
"1327","1484","CWT+DHE","T11","67",0.296,67
"1328","1486","CWT+DHE","T11","11",0.247,11
"1329","1486","CWT+DHE","T11","18",0.248,18
"1330","1486","CWT+DHE","T11","24",0.351,24
"1331","1486","CWT+DHE","T11","38",0.588,38
"1332","1487","CWT+DHE","T11","11",0.174,11
"1333","1487","CWT+DHE","T11","18",0.132,18
"1334","1487","CWT+DHE","T11","24",0.176,24
"1335","1488","CWT+DHE","T11","11",0.05,11
"1336","1488","CWT+DHE","T11","18",0.132,18
"1337","1488","CWT+DHE","T11","24",0.155,24
"1338","1488","CWT+DHE","T11","38",0.267,38
"1339","1488","CWT+DHE","T11","46",0.082,46
"1340","1489","CWT+DHE","T11","11",0.261,11
"1341","1489","CWT+DHE","T11","18",0.213,18
"1342","1489","CWT+DHE","T11","24",0.317,24
"1343","1489","CWT+DHE","T11","38",0.679,38
"1344","1489","CWT+DHE","T11","46",0.316,46
"1345","1490","CWT+DHE","T11","11",0.051,11
"1346","1490","CWT+DHE","T11","18",0.047,18
"1347","1490","CWT+DHE","T11","24",0.042,24
"1348","1491","CWT+DHE","T11","11",0.226,11
"1349","1491","CWT+DHE","T11","18",0.187,18
"1350","1491","CWT+DHE","T11","24",0.306,24
"1351","1491","CWT+DHE","T11","38",0.492,38
"1352","1492","CWT+DHE","T11","11",0.281,11
"1353","1492","CWT+DHE","T11","18",0.241,18
"1354","1492","CWT+DHE","T11","24",0.212,24
"1355","1492","CWT+DHE","T11","38",0.58,38
"1356","1494","CWT+DHE","T11","11",0.062,11
"1357","1494","CWT+DHE","T11","18",0.061,18
"1358","1494","CWT+DHE","T11","24",0.051,24
"1359","1495","CWT+DHE","T11","11",0.123,11
"1360","1495","CWT+DHE","T11","18",0.107,18
"1361","1495","CWT+DHE","T11","24",0.139,24
"1362","1495","CWT+DHE","T11","38",0.207,38
"1363","1495","CWT+DHE","T11","46",0.285,46
"1364","1495","CWT+DHE","T11","54",0.413,54
"1365","1495","CWT+DHE","T11","60",0.476,60
"1366","1495","CWT+DHE","T11","67",0.423,67
"1367","1496","CWT+DHE","T11","11",0.214,11
"1368","1496","CWT+DHE","T11","18",0.096,18
"1369","1496","CWT+DHE","T11","24",0.162,24
"1370","1496","CWT+DHE","T11","38",0.415,38
"1371","1496","CWT+DHE","T11","46",0.529,46
"1372","1496","CWT+DHE","T11","54",0.601,54
"1373","1496","CWT+DHE","T11","60",0.521,60
"1374","1496","CWT+DHE","T11","67",0.566,67
"1375","1497","CWT+DHE","T11","11",0.211,11
"1376","1497","CWT+DHE","T11","18",0.213,18
"1377","1497","CWT+DHE","T11","24",0.222,24
"1378","1497","CWT+DHE","T11","38",0.31,38
"1379","1497","CWT+DHE","T11","46",0.555,46
"1380","1497","CWT+DHE","T11","54",0.643,54
"1381","1497","CWT+DHE","T11","60",0.684,60
"1382","1497","CWT+DHE","T11","67",0.921,67
"1383","1498","CWT+DHE","T11","11",0.234,11
"1384","1498","CWT+DHE","T11","18",0.203,18
"1385","1498","CWT+DHE","T11","24",0.191,24
"1386","1498","CWT+DHE","T11","38",0.29,38
"1387","1498","CWT+DHE","T11","46",0.371,46
"1388","1498","CWT+DHE","T11","54",0.692,54
"1389","1498","CWT+DHE","T11","60",1.058,60
"1390","1498","CWT+DHE","T11","67",1.007,67
"1391","1499","CWT+DHE","T11","11",0.086,11
"1392","1499","CWT+DHE","T11","18",0.142,18
"1393","1499","CWT+DHE","T11","24",0.206,24
"1394","1499","CWT+DHE","T11","38",0.337,38
"1395","1499","CWT+DHE","T11","46",0.679,46
"1396","1499","CWT+DHE","T11","54",0.964,54
"1397","1499","CWT+DHE","T11","60",1.319,60
"1398","1499","CWT+DHE","T11","67",1.284,67
"1399","1500","CWT+DHE","T11","11",0.22,11
"1400","1500","CWT+DHE","T11","18",0.263,18
"1401","1500","CWT+DHE","T11","24",0.416,24
"1402","1502","CWT+DHE","T11","11",0.106,11
"1403","1502","CWT+DHE","T11","18",0.146,18
"1404","1502","CWT+DHE","T11","24",0.181,24
"1405","1503","CWT+DHE","T11","11",0.096,11
"1406","1503","CWT+DHE","T11","18",0.134,18
"1407","1503","CWT+DHE","T11","24",0.307,24
"1408","1503","CWT+DHE","T11","38",0.197,38
"1409","1503","CWT+DHE","T11","46",0.222,46
"1410","1503","CWT+DHE","T11","54",0.188,54
"1411","1503","CWT+DHE","T11","60",0.183,60
"1412","1503","CWT+DHE","T11","67",0.169,67
"1413","1504","CWT+DHE","T11","11",0.68,11
"1414","1504","CWT+DHE","T11","18",0.592,18
"1415","1504","CWT+DHE","T11","24",0.695,24
"1416","1504","CWT+DHE","T11","38",1.074,38
"1417","1504","CWT+DHE","T11","46",1.565,46
"1418","1504","CWT+DHE","T11","54",2.577,54
"1419","1504","CWT+DHE","T11","60",2.959,60
"1420","1504","CWT+DHE","T11","67",2.9,67
"1421","1506","CWT+DHE","T11","11",0.106,11
"1422","1506","CWT+DHE","T11","18",0.118,18
"1423","1506","CWT+DHE","T11","24",0.181,24
"1424","1506","CWT+DHE","T11","38",0.196,38
"1425","1506","CWT+DHE","T11","46",0.364,46
"1426","1506","CWT+DHE","T11","54",0.526,54
"1427","1506","CWT+DHE","T11","60",0.517,60
"1428","1506","CWT+DHE","T11","67",0.658,67
"1429","1507","CWT+DHE","T11","11",0.105,11
"1430","1507","CWT+DHE","T11","18",0.167,18
"1431","1507","CWT+DHE","T11","24",0.195,24
"1432","1507","CWT+DHE","T11","38",0.34,38
"1433","1507","CWT+DHE","T11","46",0.52,46
"1434","1507","CWT+DHE","T11","54",0.883,54
"1435","1507","CWT+DHE","T11","60",0.763,60
"1436","1507","CWT+DHE","T11","67",0.852,67
"1437","1508","CWT+DHE","T11","11",0.067,11
"1438","1508","CWT+DHE","T11","18",0.069,18
"1439","1508","CWT+DHE","T11","24",0.181,24
"1440","1508","CWT+DHE","T11","38",0.186,38
"1441","1508","CWT+DHE","T11","46",0.306,46
"1442","1508","CWT+DHE","T11","54",0.378,54
"1443","1508","CWT+DHE","T11","60",0.395,60
"1444","1508","CWT+DHE","T11","67",0.459,67
"1445","1509","CWT+DHE","T11","11",0.044,11
"1446","1509","CWT+DHE","T11","18",0.122,18
"1447","1509","CWT+DHE","T11","24",0.091,24
"1448","1510","CWT+DHE","T11","11",0.148,11
"1449","1510","CWT+DHE","T11","18",0.123,18
"1450","1510","CWT+DHE","T11","24",0.163,24
"1451","1510","CWT+DHE","T11","38",0.227,38
"1452","1511","CWT+DHE","T11","11",0.057,11
"1453","1511","CWT+DHE","T11","18",0.107,18
"1454","1511","CWT+DHE","T11","24",0.132,24
"1455","1511","CWT+DHE","T11","38",0.237,38
"1456","1511","CWT+DHE","T11","46",0.302,46
"1457","1511","CWT+DHE","T11","54",0.522,54
"1458","1511","CWT+DHE","T11","60",0.613,60
"1459","1511","CWT+DHE","T11","67",0.639,67
"1460","1513","CWT+DHE","T11","11",0.185,11
"1461","1513","CWT+DHE","T11","18",0.21,18
"1462","1513","CWT+DHE","T11","24",0.264,24
"1463","1513","CWT+DHE","T11","38",0.455,38
"1464","1513","CWT+DHE","T11","46",0.713,46
"1465","1513","CWT+DHE","T11","54",1.089,54
"1466","1513","CWT+DHE","T11","60",1.415,60
"1467","1513","CWT+DHE","T11","67",1.444,67
"1468","1514","CWT+DHE","T11","11",0.077,11
"1469","1514","CWT+DHE","T11","18",0.078,18
"1470","1514","CWT+DHE","T11","24",0.115,24
"1471","1514","CWT+DHE","T11","38",0.167,38
"1472","1515","CWT+DHE","T11","11",0.159,11
"1473","1515","CWT+DHE","T11","18",0.336,18
"1474","1515","CWT+DHE","T11","24",0.305,24
"1475","1515","CWT+DHE","T11","38",0.433,38
"1476","1515","CWT+DHE","T11","46",0.656,46
"1477","1515","CWT+DHE","T11","54",0.955,54
"1478","1515","CWT+DHE","T11","60",0.9,60
"1479","1515","CWT+DHE","T11","67",0.909,67
"1480","1516","CWT+DHE","T11","11",0.035,11
"1481","1516","CWT+DHE","T11","18",0.059,18
"1482","1516","CWT+DHE","T11","24",0.054,24
"1483","1516","CWT+DHE","T11","38",0.079,38
"1484","1516","CWT+DHE","T11","46",0.067,46
"1485","1516","CWT+DHE","T11","54",0.297,54
"1486","1516","CWT+DHE","T11","60",0.271,60
"1487","1516","CWT+DHE","T11","67",0.273,67
"1488","1517","CWT+DHE","T11","11",0.218,11
"1489","1517","CWT+DHE","T11","18",0.268,18
"1490","1517","CWT+DHE","T11","24",0.295,24
"1491","1517","CWT+DHE","T11","38",0.447,38
"1492","1517","CWT+DHE","T11","46",0.763,46
"1493","1517","CWT+DHE","T11","54",0.8,54
"1494","1517","CWT+DHE","T11","60",1.014,60
"1495","1517","CWT+DHE","T11","67",1.236,67
"1496","1518","CWT+DHE","T11","11",0.279,11
"1497","1518","CWT+DHE","T11","18",0.289,18
"1498","1518","CWT+DHE","T11","24",0.434,24
"1499","1518","CWT+DHE","T11","38",0.488,38
"1500","1518","CWT+DHE","T11","46",0.73,46
"1501","1518","CWT+DHE","T11","54",1.82,54
"1502","1518","CWT+DHE","T11","60",1.397,60
"1503","1518","CWT+DHE","T11","67",1.323,67
"1504","1519","CWT+DHE","T11","11",0.141,11
"1505","1519","CWT+DHE","T11","18",0.15,18
"1506","1519","CWT+DHE","T11","24",0.155,24
"1507","1519","CWT+DHE","T11","38",0.23,38
"1508","1519","CWT+DHE","T11","46",0.332,46
"1509","1519","CWT+DHE","T11","54",0.325,54
"1510","1519","CWT+DHE","T11","60",0.372,60
"1511","1519","CWT+DHE","T11","67",0.507,67
"1512","1520","CWT+DHE","T11","11",0.165,11
"1513","1520","CWT+DHE","T11","18",0.222,18
"1514","1520","CWT+DHE","T11","24",0.175,24
"1515","1520","CWT+DHE","T11","38",0.198,38
"1516","1520","CWT+DHE","T11","46",0.229,46
"1517","1520","CWT+DHE","T11","54",0.316,54
"1518","1520","CWT+DHE","T11","60",0.257,60
"1519","1520","CWT+DHE","T11","67",0.311,67
"1520","1521","CWT+DHE","T11","11",0.126,11
"1521","1521","CWT+DHE","T11","18",0.086,18
"1522","1521","CWT+DHE","T11","24",0.248,24
"1523","1521","CWT+DHE","T11","38",0.301,38
"1524","1521","CWT+DHE","T11","46",0.309,46
"1525","1521","CWT+DHE","T11","54",0.394,54
"1526","1521","CWT+DHE","T11","60",0.445,60
"1527","1521","CWT+DHE","T11","67",0.441,67
"1528","1522","CWT+DHE","T11","11",0.275,11
"1529","1523","CWT+DHE","T11","11",0.291,11
"1530","1524","CWT+DHE","T11","11",0.145,11
"1531","1525","CWT+DHE","T11","11",0.271,11
"1532","1526","CWT+DHE","T11","11",0.234,11
"1533","1527","CWT+DHE","T11","11",0.28,11
"1534","1528","CWT+DHE","T11","11",0.219,11
"1535","1529","CWT+DHE","T11","11",0.204,11
"1536","1530","CWT+DHE","T11","11",0.287,11
"1537","1531","CWT+DHE","T11","11",0.237,11
"1538","1531","CWT+DHE","T11","18",0.216,18
"1539","1531","CWT+DHE","T11","24",0.29,24
"1540","1531","CWT+DHE","T11","38",0.564,38
"1541","1531","CWT+DHE","T11","46",0.899,46
"1542","1531","CWT+DHE","T11","54",1.404,54
"1543","1531","CWT+DHE","T11","60",1.717,60
"1544","1531","CWT+DHE","T11","67",1.659,67
"1545","1532","CWT+DHE","T11","11",0.127,11
"1546","1532","CWT+DHE","T11","18",0.128,18
"1547","1532","CWT+DHE","T11","24",0.204,24
"1548","1532","CWT+DHE","T11","38",0.306,38
"1549","1533","CWT+DHE","T11","11",0.032,11
"1550","1533","CWT+DHE","T11","18",0.078,18
"1551","1533","CWT+DHE","T11","24",0.068,24
"1552","1533","CWT+DHE","T11","38",0.092,38
"1553","1535","CHE+DHE","T6","11",0.131,11
"1554","1535","CHE+DHE","T6","18",0.124,18
"1555","1535","CHE+DHE","T6","24",0.091,24
"1556","1535","CHE+DHE","T6","38",0.266,38
"1557","1535","CHE+DHE","T6","46",0.579,46
"1558","1536","CHE+DHE","T6","11",0.261,11
"1559","1536","CHE+DHE","T6","18",0.3,18
"1560","1536","CHE+DHE","T6","24",0.223,24
"1561","1536","CHE+DHE","T6","38",0.714,38
"1562","1536","CHE+DHE","T6","46",1.63,46
"1563","1536","CHE+DHE","T6","54",1.512,54
"1564","1536","CHE+DHE","T6","60",2.281,60
"1565","1536","CHE+DHE","T6","67",2.466,67
"1566","1537","CHE+DHE","T6","11",0.079,11
"1567","1537","CHE+DHE","T6","18",0.064,18
"1568","1537","CHE+DHE","T6","24",0.066,24
"1569","1538","CHE+DHE","T6","11",0.193,11
"1570","1538","CHE+DHE","T6","18",0.145,18
"1571","1538","CHE+DHE","T6","24",0.133,24
"1572","1538","CHE+DHE","T6","38",0.187,38
"1573","1538","CHE+DHE","T6","46",0.452,46
"1574","1539","CHE+DHE","T6","11",0.19,11
"1575","1539","CHE+DHE","T6","18",0.189,18
"1576","1539","CHE+DHE","T6","24",0.188,24
"1577","1539","CHE+DHE","T6","38",0.418,38
"1578","1539","CHE+DHE","T6","46",0.439,46
"1579","1539","CHE+DHE","T6","54",0.738,54
"1580","1539","CHE+DHE","T6","60",0.739,60
"1581","1539","CHE+DHE","T6","67",0.925,67
"1582","1540","CHE+DHE","T6","11",0.195,11
"1583","1540","CHE+DHE","T6","18",0.238,18
"1584","1540","CHE+DHE","T6","24",0.314,24
"1585","1540","CHE+DHE","T6","38",0.924,38
"1586","1540","CHE+DHE","T6","46",0.923,46
"1587","1540","CHE+DHE","T6","54",2.169,54
"1588","1540","CHE+DHE","T6","60",2.454,60
"1589","1540","CHE+DHE","T6","67",2.468,67
"1590","1541","CHE+DHE","T6","11",0.158,11
"1591","1541","CHE+DHE","T6","18",0.154,18
"1592","1541","CHE+DHE","T6","24",0.068,24
"1593","1541","CHE+DHE","T6","38",0.255,38
"1594","1541","CHE+DHE","T6","46",0.16,46
"1595","1541","CHE+DHE","T6","54",0.392,54
"1596","1541","CHE+DHE","T6","60",0.507,60
"1597","1541","CHE+DHE","T6","67",0.516,67
"1598","1544","CHE+DHE","T6","11",0.148,11
"1599","1544","CHE+DHE","T6","18",0.187,18
"1600","1544","CHE+DHE","T6","24",0.172,24
"1601","1544","CHE+DHE","T6","38",0.455,38
"1602","1544","CHE+DHE","T6","46",0.43,46
"1603","1544","CHE+DHE","T6","54",0.689,54
"1604","1544","CHE+DHE","T6","60",0.731,60
"1605","1544","CHE+DHE","T6","67",0.853,67
"1606","1545","CHE+DHE","T6","11",0.074,11
"1607","1545","CHE+DHE","T6","18",0.065,18
"1608","1545","CHE+DHE","T6","24",0.073,24
"1609","1546","CHE+DHE","T6","11",0.109,11
"1610","1546","CHE+DHE","T6","18",0.077,18
"1611","1546","CHE+DHE","T6","24",0.09,24
"1612","1546","CHE+DHE","T6","38",0.136,38
"1613","1546","CHE+DHE","T6","46",0.195,46
"1614","1547","CHE+DHE","T6","11",0.116,11
"1615","1547","CHE+DHE","T6","18",0.058,18
"1616","1547","CHE+DHE","T6","24",0.119,24
"1617","1547","CHE+DHE","T6","38",0.264,38
"1618","1547","CHE+DHE","T6","46",0.302,46
"1619","1548","CHE+DHE","T6","11",0.061,11
"1620","1548","CHE+DHE","T6","18",0.044,18
"1621","1548","CHE+DHE","T6","24",0.043,24
"1622","1548","CHE+DHE","T6","38",0.071,38
"1623","1548","CHE+DHE","T6","46",0.052,46
"1624","1549","CHE+DHE","T6","11",0.061,11
"1625","1549","CHE+DHE","T6","18",0.095,18
"1626","1549","CHE+DHE","T6","24",0.094,24
"1627","1549","CHE+DHE","T6","38",0.311,38
"1628","1549","CHE+DHE","T6","46",0.494,46
"1629","1550","CHE+DHE","T6","11",0.098,11
"1630","1550","CHE+DHE","T6","18",0.087,18
"1631","1550","CHE+DHE","T6","24",0.093,24
"1632","1550","CHE+DHE","T6","38",0.294,38
"1633","1550","CHE+DHE","T6","46",0.514,46
"1634","1551","CHE+DHE","T6","11",0.248,11
"1635","1551","CHE+DHE","T6","18",0.154,18
"1636","1551","CHE+DHE","T6","24",0.116,24
"1637","1551","CHE+DHE","T6","38",0.313,38
"1638","1551","CHE+DHE","T6","46",0.636,46
"1639","1552","CHE+DHE","T6","11",0.222,11
"1640","1553","CHE+DHE","T6","11",0.092,11
"1641","1553","CHE+DHE","T6","18",0.132,18
"1642","1553","CHE+DHE","T6","24",0.147,24
"1643","1553","CHE+DHE","T6","38",0.183,38
"1644","1553","CHE+DHE","T6","46",0.355,46
"1645","1553","CHE+DHE","T6","54",0.457,54
"1646","1553","CHE+DHE","T6","60",0.503,60
"1647","1553","CHE+DHE","T6","67",0.611,67
"1648","1554","CHE+DHE","T6","11",0.108,11
"1649","1554","CHE+DHE","T6","18",0.072,18
"1650","1554","CHE+DHE","T6","24",0.117,24
"1651","1554","CHE+DHE","T6","38",0.291,38
"1652","1554","CHE+DHE","T6","46",0.485,46
"1653","1554","CHE+DHE","T6","54",0.884,54
"1654","1554","CHE+DHE","T6","60",1.077,60
"1655","1554","CHE+DHE","T6","67",1.448,67
"1656","1556","CHE+DHE","T6","11",0.2,11
"1657","1556","CHE+DHE","T6","24",0.335,24
"1658","1556","CHE+DHE","T6","38",0.814,38
"1659","1556","CHE+DHE","T6","46",1.218,46
"1660","1556","CHE+DHE","T6","54",0.808,54
"1661","1556","CHE+DHE","T6","60",1.082,60
"1662","1556","CHE+DHE","T6","67",3.312,67
"1663","1557","CHE+DHE","T6","11",0.165,11
"1664","1557","CHE+DHE","T6","18",0.341,18
"1665","1557","CHE+DHE","T6","24",0.504,24
"1666","1557","CHE+DHE","T6","38",1.084,38
"1667","1557","CHE+DHE","T6","46",1.969,46
"1668","1559","CHE+DHE","T6","11",0.184,11
"1669","1560","CHE+DHE","T6","11",0.092,11
"1670","1560","CHE+DHE","T6","18",0.143,18
"1671","1561","CHE+DHE","T6","11",0.119,11
"1672","1561","CHE+DHE","T6","18",0.148,18
"1673","1562","CHE+DHE","T6","11",0.158,11
"1674","1562","CHE+DHE","T6","18",0.158,18
"1675","1562","CHE+DHE","T6","24",0.271,24
"1676","1562","CHE+DHE","T6","38",0.515,38
"1677","1562","CHE+DHE","T6","46",0.698,46
"1678","1562","CHE+DHE","T6","54",0.556,54
"1679","1562","CHE+DHE","T6","60",0.648,60
"1680","1562","CHE+DHE","T6","67",0.67,67
"1681","1563","CHE+DHE","T6","11",0.243,11
"1682","1563","CHE+DHE","T6","18",0.297,18
"1683","1563","CHE+DHE","T6","24",0.403,24
"1684","1563","CHE+DHE","T6","38",0.594,38
"1685","1563","CHE+DHE","T6","46",1.195,46
"1686","1564","CHE+DHE","T6","11",0.155,11
"1687","1564","CHE+DHE","T6","18",0.173,18
"1688","1564","CHE+DHE","T6","24",0.244,24
"1689","1564","CHE+DHE","T6","38",0.711,38
"1690","1564","CHE+DHE","T6","46",1.259,46
"1691","1580","CHE+DHE","T6","11",0.274,11
"1692","1590","CHE+DHE","T6","11",0.204,11
"1693","1590","CHE+DHE","T6","18",0.157,18
"1694","1590","CHE+DHE","T6","24",0.146,24
"1695","1590","CHE+DHE","T6","38",0.305,38
"1696","1590","CHE+DHE","T6","46",0.419,46
"1697","1590","CHE+DHE","T6","54",0.336,54
"1698","1590","CHE+DHE","T6","60",0.56,60
"1699","1590","CHE+DHE","T6","67",0.602,67
"1700","1593","CHE+DHE","T6","11",0.124,11
"1701","1593","CHE+DHE","T6","18",0.203,18
"1702","1593","CHE+DHE","T6","24",0.277,24
"1703","1593","CHE+DHE","T6","38",0.425,38
"1704","1593","CHE+DHE","T6","46",0.513,46
"1705","1595","CHE+DHE","T6","11",0.198,11
"1706","1595","CHE+DHE","T6","18",0.311,18
"1707","1595","CHE+DHE","T6","24",0.374,24
"1708","1595","CHE+DHE","T6","38",0.928,38
"1709","1595","CHE+DHE","T6","46",1.37,46
"1710","1603","CHE+DHE","T6","11",0.229,11
"1711","1603","CHE+DHE","T6","18",0.267,18
"1712","1603","CHE+DHE","T6","24",0.387,24
"1713","1603","CHE+DHE","T6","38",0.756,38
"1714","1603","CHE+DHE","T6","46",2.085,46
"1715","1603","CHE+DHE","T6","54",2.319,54
"1716","1603","CHE+DHE","T6","60",2.239,60
"1717","1603","CHE+DHE","T6","67",2.328,67
"1718","1605","CHE+DHE","T6","11",0.216,11
"1719","1605","CHE+DHE","T6","18",0.249,18
"1720","1605","CHE+DHE","T6","24",0.251,24
"1721","1605","CHE+DHE","T6","38",0.571,38
"1722","1605","CHE+DHE","T6","46",0.789,46
"1723","1605","CHE+DHE","T6","54",0.924,54
"1724","1605","CHE+DHE","T6","60",1.076,60
"1725","1605","CHE+DHE","T6","67",1.243,67
"1726","1606","CHE+DHE","T6","11",0.158,11
"1727","1606","CHE+DHE","T6","18",0.225,18
"1728","1606","CHE+DHE","T6","24",0.296,24
"1729","1606","CHE+DHE","T6","38",0.555,38
"1730","1606","CHE+DHE","T6","46",0.752,46
"1731","1606","CHE+DHE","T6","54",0.979,54
"1732","1606","CHE+DHE","T6","60",0.933,60
"1733","1606","CHE+DHE","T6","67",1.013,67
"1734","1607","CHE+DHE","T6","11",0.151,11
"1735","1607","CHE+DHE","T6","18",0.179,18
"1736","1607","CHE+DHE","T6","24",0.293,24
"1737","1607","CHE+DHE","T6","38",0.522,38
"1738","1607","CHE+DHE","T6","46",0.911,46
"1739","1607","CHE+DHE","T6","54",0.655,54
"1740","1607","CHE+DHE","T6","60",0.958,60
"1741","1607","CHE+DHE","T6","67",0.817,67
"1742","1611","CHE+DHE","T6","11",0.054,11
"1743","1611","CHE+DHE","T6","18",0.078,18
"1744","1611","CHE+DHE","T6","24",0.144,24
"1745","1628","CHE+DHE","T6","11",0.135,11
"1746","1628","CHE+DHE","T6","18",0.263,18
"1747","1628","CHE+DHE","T6","24",0.373,24
"1748","1636","CHE+DHE","T6","11",0.18,11
"1749","1636","CHE+DHE","T6","18",0.343,18
"1750","1636","CHE+DHE","T6","24",0.503,24
"1751","1636","CHE+DHE","T6","38",0.631,38
"1752","1636","CHE+DHE","T6","46",1.45,46
"1753","1636","CHE+DHE","T6","54",1.926,54
"1754","1636","CHE+DHE","T6","60",2.134,60
"1755","1636","CHE+DHE","T6","67",2.05,67
"1756","1637","CHE+DHE","T6","11",0.194,11
"1757","1637","CHE+DHE","T6","18",0.265,18
"1758","1637","CHE+DHE","T6","24",0.383,24
"1759","1637","CHE+DHE","T6","38",0.531,38
"1760","1637","CHE+DHE","T6","46",1.193,46
"1761","1637","CHE+DHE","T6","54",1.605,54
"1762","1637","CHE+DHE","T6","60",1.654,60
"1763","1637","CHE+DHE","T6","67",1.958,67
"1764","1638","CHE+DHE","T6","11",0.05,11
"1765","1638","CHE+DHE","T6","18",0.1,18
"1766","1640","CHE+DHE","T6","11",0.202,11
"1767","1640","CHE+DHE","T6","18",0.286,18
"1768","1640","CHE+DHE","T6","24",0.3,24
"1769","1640","CHE+DHE","T6","38",0.595,38
"1770","1640","CHE+DHE","T6","46",1.46,46
"1771","1640","CHE+DHE","T6","54",1.131,54
"1772","1640","CHE+DHE","T6","60",1.539,60
"1773","1640","CHE+DHE","T6","67",1.672,67
"1774","1641","CHE+DHE","T6","11",0.096,11
"1775","1641","CHE+DHE","T6","18",0.222,18
"1776","1641","CHE+DHE","T6","24",0.274,24
"1777","1641","CHE+DHE","T6","38",0.473,38
"1778","1641","CHE+DHE","T6","46",1.238,46
"1779","1641","CHE+DHE","T6","54",1.015,54
"1780","1641","CHE+DHE","T6","60",1.483,60
"1781","1641","CHE+DHE","T6","67",1.706,67
"1782","1647","CHE+DHE","T6","11",0.24,11
"1783","1647","CHE+DHE","T6","18",0.214,18
"1784","1647","CHE+DHE","T6","24",0.24,24
"1785","1647","CHE+DHE","T6","38",0.422,38
"1786","1647","CHE+DHE","T6","46",0.498,46
"1787","1647","CHE+DHE","T6","54",0.795,54
"1788","1647","CHE+DHE","T6","60",0.809,60
"1789","1647","CHE+DHE","T6","67",1.135,67
"1790","1655","CHE+DHE","T6","11",0.152,11
"1791","1655","CHE+DHE","T6","18",0.196,18
"1792","1655","CHE+DHE","T6","24",0.234,24
"1793","1655","CHE+DHE","T6","38",0.402,38
"1794","1655","CHE+DHE","T6","46",0.687,46
"1795","1655","CHE+DHE","T6","54",0.766,54
"1796","1655","CHE+DHE","T6","60",0.75,60
"1797","1655","CHE+DHE","T6","67",0.937,67
"1798","1660","CHE+DHE","T6","11",0.258,11
"1799","1660","CHE+DHE","T6","18",0.29,18
"1800","1660","CHE+DHE","T6","24",0.533,24
"1801","1660","CHE+DHE","T6","38",0.752,38
"1802","1660","CHE+DHE","T6","46",1.113,46
"1803","1660","CHE+DHE","T6","54",1.837,54
"1804","1660","CHE+DHE","T6","60",1.705,60
"1805","1660","CHE+DHE","T6","67",1.714,67
"1806","1661","CHE+DHE","T6","11",0.268,11
"1807","1661","CHE+DHE","T6","18",0.308,18
"1808","1661","CHE+DHE","T6","24",0.481,24
"1809","1661","CHE+DHE","T6","38",0.772,38
"1810","1661","CHE+DHE","T6","46",1.926,46
"1811","1661","CHE+DHE","T6","54",2.404,54
"1812","1661","CHE+DHE","T6","60",2.204,60
"1813","1661","CHE+DHE","T6","67",2.325,67
"1814","1662","CHE+DHE","T6","11",0.189,11
"1815","1662","CHE+DHE","T6","18",0.369,18
"1816","1662","CHE+DHE","T6","24",0.472,24
"1817","1662","CHE+DHE","T6","38",0.892,38
"1818","1662","CHE+DHE","T6","46",1.601,46
"1819","1662","CHE+DHE","T6","54",1.829,54
"1820","1662","CHE+DHE","T6","60",1.787,60
"1821","1662","CHE+DHE","T6","67",1.881,67
"1822","1664","CHE+DHE","T6","11",0.134,11
"1823","1664","CHE+DHE","T6","18",0.145,18
"1824","1664","CHE+DHE","T6","24",0.254,24
"1825","1664","CHE+DHE","T6","38",0.415,38
"1826","1664","CHE+DHE","T6","46",0.596,46
"1827","1664","CHE+DHE","T6","54",0.903,54
"1828","1664","CHE+DHE","T6","60",0.881,60
"1829","1664","CHE+DHE","T6","67",0.97,67
"1830","1665","CHE+DHE","T6","11",0.234,11
"1831","1665","CHE+DHE","T6","18",0.367,18
"1832","1665","CHE+DHE","T6","24",0.401,24
"1833","1665","CHE+DHE","T6","38",0.646,38
"1834","1665","CHE+DHE","T6","46",0.985,46
"1835","1665","CHE+DHE","T6","54",1.341,54
"1836","1665","CHE+DHE","T6","60",1.897,60
"1837","1665","CHE+DHE","T6","67",2.861,67
"1838","1666","CHE+DHE","T6","11",0.281,11
"1839","1668","CHE+DHE","T6","11",0.188,11
"1840","1669","CHE+DHE","T6","11",0.186,11
"1841","1671","CHE+DHE","T6","11",0.22,11
"1842","1672","CHE+DHE","T6","11",0.057,11
"1843","1672","CHE+DHE","T6","18",0.074,18
"1844","1672","CHE+DHE","T6","24",0.083,24
"1845","1672","CHE+DHE","T6","38",0.058,38
"1846","1672","CHE+DHE","T6","46",0.083,46
"1847","1672","CHE+DHE","T6","54",0.07,54
"1848","1672","CHE+DHE","T6","60",0.069,60
"1849","1672","CHE+DHE","T6","67",0.064,67
"1850","1673","CHE+DHE","T6","11",0.325,11
"1851","1674","CHE+DHE","T6","11",0.268,11
"1852","1675","CHE+DHE","T6","11",0.168,11
"1853","1676","CHE+DHE","T6","11",0.044,11
"1854","1676","CHE+DHE","T6","18",0.071,18
"1855","1676","CHE+DHE","T6","24",0.108,24
"1856","1678","CHE+DHE","T6","11",0.145,11
"1857","1679","CHE+DHE","T6","11",0.059,11
"1858","1679","CHE+DHE","T6","18",0.034,18
"1859","1679","CHE+DHE","T6","24",0.071,24
"1860","1679","CHE+DHE","T6","38",0.193,38
"1861","1679","CHE+DHE","T6","46",0.126,46
"1862","1680","CHE+DHE","T6","11",0.099,11
"1863","1680","CHE+DHE","T6","18",0.056,18
"1864","1680","CHE+DHE","T6","24",0.048,24
"1865","1355","DHE","T9","11",0.088,11
"1866","1355","DHE","T9","18",0.175,18
"1867","1355","DHE","T9","24",0.33,24
"1868","1355","DHE","T9","38",0.37,38
"1869","1355","DHE","T9","46",0.355,46
"1870","1355","DHE","T9","54",0.493,54
"1871","1355","DHE","T9","60",2.494,60
"1872","1355","DHE","T9","67",0.824,67
"1873","1356","DHE","T9","11",0.184,11
"1874","1356","DHE","T9","18",0.166,18
"1875","1356","DHE","T9","24",0.254,24
"1876","1356","DHE","T9","38",0.371,38
"1877","1356","DHE","T9","46",0.52,46
"1878","1356","DHE","T9","54",0.944,54
"1879","1356","DHE","T9","60",1.169,60
"1880","1356","DHE","T9","67",1.568,67
"1881","1357","DHE","T9","11",0.156,11
"1882","1357","DHE","T9","18",0.201,18
"1883","1357","DHE","T9","24",0.337,24
"1884","1357","DHE","T9","38",0.605,38
"1885","1357","DHE","T9","46",0.529,46
"1886","1357","DHE","T9","54",1.11,54
"1887","1357","DHE","T9","60",1.065,60
"1888","1357","DHE","T9","67",1.807,67
"1889","1363","DHE","T9","11",0.181,11
"1890","1363","DHE","T9","18",0.217,18
"1891","1363","DHE","T9","24",0.236,24
"1892","1363","DHE","T9","38",0.359,38
"1893","1363","DHE","T9","46",0.401,46
"1894","1363","DHE","T9","54",0.484,54
"1895","1363","DHE","T9","60",0.819,60
"1896","1363","DHE","T9","67",0.827,67
"1897","1364","DHE","T9","11",0.305,11
"1898","1364","DHE","T9","18",0.103,18
"1899","1364","DHE","T9","24",0.171,24
"1900","1374","DHE","T9","11",0.204,11
"1901","1374","DHE","T9","18",0.229,18
"1902","1374","DHE","T9","24",0.285,24
"1903","1374","DHE","T9","38",0.447,38
"1904","1375","DHE","T9","11",0.251,11
"1905","1376","DHE","T9","11",0.091,11
"1906","1376","DHE","T9","18",0.12,18
"1907","1376","DHE","T9","24",0.17,24
"1908","1376","DHE","T9","38",0.277,38
"1909","1376","DHE","T9","46",0.245,46
"1910","1376","DHE","T9","54",0.475,54
"1911","1376","DHE","T9","60",0.465,60
"1912","1376","DHE","T9","67",0.646,67
"1913","1377","DHE","T9","11",0.027,11
"1914","1377","DHE","T9","18",0.033,18
"1915","1377","DHE","T9","24",0.88,24
"1916","1377","DHE","T9","38",0.096,38
"1917","1377","DHE","T9","46",0.125,46
"1918","1377","DHE","T9","54",0.269,54
"1919","1377","DHE","T9","60",0.238,60
"1920","1377","DHE","T9","67",0.312,67
"1921","1380","DHE","T9","11",0.176,11
"1922","1380","DHE","T9","18",0.268,18
"1923","1380","DHE","T9","24",0.314,24
"1924","1380","DHE","T9","38",0.324,38
"1925","1380","DHE","T9","46",0.575,46
"1926","1380","DHE","T9","54",0.78,54
"1927","1380","DHE","T9","60",1.031,60
"1928","1380","DHE","T9","67",0.872,67
"1929","1381","DHE","T9","11",0.053,11
"1930","1381","DHE","T9","18",0.034,18
"1931","1381","DHE","T9","24",0.044,24
"1932","1382","DHE","T9","11",0.069,11
"1933","1382","DHE","T9","18",0.07,18
"1934","1382","DHE","T9","24",0.152,24
"1935","1382","DHE","T9","38",0.188,38
"1936","1383","DHE","T9","11",0.245,11
"1937","1383","DHE","T9","18",0.152,18
"1938","1383","DHE","T9","24",0.232,24
"1939","1383","DHE","T9","38",0.284,38
"1940","1383","DHE","T9","46",0.326,46
"1941","1383","DHE","T9","54",0.834,54
"1942","1383","DHE","T9","60",0.963,60
"1943","1383","DHE","T9","67",1.048,67
"1944","1384","DHE","T9","11",0.059,11
"1945","1384","DHE","T9","18",0.124,18
"1946","1384","DHE","T9","24",0.205,24
"1947","1384","DHE","T9","38",0.234,38
"1948","1384","DHE","T9","46",0.24,46
"1949","1384","DHE","T9","54",0.208,54
"1950","1384","DHE","T9","60",0.229,60
"1951","1384","DHE","T9","67",0.256,67
"1952","1385","DHE","T9","11",0.122,11
"1953","1385","DHE","T9","18",0.186,18
"1954","1385","DHE","T9","24",0.192,24
"1955","1385","DHE","T9","38",0.214,38
"1956","1385","DHE","T9","46",0.184,46
"1957","1385","DHE","T9","54",0.319,54
"1958","1385","DHE","T9","60",0.604,60
"1959","1385","DHE","T9","67",0.747,67
"1960","1386","DHE","T9","11",0.152,11
"1961","1386","DHE","T9","18",0.178,18
"1962","1386","DHE","T9","24",0.192,24
"1963","1386","DHE","T9","38",0.279,38
"1964","1386","DHE","T9","46",0.317,46
"1965","1386","DHE","T9","54",0.409,54
"1966","1386","DHE","T9","60",0.507,60
"1967","1386","DHE","T9","67",0.548,67
"1968","1388","DHE","T9","11",0.074,11
"1969","1388","DHE","T9","18",0.107,18
"1970","1388","DHE","T9","24",0.421,24
"1971","1388","DHE","T9","38",0.386,38
"1972","1389","DHE","T9","11",0.113,11
"1973","1389","DHE","T9","18",0.285,18
"1974","1389","DHE","T9","24",0.5,24
"1975","1390","DHE","T9","11",0.139,11
"1976","1390","DHE","T9","18",0.187,18
"1977","1390","DHE","T9","24",0.236,24
"1978","1390","DHE","T9","38",0.318,38
"1979","1392","DHE","T9","11",0.258,11
"1980","1392","DHE","T9","18",0.272,18
"1981","1392","DHE","T9","24",0.27,24
"1982","1392","DHE","T9","38",0.396,38
"1983","1392","DHE","T9","46",0.347,46
"1984","1392","DHE","T9","54",0.719,54
"1985","1392","DHE","T9","60",0.931,60
"1986","1392","DHE","T9","67",1.005,67
"1987","1394","DHE","T9","11",0.07,11
"1988","1394","DHE","T9","18",0.078,18
"1989","1394","DHE","T9","24",0.07,24
"1990","1394","DHE","T9","38",0.104,38
"1991","1394","DHE","T9","46",0.103,46
"1992","1394","DHE","T9","54",0.167,54
"1993","1394","DHE","T9","60",0.289,60
"1994","1394","DHE","T9","67",0.259,67
"1995","1395","DHE","T9","11",0.283,11
"1996","1396","DHE","T9","11",0.218,11
"1997","1397","DHE","T9","11",0.157,11
"1998","1397","DHE","T9","18",0.192,18
"1999","1397","DHE","T9","24",0.178,24
"2000","1397","DHE","T9","38",0.336,38
"2001","1397","DHE","T9","46",0.285,46
"2002","1397","DHE","T9","54",0.627,54
"2003","1397","DHE","T9","60",0.706,60
"2004","1397","DHE","T9","67",0.719,67
"2005","1398","DHE","T9","11",0.397,11
"2006","1398","DHE","T9","18",0.133,18
"2007","1398","DHE","T9","24",0.219,24
"2008","1398","DHE","T9","38",0.274,38
"2009","1398","DHE","T9","46",0.207,46
"2010","1398","DHE","T9","54",0.375,54
"2011","1398","DHE","T9","60",0.629,60
"2012","1398","DHE","T9","67",0.672,67
"2013","1399","DHE","T9","11",0.08,11
"2014","1399","DHE","T9","18",0.148,18
"2015","1399","DHE","T9","24",0.225,24
"2016","1399","DHE","T9","38",0.267,38
"2017","1399","DHE","T9","46",0.442,46
"2018","1399","DHE","T9","54",0.697,54
"2019","1399","DHE","T9","60",0.66,60
"2020","1399","DHE","T9","67",0.94,67
"2021","1400","DHE","T9","11",0.042,11
"2022","1400","DHE","T9","18",0.054,18
"2023","1400","DHE","T9","24",0.126,24
"2024","1400","DHE","T9","38",0.078,38
"2025","1400","DHE","T9","46",0.08,46
"2026","1400","DHE","T9","54",0.115,54
"2027","1400","DHE","T9","60",0.244,60
"2028","1400","DHE","T9","67",0.12,67
"2029","1401","DHE","T9","11",0.168,11
"2030","1401","DHE","T9","18",0.209,18
"2031","1401","DHE","T9","24",0.204,24
"2032","1401","DHE","T9","38",0.216,38
"2033","1401","DHE","T9","46",0.317,46
"2034","1401","DHE","T9","54",0.543,54
"2035","1401","DHE","T9","60",0.395,60
"2036","1401","DHE","T9","67",0.309,67
"2037","1402","DHE","T9","11",0.146,11
"2038","1402","DHE","T9","18",0.162,18
"2039","1402","DHE","T9","24",0.207,24
"2040","1402","DHE","T9","38",0.372,38
"2041","1404","DHE","T9","11",0.145,11
"2042","1404","DHE","T9","18",0.172,18
"2043","1404","DHE","T9","24",0.26,24
"2044","1404","DHE","T9","38",0.365,38
"2045","1404","DHE","T9","46",0.345,46
"2046","1404","DHE","T9","54",0.603,54
"2047","1404","DHE","T9","60",0.703,60
"2048","1404","DHE","T9","67",0.775,67
"2049","1405","DHE","T9","11",0.17,11
"2050","1405","DHE","T9","18",0.217,18
"2051","1405","DHE","T9","24",0.193,24
"2052","1405","DHE","T9","38",0.391,38
"2053","1405","DHE","T9","46",0.338,46
"2054","1405","DHE","T9","54",0.79,54
"2055","1405","DHE","T9","60",0.726,60
"2056","1405","DHE","T9","67",0.986,67
"2057","1406","DHE","T9","11",0.113,11
"2058","1406","DHE","T9","18",0.208,18
"2059","1406","DHE","T9","24",0.22,24
"2060","1406","DHE","T9","38",0.187,38
"2061","1406","DHE","T9","46",0.086,46
"2062","1406","DHE","T9","54",0.137,54
"2063","1406","DHE","T9","60",0.144,60
"2064","1406","DHE","T9","67",0.11,67
"2065","1407","DHE","T9","11",0.276,11
"2066","1407","DHE","T9","18",0.283,18
"2067","1407","DHE","T9","24",0.281,24
"2068","1407","DHE","T9","38",0.439,38
"2069","1407","DHE","T9","46",0.414,46
"2070","1407","DHE","T9","54",0.616,54
"2071","1407","DHE","T9","60",0.762,60
"2072","1407","DHE","T9","67",0.974,67
"2073","1408","DHE","T9","11",0.103,11
"2074","1408","DHE","T9","18",0.184,18
"2075","1408","DHE","T9","24",0.282,24
"2076","1408","DHE","T9","38",0.243,38
"2077","1408","DHE","T9","46",0.235,46
"2078","1408","DHE","T9","54",0.194,54
"2079","1408","DHE","T9","60",0.182,60
"2080","1408","DHE","T9","67",0.187,67
"2081","1409","DHE","T9","11",0.05,11
"2082","1409","DHE","T9","18",0.058,18
"2083","1409","DHE","T9","24",0.057,24
"2084","1409","DHE","T9","38",0.067,38
"2085","1410","DHE","T9","11",0.25,11
"2086","1410","DHE","T9","18",0.093,18
"2087","1410","DHE","T9","24",0.148,24
"2088","1410","DHE","T9","38",0.202,38
"2089","1410","DHE","T9","46",0.326,46
"2090","1410","DHE","T9","54",0.436,54
"2091","1410","DHE","T9","60",0.583,60
"2092","1410","DHE","T9","67",0.614,67
"2093","1411","DHE","T9","11",0.04,11
"2094","1411","DHE","T9","18",0.048,18
"2095","1411","DHE","T9","24",0.063,24
"2096","1411","DHE","T9","38",0.067,38
"2097","1411","DHE","T9","46",0.061,46
"2098","1411","DHE","T9","54",0.111,54
"2099","1411","DHE","T9","60",0.128,60
"2100","1411","DHE","T9","67",0.066,67
"2101","1412","DHE","T9","11",0.316,11
"2102","1412","DHE","T9","18",0.137,18
"2103","1412","DHE","T9","24",0.159,24
"2104","1412","DHE","T9","38",0.247,38
"2105","1412","DHE","T9","46",0.214,46
"2106","1412","DHE","T9","54",0.407,54
"2107","1412","DHE","T9","60",0.421,60
"2108","1412","DHE","T9","67",0.502,67
"2109","1413","DHE","T9","11",0.074,11
"2110","1413","DHE","T9","18",0.052,18
"2111","1413","DHE","T9","24",0.067,24
"2112","1414","DHE","T9","11",0.064,11
"2113","1414","DHE","T9","18",0.111,18
"2114","1414","DHE","T9","24",0.172,24
"2115","1414","DHE","T9","38",0.146,38
"2116","1414","DHE","T9","46",0.162,46
"2117","1414","DHE","T9","54",0.315,54
"2118","1414","DHE","T9","60",0.424,60
"2119","1414","DHE","T9","67",0.441,67
"2120","1415","DHE","T9","11",0.077,11
"2121","1415","DHE","T9","18",0.106,18
"2122","1415","DHE","T9","24",0.056,24
"2123","1415","DHE","T9","38",0.056,38
"2124","1415","DHE","T9","46",0.072,46
"2125","1415","DHE","T9","54",0.1,54
"2126","1415","DHE","T9","60",0.143,60
"2127","1415","DHE","T9","67",0.071,67
"2128","1416","DHE","T9","11",0.188,11
"2129","1416","DHE","T9","18",0.125,18
"2130","1416","DHE","T9","24",0.214,24
"2131","1416","DHE","T9","38",0.205,38
"2132","1416","DHE","T9","46",0.125,46
"2133","1416","DHE","T9","54",0.172,54
"2134","1416","DHE","T9","60",0.214,60
"2135","1416","DHE","T9","67",0.274,67
"2136","1420","DHE","T9","11",0.062,11
"2137","1420","DHE","T9","18",0.168,18
"2138","1420","DHE","T9","24",0.147,24
"2139","1420","DHE","T9","38",0.135,38
"2140","1420","DHE","T9","46",0.182,46
"2141","1420","DHE","T9","54",0.141,54
"2142","1420","DHE","T9","60",0.222,60
"2143","1420","DHE","T9","67",0.141,67
"2144","1421","DHE","T9","11",0.217,11
"2145","1421","DHE","T9","18",0.21,18
"2146","1421","DHE","T9","24",0.248,24
"2147","1421","DHE","T9","38",0.216,38
"2148","1421","DHE","T9","46",0.165,46
"2149","1421","DHE","T9","54",0.289,54
"2150","1421","DHE","T9","60",0.412,60
"2151","1421","DHE","T9","67",0.399,67
"2152","1422","DHE","T9","11",0.194,11
"2153","1926","CHE+DWT","T12","11",0.327,11
"2154","1926","CHE+DWT","T12","18",0.407,18
"2155","1926","CHE+DWT","T12","24",0.372,24
"2156","1926","CHE+DWT","T12","38",0.343,38
"2157","1926","CHE+DWT","T12","46",0.749,46
"2158","1926","CHE+DWT","T12","54",1.14,54
"2159","1926","CHE+DWT","T12","60",1.946,60
"2160","1926","CHE+DWT","T12","67",2.028,67
"2161","1927","CHE+DWT","T12","11",0.255,11
"2162","1927","CHE+DWT","T12","18",0.285,18
"2163","1927","CHE+DWT","T12","24",0.332,24
"2164","1927","CHE+DWT","T12","38",0.207,38
"2165","1927","CHE+DWT","T12","46",0.523,46
"2166","1927","CHE+DWT","T12","54",0.987,54
"2167","1927","CHE+DWT","T12","60",1.175,60
"2168","1927","CHE+DWT","T12","67",1.538,67
"2169","1928","CHE+DWT","T12","11",0.361,11
"2170","1928","CHE+DWT","T12","18",0.451,18
"2171","1928","CHE+DWT","T12","24",0.469,24
"2172","1928","CHE+DWT","T12","38",0.393,38
"2173","1928","CHE+DWT","T12","46",0.645,46
"2174","1928","CHE+DWT","T12","54",1.154,54
"2175","1928","CHE+DWT","T12","60",1.387,60
"2176","1928","CHE+DWT","T12","67",2.091,67
"2177","1929","CHE+DWT","T12","11",0.201,11
"2178","1929","CHE+DWT","T12","18",0.173,18
"2179","1929","CHE+DWT","T12","24",0.198,24
"2180","1929","CHE+DWT","T12","38",0.164,38
"2181","1929","CHE+DWT","T12","46",0.345,46
"2182","1929","CHE+DWT","T12","54",0.655,54
"2183","1929","CHE+DWT","T12","60",0.792,60
"2184","1929","CHE+DWT","T12","67",0.972,67
"2185","1930","CHE+DWT","T12","11",0.346,11
"2186","1930","CHE+DWT","T12","18",0.372,18
"2187","1930","CHE+DWT","T12","24",0.323,24
"2188","1931","CHE+DWT","T12","11",0.432,11
"2189","1931","CHE+DWT","T12","18",0.375,18
"2190","1931","CHE+DWT","T12","24",0.5,24
"2191","1932","CHE+DWT","T12","11",0.453,11
"2192","1932","CHE+DWT","T12","18",0.405,18
"2193","1932","CHE+DWT","T12","24",0.33,24
"2194","1933","CHE+DWT","T12","11",0.225,11
"2195","1933","CHE+DWT","T12","18",0.154,18
"2196","1933","CHE+DWT","T12","24",0.239,24
"2197","1933","CHE+DWT","T12","38",0.131,38
"2198","1933","CHE+DWT","T12","46",0.283,46
"2199","1933","CHE+DWT","T12","54",0.591,54
"2200","1933","CHE+DWT","T12","60",0.873,60
"2201","1933","CHE+DWT","T12","67",1.461,67
"2202","1937","CHE+DWT","T12","11",0.265,11
"2203","1937","CHE+DWT","T12","18",0.293,18
"2204","1937","CHE+DWT","T12","24",0.332,24
"2205","1937","CHE+DWT","T12","38",0.48,38
"2206","1937","CHE+DWT","T12","46",0.727,46
"2207","1937","CHE+DWT","T12","54",1.328,54
"2208","1937","CHE+DWT","T12","60",2.097,60
"2209","1937","CHE+DWT","T12","67",1.687,67
"2210","1938","CHE+DWT","T12","11",0.093,11
"2211","1938","CHE+DWT","T12","18",0.067,18
"2212","1938","CHE+DWT","T12","24",0.048,24
"2213","1939","CHE+DWT","T12","11",0.105,11
"2214","1939","CHE+DWT","T12","18",0.179,18
"2215","1939","CHE+DWT","T12","24",0.131,24
"2216","1940","CHE+DWT","T12","11",0.213,11
"2217","1940","CHE+DWT","T12","18",0.252,18
"2218","1940","CHE+DWT","T12","24",0.253,24
"2219","1940","CHE+DWT","T12","38",0.354,38
"2220","1940","CHE+DWT","T12","46",0.426,46
"2221","1940","CHE+DWT","T12","54",0.734,54
"2222","1940","CHE+DWT","T12","60",0.81,60
"2223","1940","CHE+DWT","T12","67",0.971,67
"2224","1943","CHE+DWT","T12","11",0.033,11
"2225","1943","CHE+DWT","T12","18",0.062,18
"2226","1943","CHE+DWT","T12","24",0.057,24
"2227","1943","CHE+DWT","T12","38",0.099,38
"2228","1943","CHE+DWT","T12","46",0.137,46
"2229","1943","CHE+DWT","T12","54",0.191,54
"2230","1943","CHE+DWT","T12","60",0.273,60
"2231","1943","CHE+DWT","T12","67",0.254,67
"2232","1944","CHE+DWT","T12","11",0.107,11
"2233","1944","CHE+DWT","T12","18",0.125,18
"2234","1945","CHE+DWT","T12","11",0.241,11
"2235","1945","CHE+DWT","T12","18",0.337,18
"2236","1946","CHE+DWT","T12","11",0.241,11
"2237","1946","CHE+DWT","T12","18",0.261,18
"2238","1948","CHE+DWT","T12","11",0.351,11
"2239","1948","CHE+DWT","T12","18",0.405,18
"2240","1948","CHE+DWT","T12","24",0.389,24
"2241","1949","CHE+DWT","T12","11",0.296,11
"2242","1949","CHE+DWT","T12","18",0.319,18
"2243","1949","CHE+DWT","T12","24",0.339,24
"2244","1950","CHE+DWT","T12","11",0.162,11
"2245","1950","CHE+DWT","T12","18",0.13,18
"2246","1950","CHE+DWT","T12","24",0.153,24
"2247","1950","CHE+DWT","T12","38",0.203,38
"2248","1950","CHE+DWT","T12","46",0.328,46
"2249","1950","CHE+DWT","T12","54",0.439,54
"2250","1950","CHE+DWT","T12","60",0.452,60
"2251","1950","CHE+DWT","T12","67",0.549,67
"2252","1951","CHE+DWT","T12","11",0.402,11
"2253","1951","CHE+DWT","T12","18",0.341,18
"2254","1951","CHE+DWT","T12","24",0.437,24
"2255","1952","CHE+DWT","T12","11",0.179,11
"2256","1952","CHE+DWT","T12","18",0.213,18
"2257","1952","CHE+DWT","T12","24",2.024,24
"2258","1954","CHE+DWT","T12","11",0.282,11
"2259","1954","CHE+DWT","T12","18",0.276,18
"2260","1954","CHE+DWT","T12","24",0.315,24
"2261","1956","CHE+DWT","T12","11",0.224,11
"2262","1956","CHE+DWT","T12","18",0.389,18
"2263","1956","CHE+DWT","T12","24",0.317,24
"2264","1956","CHE+DWT","T12","38",0.193,38
"2265","1956","CHE+DWT","T12","46",0.536,46
"2266","1956","CHE+DWT","T12","54",0.651,54
"2267","1956","CHE+DWT","T12","60",1.197,60
"2268","1956","CHE+DWT","T12","67",1.439,67
"2269","1957","CHE+DWT","T12","11",0.276,11
"2270","1957","CHE+DWT","T12","18",0.24,18
"2271","1957","CHE+DWT","T12","24",0.264,24
"2272","1958","CHE+DWT","T12","11",0.257,11
"2273","1958","CHE+DWT","T12","18",0.281,18
"2274","1958","CHE+DWT","T12","24",0.127,24
"2275","1959","CHE+DWT","T12","11",0.092,11
"2276","1959","CHE+DWT","T12","18",0.177,18
"2277","1960","CHE+DWT","T12","11",0.107,11
"2278","1960","CHE+DWT","T12","18",0.331,18
"2279","1961","CHE+DWT","T12","11",0.09,11
"2280","1961","CHE+DWT","T12","18",0.356,18
"2281","1961","CHE+DWT","T12","24",0.33,24
"2282","1964","CHE+DWT","T12","11",0.229,11
"2283","1964","CHE+DWT","T12","18",0.162,18
"2284","1964","CHE+DWT","T12","24",0.151,24
"2285","1965","CHE+DWT","T12","11",0.061,11
"2286","1965","CHE+DWT","T12","18",0.06,18
"2287","1965","CHE+DWT","T12","24",0.06,24
"2288","1966","CHE+DWT","T12","11",0.223,11
"2289","1966","CHE+DWT","T12","18",0.065,18
"2290","1966","CHE+DWT","T12","24",0.166,24
"2291","1967","CHE+DWT","T12","11",0.281,11
"2292","1967","CHE+DWT","T12","18",0.334,18
"2293","1967","CHE+DWT","T12","24",0.42,24
"2294","1968","CHE+DWT","T12","11",0.416,11
"2295","1968","CHE+DWT","T12","18",0.363,18
"2296","1968","CHE+DWT","T12","24",0.376,24
"2297","1969","CHE+DWT","T12","11",0.32,11
"2298","1969","CHE+DWT","T12","18",0.439,18
"2299","1969","CHE+DWT","T12","24",0.403,24
"2300","1970","CHE+DWT","T12","11",0.407,11
"2301","1970","CHE+DWT","T12","18",0.369,18
"2302","1970","CHE+DWT","T12","24",0.324,24
"2303","1970","CHE+DWT","T12","38",0.317,38
"2304","1970","CHE+DWT","T12","46",0.63,46
"2305","1970","CHE+DWT","T12","54",1.027,54
"2306","1970","CHE+DWT","T12","60",1.684,60
"2307","1970","CHE+DWT","T12","67",2.488,67
"2308","1971","CHE+DWT","T12","11",0.235,11
"2309","1971","CHE+DWT","T12","18",0.231,18
"2310","1971","CHE+DWT","T12","24",0.202,24
"2311","1971","CHE+DWT","T12","38",0.164,38
"2312","1971","CHE+DWT","T12","46",0.349,46
"2313","1971","CHE+DWT","T12","54",0.528,54
"2314","1971","CHE+DWT","T12","60",0.874,60
"2315","1971","CHE+DWT","T12","67",0.717,67
"2316","1973","CHE+DWT","T12","11",0.195,11
"2317","1974","CHE+DWT","T12","11",0.247,11
"2318","1975","CHE+DWT","T12","11",0.214,11
"2319","1976","CHE+DWT","T12","11",0.135,11
"2320","1977","CHE+DWT","T12","11",0.281,11
"2321","1978","CHE+DWT","T12","11",0.229,11
"2322","1979","CHE+DWT","T12","11",0.061,11
"2323","1980","CHE+DWT","T12","11",0.397,11
"2324","1981","CHE+DWT","T12","11",0.126,11
"2325","1982","CHE+DWT","T12","11",0.148,11
"2326","1983","CHE+DWT","T12","11",0.255,11
"2327","1984","CHE+DWT","T12","11",0.226,11
"2328","1986","CHE+DWT","T12","11",0.161,11
"2329","1986","CHE+DWT","T12","18",0.251,18
"2330","1986","CHE+DWT","T12","24",0.254,24
"2331","1986","CHE+DWT","T12","38",0.171,38
"2332","1986","CHE+DWT","T12","46",0.488,46
"2333","1986","CHE+DWT","T12","54",0.373,54
"2334","1986","CHE+DWT","T12","60",0.676,60
"2335","1986","CHE+DWT","T12","67",0.311,67
"2336","1615","CHE+DHE","T14","11",0.277,11
"2337","1615","CHE+DHE","T14","18",0.161,18
"2338","1615","CHE+DHE","T14","24",0.161,24
"2339","1615","CHE+DHE","T14","38",0.465,38
"2340","1615","CHE+DHE","T14","46",0.655,46
"2341","1615","CHE+DHE","T14","54",0.719,54
"2342","1615","CHE+DHE","T14","60",0.762,60
"2343","1615","CHE+DHE","T14","67",0.99,67
"2344","1616","CHE+DHE","T14","11",0.147,11
"2345","1616","CHE+DHE","T14","18",0.154,18
"2346","1616","CHE+DHE","T14","24",0.124,24
"2347","1616","CHE+DHE","T14","38",0.147,38
"2348","1616","CHE+DHE","T14","46",0.303,46
"2349","1616","CHE+DHE","T14","54",0.281,54
"2350","1616","CHE+DHE","T14","60",0.329,60
"2351","1616","CHE+DHE","T14","67",0.352,67
"2352","1633","CHE+DHE","T14","11",0.218,11
"2353","1633","CHE+DHE","T14","18",0.324,18
"2354","1633","CHE+DHE","T14","24",0.305,24
"2355","1633","CHE+DHE","T14","38",0.237,38
"2356","1633","CHE+DHE","T14","46",0.344,46
"2357","1633","CHE+DHE","T14","54",0.27,54
"2358","1633","CHE+DHE","T14","60",0.333,60
"2359","1633","CHE+DHE","T14","67",0.319,67
"2360","1634","CHE+DHE","T14","11",0.185,11
"2361","1635","CHE+DHE","T14","11",0.06,11
"2362","1761","CHE+DHE","T14","11",0.238,11
"2363","1761","CHE+DHE","T14","18",0.172,18
"2364","1761","CHE+DHE","T14","24",0.185,24
"2365","1761","CHE+DHE","T14","38",0.268,38
"2366","1761","CHE+DHE","T14","46",0.651,46
"2367","1761","CHE+DHE","T14","54",1.175,54
"2368","1761","CHE+DHE","T14","60",1.446,60
"2369","1761","CHE+DHE","T14","67",1.065,67
"2370","1763","CHE+DHE","T14","11",0.149,11
"2371","1763","CHE+DHE","T14","18",0.167,18
"2372","1763","CHE+DHE","T14","24",0.219,24
"2373","1763","CHE+DHE","T14","38",0.488,38
"2374","1763","CHE+DHE","T14","46",1.544,46
"2375","1763","CHE+DHE","T14","54",1.483,54
"2376","1763","CHE+DHE","T14","60",1.303,60
"2377","1763","CHE+DHE","T14","67",1.562,67
"2378","1764","CHE+DHE","T14","11",0.174,11
"2379","1764","CHE+DHE","T14","18",0.275,18
"2380","1764","CHE+DHE","T14","24",0.352,24
"2381","1764","CHE+DHE","T14","38",0.74,38
"2382","1764","CHE+DHE","T14","46",0.787,46
"2383","1764","CHE+DHE","T14","54",0.735,54
"2384","1764","CHE+DHE","T14","60",0.999,60
"2385","1764","CHE+DHE","T14","67",1.125,67
"2386","1766","CHE+DHE","T14","11",0.265,11
"2387","1766","CHE+DHE","T14","18",0.274,18
"2388","1766","CHE+DHE","T14","24",0.308,24
"2389","1766","CHE+DHE","T14","38",0.479,38
"2390","1766","CHE+DHE","T14","46",0.683,46
"2391","1767","CHE+DHE","T14","11",0.234,11
"2392","1767","CHE+DHE","T14","18",0.229,18
"2393","1767","CHE+DHE","T14","24",0.304,24
"2394","1767","CHE+DHE","T14","38",0.573,38
"2395","1767","CHE+DHE","T14","46",0.896,46
"2396","1767","CHE+DHE","T14","54",0.945,54
"2397","1767","CHE+DHE","T14","60",1.326,60
"2398","1767","CHE+DHE","T14","67",1.425,67
"2399","1770","CHE+DHE","T14","11",0.064,11
"2400","1770","CHE+DHE","T14","18",0.112,18
"2401","1770","CHE+DHE","T14","24",0.165,24
"2402","1770","CHE+DHE","T14","38",0.406,38
"2403","1770","CHE+DHE","T14","46",0.651,46
"2404","1771","CHE+DHE","T14","11",0.186,11
"2405","1771","CHE+DHE","T14","18",0.205,18
"2406","1771","CHE+DHE","T14","24",0.211,24
"2407","1771","CHE+DHE","T14","38",0.684,38
"2408","1771","CHE+DHE","T14","46",1.464,46
"2409","1771","CHE+DHE","T14","54",0.967,54
"2410","1771","CHE+DHE","T14","60",1.592,60
"2411","1771","CHE+DHE","T14","67",1.941,67
"2412","1772","CHE+DHE","T14","11",0.19,11
"2413","1772","CHE+DHE","T14","18",0.199,18
"2414","1772","CHE+DHE","T14","24",0.238,24
"2415","1772","CHE+DHE","T14","38",0.401,38
"2416","1772","CHE+DHE","T14","46",0.551,46
"2417","1773","CHE+DHE","T14","11",0.157,11
"2418","1773","CHE+DHE","T14","18",0.24,18
"2419","1773","CHE+DHE","T14","24",0.479,24
"2420","1773","CHE+DHE","T14","38",0.763,38
"2421","1773","CHE+DHE","T14","46",1.181,46
"2422","1774","CHE+DHE","T14","11",0.185,11
"2423","1774","CHE+DHE","T14","18",0.153,18
"2424","1774","CHE+DHE","T14","24",0.134,24
"2425","1774","CHE+DHE","T14","38",0.424,38
"2426","1774","CHE+DHE","T14","46",0.836,46
"2427","1774","CHE+DHE","T14","54",1.03,54
"2428","1774","CHE+DHE","T14","60",1.284,60
"2429","1774","CHE+DHE","T14","67",1.264,67
"2430","1775","CHE+DHE","T14","11",0.236,11
"2431","1775","CHE+DHE","T14","18",0.248,18
"2432","1775","CHE+DHE","T14","24",0.285,24
"2433","1775","CHE+DHE","T14","38",0.567,38
"2434","1775","CHE+DHE","T14","46",1.002,46
"2435","1776","CHE+DHE","T14","11",0.276,11
"2436","1776","CHE+DHE","T14","18",0.298,18
"2437","1776","CHE+DHE","T14","24",0.296,24
"2438","1776","CHE+DHE","T14","38",0.408,38
"2439","1776","CHE+DHE","T14","46",0.567,46
"2440","1777","CHE+DHE","T14","11",0.236,11
"2441","1777","CHE+DHE","T14","18",0.231,18
"2442","1777","CHE+DHE","T14","24",0.261,24
"2443","1777","CHE+DHE","T14","38",0.653,38
"2444","1777","CHE+DHE","T14","46",1.262,46
"2445","1777","CHE+DHE","T14","54",1.36,54
"2446","1777","CHE+DHE","T14","60",1.819,60
"2447","1777","CHE+DHE","T14","67",1.704,67
"2448","1780","CHE+DHE","T14","11",0.232,11
"2449","1780","CHE+DHE","T14","18",0.216,18
"2450","1780","CHE+DHE","T14","24",0.238,24
"2451","1780","CHE+DHE","T14","38",0.466,38
"2452","1780","CHE+DHE","T14","46",0.695,46
"2453","1780","CHE+DHE","T14","54",0.536,54
"2454","1780","CHE+DHE","T14","60",0.776,60
"2455","1780","CHE+DHE","T14","67",1.021,67
"2456","1783","CHE+DHE","T14","11",0.239,11
"2457","1785","CHE+DHE","T14","11",0.125,11
"2458","1786","CHE+DHE","T14","11",0.2,11
"2459","1786","CHE+DHE","T14","18",0.179,18
"2460","1786","CHE+DHE","T14","24",0.394,24
"2461","1786","CHE+DHE","T14","38",0.546,38
"2462","1786","CHE+DHE","T14","46",0.776,46
"2463","1787","CHE+DHE","T14","11",0.15,11
"2464","1787","CHE+DHE","T14","18",0.188,18
"2465","1787","CHE+DHE","T14","24",0.206,24
"2466","1787","CHE+DHE","T14","38",0.455,38
"2467","1787","CHE+DHE","T14","46",0.702,46
"2468","1790","CHE+DHE","T14","11",0.154,11
"2469","1790","CHE+DHE","T14","18",0.275,18
"2470","1790","CHE+DHE","T14","24",0.314,24
"2471","1790","CHE+DHE","T14","38",0.867,38
"2472","1790","CHE+DHE","T14","46",1.38,46
"2473","1794","CHE+DHE","T14","11",0.086,11
"2474","1794","CHE+DHE","T14","18",0.135,18
"2475","1794","CHE+DHE","T14","24",0.142,24
"2476","1794","CHE+DHE","T14","38",0.221,38
"2477","1794","CHE+DHE","T14","46",0.365,46
"2478","1803","CHE+DHE","T14","11",0.094,11
"2479","1803","CHE+DHE","T14","18",0.101,18
"2480","1803","CHE+DHE","T14","24",0.094,24
"2481","1803","CHE+DHE","T14","38",0.11,38
"2482","1803","CHE+DHE","T14","46",0.108,46
"2483","1806","CHE+DHE","T14","11",0.16,11
"2484","1806","CHE+DHE","T14","18",0.11,18
"2485","1806","CHE+DHE","T14","24",0.214,24
"2486","1806","CHE+DHE","T14","38",0.37,38
"2487","1806","CHE+DHE","T14","46",0.535,46
"2488","1806","CHE+DHE","T14","54",0.714,54
"2489","1806","CHE+DHE","T14","60",0.678,60
"2490","1806","CHE+DHE","T14","67",0.805,67
"2491","1807","CHE+DHE","T14","11",0.137,11
"2492","1807","CHE+DHE","T14","18",0.182,18
"2493","1807","CHE+DHE","T14","24",0.233,24
"2494","1807","CHE+DHE","T14","38",0.315,38
"2495","1807","CHE+DHE","T14","46",0.46,46
"2496","1809","CHE+DHE","T14","11",0.174,11
"2497","1809","CHE+DHE","T14","18",0.203,18
"2498","1809","CHE+DHE","T14","24",0.269,24
"2499","1809","CHE+DHE","T14","38",0.52,38
"2500","1809","CHE+DHE","T14","46",0.795,46
"2501","1810","CHE+DHE","T14","11",0.137,11
"2502","1810","CHE+DHE","T14","18",0.216,18
"2503","1810","CHE+DHE","T14","24",0.209,24
"2504","1810","CHE+DHE","T14","38",0.336,38
"2505","1810","CHE+DHE","T14","46",0.778,46
"2506","1810","CHE+DHE","T14","54",0.256,54
"2507","1810","CHE+DHE","T14","60",0.368,60
"2508","1810","CHE+DHE","T14","67",0.536,67
"2509","1811","CHE+DHE","T14","11",0.066,11
"2510","1811","CHE+DHE","T14","18",0.093,18
"2511","1811","CHE+DHE","T14","24",0.137,24
"2512","1811","CHE+DHE","T14","38",0.222,38
"2513","1811","CHE+DHE","T14","46",0.326,46
"2514","1814","CHE+DHE","T14","11",0.286,11
"2515","1814","CHE+DHE","T14","18",0.262,18
"2516","1814","CHE+DHE","T14","24",0.425,24
"2517","1814","CHE+DHE","T14","38",0.623,38
"2518","1814","CHE+DHE","T14","46",1.171,46
"2519","1814","CHE+DHE","T14","54",0.819,54
"2520","1814","CHE+DHE","T14","60",1.211,60
"2521","1814","CHE+DHE","T14","67",1.106,67
"2522","1821","CHE+DHE","T14","11",0.175,11
"2523","1821","CHE+DHE","T14","18",0.132,18
"2524","1821","CHE+DHE","T14","24",0.158,24
"2525","1821","CHE+DHE","T14","38",0.258,38
"2526","1821","CHE+DHE","T14","46",0.507,46
"2527","1824","CHE+DHE","T14","11",0.155,11
"2528","1824","CHE+DHE","T14","18",0.248,18
"2529","1824","CHE+DHE","T14","24",0.243,24
"2530","1824","CHE+DHE","T14","38",0.464,38
"2531","1824","CHE+DHE","T14","46",0.757,46
"2532","1825","CHE+DHE","T14","11",0.209,11
"2533","1825","CHE+DHE","T14","18",0.173,18
"2534","1825","CHE+DHE","T14","24",0.224,24
"2535","1825","CHE+DHE","T14","38",0.428,38
"2536","1825","CHE+DHE","T14","46",0.828,46
"2537","1825","CHE+DHE","T14","54",0.654,54
"2538","1825","CHE+DHE","T14","60",0.794,60
"2539","1825","CHE+DHE","T14","67",0.787,67
"2540","1827","CHE+DHE","T14","11",0.281,11
"2541","1827","CHE+DHE","T14","18",0.283,18
"2542","1827","CHE+DHE","T14","24",0.431,24
"2543","1827","CHE+DHE","T14","38",0.824,38
"2544","1827","CHE+DHE","T14","46",1.506,46
"2545","1827","CHE+DHE","T14","54",0.795,54
"2546","1827","CHE+DHE","T14","60",1.413,60
"2547","1827","CHE+DHE","T14","67",1.452,67
"2548","1830","CHE+DHE","T14","11",0.226,11
"2549","1830","CHE+DHE","T14","18",0.192,18
"2550","1830","CHE+DHE","T14","24",0.363,24
"2551","1830","CHE+DHE","T14","38",0.575,38
"2552","1830","CHE+DHE","T14","46",0.767,46
"2553","1831","CHE+DHE","T14","11",0.248,11
"2554","1831","CHE+DHE","T14","18",0.275,18
"2555","1831","CHE+DHE","T14","24",0.442,24
"2556","1831","CHE+DHE","T14","38",0.886,38
"2557","1831","CHE+DHE","T14","46",1.971,46
"2558","1839","CHE+DHE","T14","11",0.06,11
"2559","1839","CHE+DHE","T14","18",0.091,18
"2560","1839","CHE+DHE","T14","24",0.095,24
"2561","1839","CHE+DHE","T14","38",2.236,38
"2562","1839","CHE+DHE","T14","46",0.245,46
"2563","1839","CHE+DHE","T14","54",0.242,54
"2564","1839","CHE+DHE","T14","60",0.217,60
"2565","1839","CHE+DHE","T14","67",0.213,67
"2566","1840","CHE+DHE","T14","11",0.224,11
"2567","1840","CHE+DHE","T14","18",0.225,18
"2568","1840","CHE+DHE","T14","24",0.332,24
"2569","1840","CHE+DHE","T14","38",0.135,38
"2570","1840","CHE+DHE","T14","46",0.725,46
"2571","1840","CHE+DHE","T14","54",0.933,54
"2572","1840","CHE+DHE","T14","60",1.155,60
"2573","1840","CHE+DHE","T14","67",1.632,67
"2574","1841","CHE+DHE","T14","11",0.159,11
"2575","1841","CHE+DHE","T14","18",0.215,18
"2576","1841","CHE+DHE","T14","24",0.245,24
"2577","1841","CHE+DHE","T14","38",0.507,38
"2578","1841","CHE+DHE","T14","46",0.739,46
"2579","1841","CHE+DHE","T14","54",0.877,54
"2580","1841","CHE+DHE","T14","60",1.26,60
"2581","1841","CHE+DHE","T14","67",1.439,67
"2582","1846","CHE+DHE","T14","11",0.218,11
"2583","1846","CHE+DHE","T14","18",0.21,18
"2584","1846","CHE+DHE","T14","24",0.256,24
"2585","1846","CHE+DHE","T14","38",0.526,38
"2586","1848","CHE+DHE","T14","11",0.389,11
"2587","1848","CHE+DHE","T14","18",0.412,18
"2588","1848","CHE+DHE","T14","24",0.505,24
"2589","1848","CHE+DHE","T14","38",0.847,38
"2590","1848","CHE+DHE","T14","46",1.31,46
"2591","1848","CHE+DHE","T14","54",1.658,54
"2592","1848","CHE+DHE","T14","60",1.8,60
"2593","1848","CHE+DHE","T14","67",2.013,67
"2594","1849","CHE+DHE","T14","11",0.172,11
"2595","1849","CHE+DHE","T14","18",0.118,18
"2596","1849","CHE+DHE","T14","24",0.08,24
"2597","1849","CHE+DHE","T14","38",0.215,38
"2598","1849","CHE+DHE","T14","46",0.284,46
"2599","1849","CHE+DHE","T14","54",0.345,54
"2600","1849","CHE+DHE","T14","60",1.043,60
"2601","1849","CHE+DHE","T14","67",0.599,67
"2602","1850","CHE+DHE","T14","11",0.162,11
"2603","1850","CHE+DHE","T14","18",0.157,18
"2604","1850","CHE+DHE","T14","24",0.191,24
"2605","1850","CHE+DHE","T14","38",0.414,38
"2606","1850","CHE+DHE","T14","46",0.71,46
"2607","1850","CHE+DHE","T14","54",0.912,54
"2608","1850","CHE+DHE","T14","60",1.105,60
"2609","1850","CHE+DHE","T14","67",1.323,67
"2610","1851","CHE+DHE","T14","11",0.16,11
"2611","1851","CHE+DHE","T14","18",0.198,18
"2612","1851","CHE+DHE","T14","24",0.268,24
"2613","1851","CHE+DHE","T14","38",0.337,38
"2614","1851","CHE+DHE","T14","46",0.691,46
"2615","1851","CHE+DHE","T14","54",0.884,54
"2616","1851","CHE+DHE","T14","60",0.914,60
"2617","1851","CHE+DHE","T14","67",0.871,67
"2618","1854","CHE+DHE","T14","11",0.149,11
"2619","1854","CHE+DHE","T14","18",0.172,18
"2620","1854","CHE+DHE","T14","24",0.21,24
"2621","1854","CHE+DHE","T14","38",0.348,38
"2622","1854","CHE+DHE","T14","46",0.771,46
"2623","1854","CHE+DHE","T14","54",0.793,54
"2624","1854","CHE+DHE","T14","60",0.737,60
"2625","1854","CHE+DHE","T14","67",0.865,67
"2626","1855","CHE+DHE","T14","11",0.205,11
"2627","1855","CHE+DHE","T14","18",0.138,18
"2628","1855","CHE+DHE","T14","24",0.263,24
"2629","1855","CHE+DHE","T14","38",0.508,38
"2630","1855","CHE+DHE","T14","46",0.956,46
"2631","1855","CHE+DHE","T14","54",1.025,54
"2632","1855","CHE+DHE","T14","60",1.373,60
"2633","1855","CHE+DHE","T14","67",1.573,67
"2634","1856","CHE+DHE","T14","11",0.243,11
"2635","1856","CHE+DHE","T14","18",0.28,18
"2636","1856","CHE+DHE","T14","24",0.337,24
"2637","1856","CHE+DHE","T14","38",0.48,38
"2638","1856","CHE+DHE","T14","46",2.074,46
"2639","1856","CHE+DHE","T14","54",3.248,54
"2640","1856","CHE+DHE","T14","60",2.35,60
"2641","1856","CHE+DHE","T14","67",3.175,67
"2642","1857","CHE+DHE","T14","11",0.121,11
"2643","1857","CHE+DHE","T14","18",0.16,18
"2644","1857","CHE+DHE","T14","24",0.204,24
"2645","1857","CHE+DHE","T14","38",0.485,38
"2646","1857","CHE+DHE","T14","46",0.993,46
"2647","1857","CHE+DHE","T14","54",0.859,54
"2648","1857","CHE+DHE","T14","60",1.78,60
"2649","1857","CHE+DHE","T14","67",1.193,67
"2650","1858","CHE+DHE","T14","11",0.157,11
"2651","1858","CHE+DHE","T14","18",0.182,18
"2652","1858","CHE+DHE","T14","24",0.262,24
"2653","1858","CHE+DHE","T14","38",0.567,38
"2654","1858","CHE+DHE","T14","46",0.955,46
"2655","1858","CHE+DHE","T14","54",1.034,54
"2656","1858","CHE+DHE","T14","60",1.743,60
"2657","1858","CHE+DHE","T14","67",1.406,67
"2658","1859","CHE+DHE","T14","11",0.213,11
"2659","1859","CHE+DHE","T14","18",0.195,18
"2660","1859","CHE+DHE","T14","24",0.349,24
"2661","1859","CHE+DHE","T14","38",0.813,38
"2662","1859","CHE+DHE","T14","46",1.227,46
"2663","1859","CHE+DHE","T14","54",1.572,54
"2664","1859","CHE+DHE","T14","60",2.126,60
"2665","1859","CHE+DHE","T14","67",1.819,67
"2666","1860","CHE+DHE","T14","11",0.093,11
"2667","1860","CHE+DHE","T14","18",0.082,18
"2668","1860","CHE+DHE","T14","24",0.061,24
"2669","1860","CHE+DHE","T14","38",0.115,38
"2670","1860","CHE+DHE","T14","46",0.159,46
"2671","1860","CHE+DHE","T14","54",0.167,54
"2672","1860","CHE+DHE","T14","60",0.273,60
"2673","1860","CHE+DHE","T14","67",0.256,67
"2674","1861","CHE+DHE","T14","11",0.251,11
"2675","1861","CHE+DHE","T14","18",0.189,18
"2676","1861","CHE+DHE","T14","24",0.432,24
"2677","1861","CHE+DHE","T14","38",1.107,38
"2678","1861","CHE+DHE","T14","46",1.594,46
"2679","1861","CHE+DHE","T14","54",2.216,54
"2680","1861","CHE+DHE","T14","60",2.882,60
"2681","1861","CHE+DHE","T14","67",2.663,67
"2682","1862","CHE+DHE","T14","11",0.165,11
"2683","1862","CHE+DHE","T14","18",0.168,18
"2684","1862","CHE+DHE","T14","24",0.219,24
"2685","1862","CHE+DHE","T14","38",0.4,38
"2686","1862","CHE+DHE","T14","46",0.882,46
"2687","1862","CHE+DHE","T14","54",1.235,54
"2688","1862","CHE+DHE","T14","60",1.601,60
"2689","1862","CHE+DHE","T14","67",1.637,67
"2690","1863","CHE+DHE","T14","11",0.231,11
"2691","1863","CHE+DHE","T14","18",0.234,18
"2692","1863","CHE+DHE","T14","24",0.334,24
"2693","1863","CHE+DHE","T14","38",0.575,38
"2694","1863","CHE+DHE","T14","46",0.699,46
"2695","1863","CHE+DHE","T14","54",0.825,54
"2696","1863","CHE+DHE","T14","60",1.148,60
"2697","1863","CHE+DHE","T14","67",1.387,67
"2698","1864","CHE+DHE","T14","11",0.221,11
"2699","1864","CHE+DHE","T14","18",0.192,18
"2700","1864","CHE+DHE","T14","24",0.265,24
"2701","1864","CHE+DHE","T14","38",0.695,38
"2702","1864","CHE+DHE","T14","46",1.185,46
"2703","1864","CHE+DHE","T14","54",1.389,54
"2704","1864","CHE+DHE","T14","60",2.127,60
"2705","1864","CHE+DHE","T14","67",1.563,67
"2706","1866","CHE+DHE","T14","11",0.203,11
"2707","1866","CHE+DHE","T14","18",0.145,18
"2708","1866","CHE+DHE","T14","24",0.184,24
"2709","1866","CHE+DHE","T14","38",0.441,38
"2710","1866","CHE+DHE","T14","46",0.587,46
"2711","1866","CHE+DHE","T14","54",0.887,54
"2712","1866","CHE+DHE","T14","60",1.087,60
"2713","1866","CHE+DHE","T14","67",1.292,67
"2714","1870","CHE+DHE","T14","11",0.155,11
"2715","1870","CHE+DHE","T14","18",0.18,18
"2716","1870","CHE+DHE","T14","24",0.276,24
"2717","1873","CHE+DHE","T14","11",0.129,11
"2718","1873","CHE+DHE","T14","18",0.183,18
"2719","1873","CHE+DHE","T14","24",0.292,24
"2720","1873","CHE+DHE","T14","38",0.387,38
"2721","1873","CHE+DHE","T14","46",0.68,46
"2722","1873","CHE+DHE","T14","54",0.468,54
"2723","1873","CHE+DHE","T14","60",0.66,60
"2724","1873","CHE+DHE","T14","67",0.76,67
"2725","1874","CHE+DHE","T14","11",0.168,11
"2726","1874","CHE+DHE","T14","18",0.128,18
"2727","1874","CHE+DHE","T14","24",0.189,24
"2728","1874","CHE+DHE","T14","38",0.436,38
"2729","1874","CHE+DHE","T14","46",1.079,46
"2730","1876","CHE+DHE","T14","11",0.263,11
"2731","1876","CHE+DHE","T14","18",0.288,18
"2732","1876","CHE+DHE","T14","24",0.374,24
"2733","1876","CHE+DHE","T14","38",0.704,38
"2734","1876","CHE+DHE","T14","46",1.296,46
"2735","1876","CHE+DHE","T14","54",0.851,54
"2736","1876","CHE+DHE","T14","60",1.331,60
"2737","1876","CHE+DHE","T14","67",1.543,67
"2738","1878","CHE+DHE","T14","11",0.23,11
"2739","1878","CHE+DHE","T14","18",0.267,18
"2740","1878","CHE+DHE","T14","24",0.395,24
"2741","1878","CHE+DHE","T14","38",0.621,38
"2742","1878","CHE+DHE","T14","46",0.969,46
"2743","1878","CHE+DHE","T14","54",0.832,54
"2744","1878","CHE+DHE","T14","60",0.766,60
"2745","1878","CHE+DHE","T14","67",0.938,67
"2746","1879","CHE+DHE","T14","11",0.252,11
"2747","1879","CHE+DHE","T14","18",0.253,18
"2748","1879","CHE+DHE","T14","24",0.378,24
"2749","1879","CHE+DHE","T14","38",0.573,38
"2750","1879","CHE+DHE","T14","46",1.122,46
"2751","1879","CHE+DHE","T14","54",1.198,54
"2752","1879","CHE+DHE","T14","60",1.425,60
"2753","1879","CHE+DHE","T14","67",1.679,67
"2754","1880","CHE+DHE","T14","11",0.192,11
"2755","1880","CHE+DHE","T14","18",0.219,18
"2756","1880","CHE+DHE","T14","24",0.377,24
"2757","1880","CHE+DHE","T14","38",0.785,38
"2758","1880","CHE+DHE","T14","46",1.397,46
"2759","1880","CHE+DHE","T14","54",2.088,54
"2760","1880","CHE+DHE","T14","60",1.294,60
"2761","1880","CHE+DHE","T14","67",1.481,67
"2762","1881","CHE+DHE","T14","11",0.218,11
"2763","1881","CHE+DHE","T14","18",0.231,18
"2764","1881","CHE+DHE","T14","24",0.303,24
"2765","1881","CHE+DHE","T14","38",0.69,38
"2766","1881","CHE+DHE","T14","46",1.112,46
"2767","1884","CHE+DHE","T14","11",0.224,11
"2768","1884","CHE+DHE","T14","18",0.179,18
"2769","1884","CHE+DHE","T14","24",0.21,24
"2770","1884","CHE+DHE","T14","38",0.339,38
"2771","1884","CHE+DHE","T14","46",0.555,46
"2772","1884","CHE+DHE","T14","54",0.475,54
"2773","1884","CHE+DHE","T14","60",0.475,60
"2774","1884","CHE+DHE","T14","67",0.614,67
"2775","1887","CHE+DHE","T14","11",0.25,11
"2776","1887","CHE+DHE","T14","18",0.306,18
"2777","1887","CHE+DHE","T14","24",0.406,24
"2778","1887","CHE+DHE","T14","38",0.818,38
"2779","1887","CHE+DHE","T14","46",1.322,46
"2780","1887","CHE+DHE","T14","54",1.583,54
"2781","1887","CHE+DHE","T14","60",1.376,60
"2782","1887","CHE+DHE","T14","67",1.768,67
"2783","1888","CHE+DHE","T14","11",0.152,11
"2784","1888","CHE+DHE","T14","18",0.168,18
"2785","1888","CHE+DHE","T14","24",0.198,24
"2786","1888","CHE+DHE","T14","38",0.316,38
"2787","1888","CHE+DHE","T14","46",0.553,46
"2788","1888","CHE+DHE","T14","54",0.456,54
"2789","1888","CHE+DHE","T14","60",0.439,60
"2790","1888","CHE+DHE","T14","67",0.501,67
"2791","1889","CHE+DHE","T14","11",0.2,11
"2792","1889","CHE+DHE","T14","18",0.229,18
"2793","1889","CHE+DHE","T14","24",0.292,24
"2794","1889","CHE+DHE","T14","38",0.534,38
"2795","1889","CHE+DHE","T14","46",1.134,46
"2796","1889","CHE+DHE","T14","54",0.879,54
"2797","1889","CHE+DHE","T14","60",0.611,60
"2798","1889","CHE+DHE","T14","67",1.309,67
"2799","1893","CHE+DHE","T14","11",0.193,11
"2800","1893","CHE+DHE","T14","18",0.131,18
"2801","1894","CHE+DHE","T14","11",0.201,11
"2802","1894","CHE+DHE","T14","18",0.279,18
"2803","1894","CHE+DHE","T14","24",0.304,24
"2804","1894","CHE+DHE","T14","38",0.544,38
"2805","1894","CHE+DHE","T14","46",0.87,46
"2806","1894","CHE+DHE","T14","54",1.068,54
"2807","1894","CHE+DHE","T14","60",1.004,60
"2808","1894","CHE+DHE","T14","67",1.546,67
"2809","1895","CHE+DHE","T14","11",0.277,11
"2810","1895","CHE+DHE","T14","18",0.237,18
"2811","1895","CHE+DHE","T14","24",0.365,24
"2812","1896","CHE+DHE","T14","11",0.166,11
"2813","1896","CHE+DHE","T14","18",0.217,18
"2814","1896","CHE+DHE","T14","24",0.332,24
"2815","1896","CHE+DHE","T14","38",0.543,38
"2816","1896","CHE+DHE","T14","46",1.086,46
"2817","1896","CHE+DHE","T14","54",1.418,54
"2818","1896","CHE+DHE","T14","60",0.682,60
"2819","1896","CHE+DHE","T14","67",1.264,67
"2820","1897","CHE+DHE","T14","11",0.078,11
"2821","1897","CHE+DHE","T14","18",0.057,18
"2822","1897","CHE+DHE","T14","24",0.119,24
"2823","1897","CHE+DHE","T14","38",0.133,38
"2824","1897","CHE+DHE","T14","46",0.223,46
"2825","1897","CHE+DHE","T14","54",0.204,54
"2826","1897","CHE+DHE","T14","60",0.263,60
"2827","1897","CHE+DHE","T14","67",0.215,67
"2828","1898","CHE+DHE","T14","11",0.232,11
"2829","1898","CHE+DHE","T14","18",0.184,18
"2830","1898","CHE+DHE","T14","24",0.317,24
"2831","1898","CHE+DHE","T14","38",0.579,38
"2832","1898","CHE+DHE","T14","46",1.196,46
"2833","1898","CHE+DHE","T14","54",1.148,54
"2834","1898","CHE+DHE","T14","60",1.457,60
"2835","1898","CHE+DHE","T14","67",1.77,67
"2836","1899","CHE+DHE","T14","11",0.179,11
"2837","1899","CHE+DHE","T14","18",0.188,18
"2838","1899","CHE+DHE","T14","24",0.223,24
"2839","1899","CHE+DHE","T14","38",0.412,38
"2840","1899","CHE+DHE","T14","46",0.651,46
"2841","1899","CHE+DHE","T14","54",0.751,54
"2842","1899","CHE+DHE","T14","60",0.827,60
"2843","1899","CHE+DHE","T14","67",0.896,67
"2844","1901","CHE+DHE","T14","18",0.22,18
"2845","1901","CHE+DHE","T14","24",0.265,24
"2846","1901","CHE+DHE","T14","38",0.478,38
"2847","1901","CHE+DHE","T14","46",0.829,46
"2848","1901","CHE+DHE","T14","54",0.769,54
"2849","1901","CHE+DHE","T14","60",0.384,60
"2850","1901","CHE+DHE","T14","67",0.727,67
"2851","1904","CHE+DHE","T14","11",0.2,11
"2852","1904","CHE+DHE","T14","18",0.169,18
"2853","1904","CHE+DHE","T14","24",0.299,24
"2854","1904","CHE+DHE","T14","38",0.668,38
"2855","1904","CHE+DHE","T14","46",1.081,46
"2856","1904","CHE+DHE","T14","54",1.479,54
"2857","1904","CHE+DHE","T14","60",1.917,60
"2858","1904","CHE+DHE","T14","67",1.742,67
"2859","1905","CHE+DHE","T14","11",0.213,11
"2860","1905","CHE+DHE","T14","18",0.254,18
"2861","1905","CHE+DHE","T14","24",0.375,24
"2862","1905","CHE+DHE","T14","38",0.635,38
"2863","1905","CHE+DHE","T14","46",1.445,46
"2864","1905","CHE+DHE","T14","54",1.908,54
"2865","1905","CHE+DHE","T14","60",2.125,60
"2866","1905","CHE+DHE","T14","67",2.054,67
"2867","1906","CHE+DHE","T14","11",0.187,11
"2868","1906","CHE+DHE","T14","18",0.214,18
"2869","1906","CHE+DHE","T14","24",0.375,24
"2870","1906","CHE+DHE","T14","38",0.936,38
"2871","1906","CHE+DHE","T14","46",1.553,46
"2872","1906","CHE+DHE","T14","54",2.219,54
"2873","1906","CHE+DHE","T14","60",2.653,60
"2874","1906","CHE+DHE","T14","67",3.164,67
"2875","1907","CHE+DHE","T14","11",0.276,11
"2876","1907","CHE+DHE","T14","18",0.255,18
"2877","1907","CHE+DHE","T14","24",0.269,24
"2878","1907","CHE+DHE","T14","38",0.731,38
"2879","1907","CHE+DHE","T14","46",1.158,46
"2880","1907","CHE+DHE","T14","54",1.988,54
"2881","1907","CHE+DHE","T14","60",2.163,60
"2882","1907","CHE+DHE","T14","67",2,67
"2883","1908","CHE+DHE","T14","11",0.177,11
"2884","1908","CHE+DHE","T14","18",0.181,18
"2885","1908","CHE+DHE","T14","24",0.456,24
"2886","1908","CHE+DHE","T14","38",0.604,38
"2887","1908","CHE+DHE","T14","46",1.065,46
"2888","1908","CHE+DHE","T14","54",1.389,54
"2889","1908","CHE+DHE","T14","60",1.718,60
"2890","1908","CHE+DHE","T14","67",1.457,67
"2891","1910","CHE+DHE","T14","11",0.244,11
"2892","1910","CHE+DHE","T14","18",0.289,18
"2893","1910","CHE+DHE","T14","24",0.402,24
"2894","1910","CHE+DHE","T14","38",0.607,38
"2895","1910","CHE+DHE","T14","46",1.196,46
"2896","1910","CHE+DHE","T14","54",1.826,54
"2897","1910","CHE+DHE","T14","60",2.06,60
"2898","1910","CHE+DHE","T14","67",2.088,67
"2899","1911","CHE+DHE","T14","11",0.217,11
"2900","1911","CHE+DHE","T14","18",0.238,18
"2901","1911","CHE+DHE","T14","24",0.331,24
"2902","1911","CHE+DHE","T14","38",0.489,38
"2903","1911","CHE+DHE","T14","46",0.937,46
"2904","1911","CHE+DHE","T14","54",0.835,54
"2905","1911","CHE+DHE","T14","60",1.078,60
"2906","1911","CHE+DHE","T14","67",1.178,67
"2907","1912","CHE+DHE","T14","11",0.176,11
"2908","1912","CHE+DHE","T14","18",0.181,18
"2909","1912","CHE+DHE","T14","24",0.224,24
"2910","1912","CHE+DHE","T14","38",0.452,38
"2911","1912","CHE+DHE","T14","46",0.802,46
"2912","1912","CHE+DHE","T14","54",0.965,54
"2913","1912","CHE+DHE","T14","60",1.018,60
"2914","1912","CHE+DHE","T14","67",1.186,67
"2915","1915","CHE+DHE","T14","11",0.24,11
"2916","1915","CHE+DHE","T14","18",0.283,18
"2917","1915","CHE+DHE","T14","24",0.407,24
"2918","1915","CHE+DHE","T14","38",0.587,38
"2919","1915","CHE+DHE","T14","46",1.017,46
"2920","1915","CHE+DHE","T14","54",1.333,54
"2921","1915","CHE+DHE","T14","60",1.44,60
"2922","1915","CHE+DHE","T14","67",1.501,67
"2923","1921","CHE+DHE","T14","11",0.222,11
"2924","1921","CHE+DHE","T14","18",0.232,18
"2925","1921","CHE+DHE","T14","24",0.212,24
"2926","1921","CHE+DHE","T14","38",0.567,38
"2927","1921","CHE+DHE","T14","46",1.017,46
"2928","1921","CHE+DHE","T14","54",0.716,54
"2929","1921","CHE+DHE","T14","60",0.743,60
"2930","1921","CHE+DHE","T14","67",1.009,67
"2931","1922","CHE+DHE","T14","11",0.257,11
"2932","1923","CHE+DHE","T14","11",0.196,11
"2933","1924","CHE+DHE","T14","11",0.06,11
"2934","1924","CHE+DHE","T14","18",0.059,18
"2935","1924","CHE+DHE","T14","24",0.104,24
"2936","1924","CHE+DHE","T14","38",0.214,38
"2937","1924","CHE+DHE","T14","46",0.308,46
"2938","1924","CHE+DHE","T14","54",0.515,54
"2939","1924","CHE+DHE","T14","60",0.721,60
"2940","1924","CHE+DHE","T14","67",0.713,67
"2941","1925","CHE+DHE","T14","18",0.143,18
"2942","1925","CHE+DHE","T14","24",0.203,24
"2943","1925","CHE+DHE","T14","38",0.383,38
"2944","1925","CHE+DHE","T14","46",0.591,46
"2945","1925","CHE+DHE","T14","54",0.737,54
"2946","1925","CHE+DHE","T14","60",0.728,60
"2947","1925","CHE+DHE","T14","67",1.037,67
"2948","2057","CHE+DHE","T14","11",0.075,11
"2949","2057","CHE+DHE","T14","18",0.168,18
"2950","2057","CHE+DHE","T14","24",0.061,24
"2951","2057","CHE+DHE","T14","38",0.15,38
"2952","2057","CHE+DHE","T14","46",0.171,46
"2953","2058","CHE+DHE","T14","11",0.091,11
"2954","2058","CHE+DHE","T14","18",0.055,18
"2955","2058","CHE+DHE","T14","24",0.199,24
"2956","2058","CHE+DHE","T14","38",0.151,38
"2957","2058","CHE+DHE","T14","46",0.14,46
"2958","2058","CHE+DHE","T14","54",0.176,54
"2959","2058","CHE+DHE","T14","60",0.355,60
"2960","2058","CHE+DHE","T14","67",0.352,67
"2961","2059","CHE+DHE","T14","11",0.09,11
"2962","2059","CHE+DHE","T14","18",0.168,18
"2963","2059","CHE+DHE","T14","24",0.249,24
"2964","2059","CHE+DHE","T14","38",0.392,38
"2965","2059","CHE+DHE","T14","46",0.543,46
"2966","2059","CHE+DHE","T14","54",0.365,54
"2967","2059","CHE+DHE","T14","60",0.62,60
"2968","2059","CHE+DHE","T14","67",0.516,67
"2969","2060","CHE+DHE","T14","11",0.069,11
"2970","2060","CHE+DHE","T14","18",0.051,18
"2971","2060","CHE+DHE","T14","24",0.089,24
"2972","2060","CHE+DHE","T14","38",0.103,38
"2973","2060","CHE+DHE","T14","46",0.116,46
"2974","2061","CHE+DHE","T14","11",0.141,11
"2975","2062","CHE+DHE","T14","11",0.213,11
"2976","2063","CHE+DHE","T14","11",0.225,11
"2977","2064","CHE+DHE","T14","11",0.196,11
"2978","2065","CHE+DHE","T14","11",0.18,11
"2979","2067","CHE+DHE","T14","11",0.166,11
"2980","2068","CHE+DHE","T14","11",0.201,11
"2981","2069","CHE+DHE","T14","11",0.083,11
"2982","2070","CHE+DHE","T14","11",0.211,11
"2983","2071","CHE+DHE","T14","11",0.181,11
"2984","2072","CHE+DHE","T14","11",0.106,11
"2985","2093","CWT+DHE","T15","11",0.238,11
"2986","2093","CWT+DHE","T15","18",0.195,18
"2987","2093","CWT+DHE","T15","24",0.426,24
"2988","2093","CWT+DHE","T15","38",0.363,38
"2989","2093","CWT+DHE","T15","46",0.644,46
"2990","2093","CWT+DHE","T15","54",0.986,54
"2991","2093","CWT+DHE","T15","60",1.632,60
"2992","2093","CWT+DHE","T15","67",1.163,67
"2993","2094","CWT+DHE","T15","11",0.278,11
"2994","2094","CWT+DHE","T15","18",0.255,18
"2995","2094","CWT+DHE","T15","24",0.394,24
"2996","2094","CWT+DHE","T15","38",0.565,38
"2997","2094","CWT+DHE","T15","46",1.074,46
"2998","2094","CWT+DHE","T15","54",1.336,54
"2999","2094","CWT+DHE","T15","60",1.714,60
"3000","2094","CWT+DHE","T15","67",1.774,67
"3001","2095","CWT+DHE","T15","11",0.217,11
"3002","2095","CWT+DHE","T15","18",0.205,18
"3003","2095","CWT+DHE","T15","24",0.263,24
"3004","2095","CWT+DHE","T15","38",0.519,38
"3005","2095","CWT+DHE","T15","46",0.67,46
"3006","2095","CWT+DHE","T15","54",0.638,54
"3007","2095","CWT+DHE","T15","60",0.831,60
"3008","2095","CWT+DHE","T15","67",1.065,67
"3009","2096","CWT+DHE","T15","11",0.153,11
"3010","2096","CWT+DHE","T15","18",0.215,18
"3011","2096","CWT+DHE","T15","24",0.296,24
"3012","2096","CWT+DHE","T15","46",0.828,46
"3013","2096","CWT+DHE","T15","54",1.336,54
"3014","2096","CWT+DHE","T15","60",1.707,60
"3015","2096","CWT+DHE","T15","67",1.254,67
"3016","2098","CWT+DHE","T15","11",0.388,11
"3017","2098","CWT+DHE","T15","18",0.479,18
"3018","2098","CWT+DHE","T15","24",0.571,24
"3019","2098","CWT+DHE","T15","38",0.893,38
"3020","2098","CWT+DHE","T15","46",2.183,46
"3021","2098","CWT+DHE","T15","54",2.257,54
"3022","2098","CWT+DHE","T15","60",2.924,60
"3023","2098","CWT+DHE","T15","67",2.003,67
"3024","2100","CWT+DHE","T15","11",0.133,11
"3025","2100","CWT+DHE","T15","18",0.121,18
"3026","2104","CWT+DHE","T15","11",0.174,11
"3027","2104","CWT+DHE","T15","18",0.176,18
"3028","2104","CWT+DHE","T15","24",0.185,24
"3029","2104","CWT+DHE","T15","38",0.308,38
"3030","2104","CWT+DHE","T15","46",0.863,46
"3031","2104","CWT+DHE","T15","54",0.697,54
"3032","2104","CWT+DHE","T15","60",0.682,60
"3033","2104","CWT+DHE","T15","67",0.625,67
"3034","2108","CWT+DHE","T15","11",0.114,11
"3035","2108","CWT+DHE","T15","18",0.169,18
"3036","2108","CWT+DHE","T15","24",0.132,24
"3037","2108","CWT+DHE","T15","38",0.267,38
"3038","2108","CWT+DHE","T15","46",0.547,46
"3039","2108","CWT+DHE","T15","54",0.545,54
"3040","2108","CWT+DHE","T15","60",0.687,60
"3041","2108","CWT+DHE","T15","67",0.972,67
"3042","2113","CWT+DHE","T15","11",0.233,11
"3043","2113","CWT+DHE","T15","18",0.266,18
"3044","2113","CWT+DHE","T15","24",0.249,24
"3045","2113","CWT+DHE","T15","38",0.261,38
"3046","2113","CWT+DHE","T15","46",0.61,46
"3047","2113","CWT+DHE","T15","54",0.658,54
"3048","2113","CWT+DHE","T15","60",0.934,60
"3049","2113","CWT+DHE","T15","67",0.752,67
"3050","2114","CWT+DHE","T15","11",0.179,11
"3051","2114","CWT+DHE","T15","18",0.199,18
"3052","2114","CWT+DHE","T15","24",0.249,24
"3053","2115","CWT+DHE","T15","11",0.175,11
"3054","2115","CWT+DHE","T15","18",0.307,18
"3055","2115","CWT+DHE","T15","24",0.402,24
"3056","2115","CWT+DHE","T15","38",0.541,38
"3057","2115","CWT+DHE","T15","46",0.78,46
"3058","2115","CWT+DHE","T15","54",0.663,54
"3059","2115","CWT+DHE","T15","60",0.56,60
"3060","2115","CWT+DHE","T15","67",0.794,67
"3061","2116","CWT+DHE","T15","11",0.246,11
"3062","2116","CWT+DHE","T15","18",0.268,18
"3063","2116","CWT+DHE","T15","24",0.236,24
"3064","2116","CWT+DHE","T15","38",0.274,38
"3065","2116","CWT+DHE","T15","46",0.27,46
"3066","2116","CWT+DHE","T15","54",0.284,54
"3067","2116","CWT+DHE","T15","60",0.526,60
"3068","2116","CWT+DHE","T15","67",0.403,67
"3069","2120","CWT+DHE","T15","11",0.286,11
"3070","2120","CWT+DHE","T15","18",0.324,18
"3071","2120","CWT+DHE","T15","24",0.459,24
"3072","2120","CWT+DHE","T15","38",0.598,38
"3073","2120","CWT+DHE","T15","46",1.084,46
"3074","1991","CWT+DWT","T13","11",0.162,11
"3075","1991","CWT+DWT","T13","18",0.148,18
"3076","1991","CWT+DWT","T13","24",0.181,24
"3077","1991","CWT+DWT","T13","38",0.205,38
"3078","1991","CWT+DWT","T13","46",0.48,46
"3079","1991","CWT+DWT","T13","54",0.733,54
"3080","1991","CWT+DWT","T13","60",1.002,60
"3081","1991","CWT+DWT","T13","67",1.569,67
"3082","1992","CWT+DWT","T13","11",0.194,11
"3083","1992","CWT+DWT","T13","18",0.162,18
"3084","1992","CWT+DWT","T13","24",0.212,24
"3085","1992","CWT+DWT","T13","38",0.394,38
"3086","1992","CWT+DWT","T13","46",0.987,46
"3087","1992","CWT+DWT","T13","54",1.551,54
"3088","1992","CWT+DWT","T13","60",1.874,60
"3089","1992","CWT+DWT","T13","67",1.888,67
"3090","1993","CWT+DWT","T13","11",0.247,11
"3091","1993","CWT+DWT","T13","18",0.205,18
"3092","1993","CWT+DWT","T13","24",0.34,24
"3093","1993","CWT+DWT","T13","38",0.424,38
"3094","1993","CWT+DWT","T13","46",0.777,46
"3095","1993","CWT+DWT","T13","54",1.11,54
"3096","1993","CWT+DWT","T13","60",1.347,60
"3097","1993","CWT+DWT","T13","67",1.695,67
"3098","1997","CWT+DWT","T13","11",0.323,11
"3099","1997","CWT+DWT","T13","18",0.297,18
"3100","1997","CWT+DWT","T13","24",0.255,24
"3101","1998","CWT+DWT","T13","11",0.328,11
"3102","1998","CWT+DWT","T13","18",0.3,18
"3103","1998","CWT+DWT","T13","24",0.421,24
"3104","1998","CWT+DWT","T13","38",0.901,38
"3105","1998","CWT+DWT","T13","46",1.636,46
"3106","1998","CWT+DWT","T13","54",2.84,54
"3107","1998","CWT+DWT","T13","60",3.306,60
"3108","1998","CWT+DWT","T13","67",3.911,67
"3109","1999","CWT+DWT","T13","11",0.179,11
"3110","1999","CWT+DWT","T13","18",0.271,18
"3111","1999","CWT+DWT","T13","24",0.388,24
"3112","1999","CWT+DWT","T13","38",0.652,38
"3113","1999","CWT+DWT","T13","46",1.11,46
"3114","1999","CWT+DWT","T13","54",2.179,54
"3115","1999","CWT+DWT","T13","60",3.001,60
"3116","1999","CWT+DWT","T13","67",3.565,67
"3117","2000","CWT+DWT","T13","11",0.276,11
"3118","2000","CWT+DWT","T13","18",0.313,18
"3119","2000","CWT+DWT","T13","24",0.365,24
"3120","2000","CWT+DWT","T13","38",0.559,38
"3121","2000","CWT+DWT","T13","46",1.287,46
"3122","2000","CWT+DWT","T13","54",1.952,54
"3123","2000","CWT+DWT","T13","60",2.817,60
"3124","2000","CWT+DWT","T13","67",3.894,67
"3125","2003","CWT+DWT","T13","11",0.206,11
"3126","2003","CWT+DWT","T13","18",0.175,18
"3127","2003","CWT+DWT","T13","24",0.253,24
"3128","2003","CWT+DWT","T13","38",0.223,38
"3129","2003","CWT+DWT","T13","46",0.42,46
"3130","2003","CWT+DWT","T13","54",0.314,54
"3131","2003","CWT+DWT","T13","60",0.538,60
"3132","2003","CWT+DWT","T13","67",0.397,67
"3133","2005","CWT+DWT","T13","11",0.154,11
"3134","2005","CWT+DWT","T13","18",0.213,18
"3135","2005","CWT+DWT","T13","24",0.538,24
"3136","2005","CWT+DWT","T13","38",0.961,38
"3137","2005","CWT+DWT","T13","46",1.814,46
"3138","2005","CWT+DWT","T13","54",2.672,54
"3139","2005","CWT+DWT","T13","60",2.794,60
"3140","2005","CWT+DWT","T13","67",3.52,67
"3141","2006","CWT+DWT","T13","11",0.151,11
"3142","2006","CWT+DWT","T13","18",0.207,18
"3143","2006","CWT+DWT","T13","24",0.276,24
"3144","2006","CWT+DWT","T13","38",0.441,38
"3145","2006","CWT+DWT","T13","46",1.236,46
"3146","2006","CWT+DWT","T13","54",1.467,54
"3147","2006","CWT+DWT","T13","60",2.254,60
"3148","2006","CWT+DWT","T13","67",2.442,67
"3149","2008","CWT+DWT","T13","11",0.221,11
"3150","2008","CWT+DWT","T13","18",0.071,18
"3151","2008","CWT+DWT","T13","24",0.2,24
"3152","2008","CWT+DWT","T13","38",0.311,38
"3153","2008","CWT+DWT","T13","46",0.508,46
"3154","2008","CWT+DWT","T13","54",0.896,54
"3155","2008","CWT+DWT","T13","60",0.961,60
"3156","2008","CWT+DWT","T13","67",1.22,67
"3157","2009","CWT+DWT","T13","11",0.12,11
"3158","2009","CWT+DWT","T13","18",0.113,18
"3159","2009","CWT+DWT","T13","24",0.172,24
"3160","2009","CWT+DWT","T13","38",0.273,38
"3161","2009","CWT+DWT","T13","46",0.658,46
"3162","2009","CWT+DWT","T13","54",1.018,54
"3163","2009","CWT+DWT","T13","60",1.037,60
"3164","2009","CWT+DWT","T13","67",1.497,67
"3165","2010","CWT+DWT","T13","11",0.245,11
"3166","2010","CWT+DWT","T13","18",0.265,18
"3167","2010","CWT+DWT","T13","24",0.322,24
"3168","2010","CWT+DWT","T13","38",0.597,38
"3169","2010","CWT+DWT","T13","46",1.674,46
"3170","2010","CWT+DWT","T13","54",1.813,54
"3171","2010","CWT+DWT","T13","60",2.096,60
"3172","2010","CWT+DWT","T13","67",2.821,67
"3173","2011","CWT+DWT","T13","11",0.267,11
"3174","2011","CWT+DWT","T13","18",0.293,18
"3175","2011","CWT+DWT","T13","24",0.271,24
"3176","2011","CWT+DWT","T13","38",0.425,38
"3177","2011","CWT+DWT","T13","46",0.803,46
"3178","2011","CWT+DWT","T13","54",1.162,54
"3179","2012","CWT+DWT","T13","11",0.281,11
"3180","2012","CWT+DWT","T13","18",0.282,18
"3181","2012","CWT+DWT","T13","24",0.397,24
"3182","2012","CWT+DWT","T13","38",0.817,38
"3183","2012","CWT+DWT","T13","46",1.528,46
"3184","2012","CWT+DWT","T13","54",2.056,54
"3185","2012","CWT+DWT","T13","60",1.81,60
"3186","2012","CWT+DWT","T13","67",2.253,67
"3187","2013","CWT+DWT","T13","11",0.27,11
"3188","2013","CWT+DWT","T13","18",0.29,18
"3189","2013","CWT+DWT","T13","24",0.372,24
"3190","2013","CWT+DWT","T13","38",0.627,38
"3191","2013","CWT+DWT","T13","46",0.884,46
"3192","2013","CWT+DWT","T13","54",1.307,54
"3193","2013","CWT+DWT","T13","60",1.697,60
"3194","2013","CWT+DWT","T13","67",1.911,67
"3195","2014","CWT+DWT","T13","11",0.241,11
"3196","2014","CWT+DWT","T13","18",0.288,18
"3197","2014","CWT+DWT","T13","24",0.286,24
"3198","2014","CWT+DWT","T13","38",0.511,38
"3199","2014","CWT+DWT","T13","46",1.191,46
"3200","2014","CWT+DWT","T13","54",1.076,54
"3201","2014","CWT+DWT","T13","60",1.611,60
"3202","2014","CWT+DWT","T13","67",2.106,67
"3203","2015","CWT+DWT","T13","11",0.256,11
"3204","2015","CWT+DWT","T13","18",0.137,18
"3205","2015","CWT+DWT","T13","24",0.204,24
"3206","2015","CWT+DWT","T13","38",0.19,38
"3207","2015","CWT+DWT","T13","46",0.193,46
"3208","2015","CWT+DWT","T13","54",0.242,54
"3209","2015","CWT+DWT","T13","60",0.417,60
"3210","2016","CWT+DWT","T13","11",0.202,11
"3211","2017","CWT+DWT","T13","11",0.11,11
"3212","2017","CWT+DWT","T13","18",0.06,18
"3213","2019","CWT+DWT","T13","11",0.479,11
"3214","2019","CWT+DWT","T13","18",0.181,18
"3215","2022","CWT+DWT","T13","11",0.216,11
"3216","2022","CWT+DWT","T13","18",0.236,18
"3217","2022","CWT+DWT","T13","24",0.249,24
"3218","2022","CWT+DWT","T13","38",0.197,38
"3219","2022","CWT+DWT","T13","46",0.422,46
"3220","2022","CWT+DWT","T13","54",1,54
"3221","2022","CWT+DWT","T13","60",1.497,60
"3222","2022","CWT+DWT","T13","67",1.204,67
"3223","2023","CWT+DWT","T13","11",0.251,11
"3224","2023","CWT+DWT","T13","18",0.282,18
"3225","2023","CWT+DWT","T13","24",0.408,24
"3226","2023","CWT+DWT","T13","38",0.534,38
"3227","2023","CWT+DWT","T13","46",1.238,46
"3228","2023","CWT+DWT","T13","54",1.717,54
"3229","2023","CWT+DWT","T13","60",2.255,60
"3230","2023","CWT+DWT","T13","67",2.367,67
"3231","2024","CWT+DWT","T13","11",0.128,11
"3232","2024","CWT+DWT","T13","18",0.057,18
"3233","2024","CWT+DWT","T13","24",0.061,24
"3234","2024","CWT+DWT","T13","38",0.102,38
"3235","2024","CWT+DWT","T13","46",0.144,46
"3236","2024","CWT+DWT","T13","54",0.287,54
"3237","2024","CWT+DWT","T13","60",0.394,60
"3238","2024","CWT+DWT","T13","67",0.533,67
"3239","2025","CWT+DWT","T13","11",0.093,11
"3240","2025","CWT+DWT","T13","18",0.064,18
"3241","2025","CWT+DWT","T13","24",0.169,24
"3242","2025","CWT+DWT","T13","38",0.171,38
"3243","2025","CWT+DWT","T13","46",0.295,46
"3244","2025","CWT+DWT","T13","54",0.653,54
"3245","2025","CWT+DWT","T13","60",0.599,60
"3246","2025","CWT+DWT","T13","67",0.924,67
"3247","2026","CWT+DWT","T13","11",0.267,11
"3248","2026","CWT+DWT","T13","18",0.256,18
"3249","2026","CWT+DWT","T13","24",0.387,24
"3250","2026","CWT+DWT","T13","38",1.229,38
"3251","2026","CWT+DWT","T13","46",2.014,46
"3252","2026","CWT+DWT","T13","54",3.151,54
"3253","2026","CWT+DWT","T13","60",3.923,60
"3254","2026","CWT+DWT","T13","67",4.463,67
"3255","2027","CWT+DWT","T13","11",0.159,11
"3256","2027","CWT+DWT","T13","18",0.111,18
"3257","2027","CWT+DWT","T13","24",0.214,24
"3258","2027","CWT+DWT","T13","38",0.359,38
"3259","2027","CWT+DWT","T13","46",0.717,46
"3260","2027","CWT+DWT","T13","54",0.893,54
"3261","2027","CWT+DWT","T13","60",1.041,60
"3262","2027","CWT+DWT","T13","67",1.235,67
"3263","2031","CWT+DWT","T13","11",0.217,11
"3264","2031","CWT+DWT","T13","18",0.154,18
"3265","2031","CWT+DWT","T13","24",0.276,24
"3266","2031","CWT+DWT","T13","38",0.419,38
"3267","2031","CWT+DWT","T13","46",0.742,46
"3268","2031","CWT+DWT","T13","54",0.991,54
"3269","2031","CWT+DWT","T13","60",1.072,60
"3270","2031","CWT+DWT","T13","67",1.717,67
"3271","2032","CWT+DWT","T13","11",0.277,11
"3272","2032","CWT+DWT","T13","18",0.306,18
"3273","2032","CWT+DWT","T13","24",0.399,24
"3274","2032","CWT+DWT","T13","38",0.733,38
"3275","2032","CWT+DWT","T13","46",1.257,46
"3276","2032","CWT+DWT","T13","54",1.343,54
"3277","2032","CWT+DWT","T13","60",1.491,60
"3278","2032","CWT+DWT","T13","67",2.063,67
"3279","2033","CWT+DWT","T13","11",0.462,11
"3280","2033","CWT+DWT","T13","18",0.48,18
"3281","2033","CWT+DWT","T13","24",0.628,24
"3282","2033","CWT+DWT","T13","38",1.85,38
"3283","2033","CWT+DWT","T13","46",3.667,46
"3284","2033","CWT+DWT","T13","54",7.124,54
"3285","2033","CWT+DWT","T13","60",6.36,60
"3286","2033","CWT+DWT","T13","67",7.64,67
"3287","2034","CWT+DWT","T13","11",0.059,11
"3288","2034","CWT+DWT","T13","18",0.031,18
"3289","2035","CWT+DWT","T13","18",0.142,18
"3290","2035","CWT+DWT","T13","24",0.263,24
"3291","2035","CWT+DWT","T13","38",0.392,38
"3292","2035","CWT+DWT","T13","46",1.098,46
"3293","2035","CWT+DWT","T13","54",1.21,54
"3294","2035","CWT+DWT","T13","60",1.554,60
"3295","2035","CWT+DWT","T13","67",1.411,67
"3296","2037","CWT+DWT","T13","11",0.127,11
"3297","2037","CWT+DWT","T13","18",0.239,18
"3298","2037","CWT+DWT","T13","24",0.104,24
"3299","2038","CWT+DWT","T13","11",0.085,11
"3300","2038","CWT+DWT","T13","18",0.067,18
"3301","2038","CWT+DWT","T13","24",0.132,24
"3302","2038","CWT+DWT","T13","38",0.088,38
"3303","2038","CWT+DWT","T13","46",0.201,46
"3304","2038","CWT+DWT","T13","54",0.383,54
"3305","2038","CWT+DWT","T13","60",0.388,60
"3306","2038","CWT+DWT","T13","67",0.556,67
"3307","2039","CWT+DWT","T13","11",0.206,11
"3308","2039","CWT+DWT","T13","18",0.262,18
"3309","2039","CWT+DWT","T13","24",0.426,24
"3310","2039","CWT+DWT","T13","38",0.757,38
"3311","2039","CWT+DWT","T13","46",1.838,46
"3312","2039","CWT+DWT","T13","54",2.054,54
"3313","2039","CWT+DWT","T13","60",2.443,60
"3314","2039","CWT+DWT","T13","67",3.164,67
"3315","2040","CWT+DWT","T13","11",0.133,11
"3316","2040","CWT+DWT","T13","18",0.164,18
"3317","2040","CWT+DWT","T13","24",0.248,24
"3318","2040","CWT+DWT","T13","38",0.423,38
"3319","2040","CWT+DWT","T13","46",0.786,46
"3320","2040","CWT+DWT","T13","54",0.867,54
"3321","2041","CWT+DWT","T13","11",0.281,11
"3322","2041","CWT+DWT","T13","18",0.28,18
"3323","2041","CWT+DWT","T13","24",0.361,24
"3324","2041","CWT+DWT","T13","38",1,38
"3325","2041","CWT+DWT","T13","46",1.988,46
"3326","2041","CWT+DWT","T13","54",1.195,54
"3327","2042","CWT+DWT","T13","11",0.127,11
"3328","2042","CWT+DWT","T13","18",0.168,18
"3329","2042","CWT+DWT","T13","24",0.229,24
"3330","2042","CWT+DWT","T13","38",0.323,38
"3331","2042","CWT+DWT","T13","46",0.531,46
"3332","2042","CWT+DWT","T13","54",0.713,54
"3333","2042","CWT+DWT","T13","60",0.815,60
"3334","2042","CWT+DWT","T13","67",1.516,67
"3335","2043","CWT+DWT","T13","11",0.318,11
"3336","2043","CWT+DWT","T13","18",0.231,18
"3337","2043","CWT+DWT","T13","24",0.239,24
"3338","2043","CWT+DWT","T13","38",0.327,38
"3339","2043","CWT+DWT","T13","46",0.759,46
"3340","2043","CWT+DWT","T13","54",0.974,54
"3341","2043","CWT+DWT","T13","60",1.18,60
"3342","2043","CWT+DWT","T13","67",1.623,67
"3343","2044","CWT+DWT","T13","11",0.234,11
"3344","2044","CWT+DWT","T13","18",0.236,18
"3345","2044","CWT+DWT","T13","24",0.288,24
"3346","2044","CWT+DWT","T13","38",0.648,38
"3347","2044","CWT+DWT","T13","46",1.542,46
"3348","2044","CWT+DWT","T13","54",1.854,54
"3349","2044","CWT+DWT","T13","60",2.336,60
"3350","2044","CWT+DWT","T13","67",2.614,67
"3351","2045","CWT+DWT","T13","11",0.067,11
"3352","2045","CWT+DWT","T13","18",0.054,18
"3353","2045","CWT+DWT","T13","24",0.051,24
"3354","2045","CWT+DWT","T13","38",0.078,38
"3355","2045","CWT+DWT","T13","46",0.098,46
"3356","2045","CWT+DWT","T13","54",0.166,54
"3357","2045","CWT+DWT","T13","60",0.195,60
"3358","2046","CWT+DWT","T13","11",0.155,11
"3359","2046","CWT+DWT","T13","18",0.11,18
"3360","2046","CWT+DWT","T13","24",0.157,24
"3361","2046","CWT+DWT","T13","38",0.263,38
"3362","2046","CWT+DWT","T13","46",0.414,46
"3363","2046","CWT+DWT","T13","54",0.671,54
"3364","2046","CWT+DWT","T13","60",0.868,60
"3365","2046","CWT+DWT","T13","67",1.151,67
"3366","2047","CWT+DWT","T13","11",0.149,11
"3367","2047","CWT+DWT","T13","18",0.166,18
"3368","2047","CWT+DWT","T13","24",0.225,24
"3369","2047","CWT+DWT","T13","38",0.384,38
"3370","2047","CWT+DWT","T13","46",0.928,46
"3371","2047","CWT+DWT","T13","54",1.396,54
"3372","2047","CWT+DWT","T13","60",1.704,60
"3373","2047","CWT+DWT","T13","67",1.622,67
"3374","2048","CWT+DWT","T13","11",0.147,11
"3375","2048","CWT+DWT","T13","18",0.11,18
"3376","2048","CWT+DWT","T13","24",0.077,24
"3377","2048","CWT+DWT","T13","38",0.18,38
"3378","2048","CWT+DWT","T13","46",0.283,46
"3379","2048","CWT+DWT","T13","54",0.461,54
"3380","2048","CWT+DWT","T13","60",0.743,60
"3381","2048","CWT+DWT","T13","67",0.987,67
"3382","2050","CWT+DWT","T13","11",0.134,11
"3383","2050","CWT+DWT","T13","18",0.156,18
"3384","2051","CWT+DWT","T13","11",0.303,11
"3385","2051","CWT+DWT","T13","18",0.257,18
"3386","2051","CWT+DWT","T13","24",0.283,24
"3387","2051","CWT+DWT","T13","38",0.264,38
"3388","2051","CWT+DWT","T13","46",0.289,46
"3389","2051","CWT+DWT","T13","54",0.278,54
"3390","2051","CWT+DWT","T13","60",0.276,60
"3391","2051","CWT+DWT","T13","67",0.358,67
"3392","2052","CWT+DWT","T13","11",0.139,11
"3393","2052","CWT+DWT","T13","18",0.152,18
"3394","2053","CWT+DWT","T13","11",0.089,11
"3395","2053","CWT+DWT","T13","18",0.077,18
"3396","2053","CWT+DWT","T13","24",0.08,24
"3397","2053","CWT+DWT","T13","38",0.131,38
"3398","2053","CWT+DWT","T13","46",0.109,46
"3399","2053","CWT+DWT","T13","54",0.372,54
"3400","2053","CWT+DWT","T13","60",0.375,60
"3401","2053","CWT+DWT","T13","67",0.282,67
"3402","2054","CWT+DWT","T13","11",0.209,11
"3403","2054","CWT+DWT","T13","18",0.184,18
"3404","2054","CWT+DWT","T13","24",0.22,24
"3405","2054","CWT+DWT","T13","38",0.481,38
"3406","2054","CWT+DWT","T13","46",0.867,46
"3407","2054","CWT+DWT","T13","54",1.119,54
"3408","2054","CWT+DWT","T13","60",1.551,60
"3409","2054","CWT+DWT","T13","67",1.838,67
"3410","2055","CWT+DWT","T13","11",0.241,11
"3411","2055","CWT+DWT","T13","18",0.164,18
"3412","2055","CWT+DWT","T13","24",0.18,24
"3413","2055","CWT+DWT","T13","38",0.259,38
"3414","2055","CWT+DWT","T13","46",0.407,46
"3415","2055","CWT+DWT","T13","54",0.536,54
"3416","2055","CWT+DWT","T13","60",0.733,60
"3417","2055","CWT+DWT","T13","67",0.947,67
"3418","2080","CWT+DWT","T13","11",0.044,11
"3419","2080","CWT+DWT","T13","18",0.062,18
"3420","2080","CWT+DWT","T13","24",0.095,24
"3421","2080","CWT+DWT","T13","38",0.101,38
"3422","2080","CWT+DWT","T13","46",0.28,46
"3423","2080","CWT+DWT","T13","54",0.526,54
"3424","2080","CWT+DWT","T13","60",0.434,60
"3425","2080","CWT+DWT","T13","67",0.551,67
"3426","2081","CWT+DWT","T13","11",0.104,11
"3427","2081","CWT+DWT","T13","18",0.083,18
"3428","2081","CWT+DWT","T13","24",0.14,24
"3429","2081","CWT+DWT","T13","38",0.153,38
"3430","2081","CWT+DWT","T13","46",0.058,46
"3431","2081","CWT+DWT","T13","54",0.117,54
"3432","2081","CWT+DWT","T13","60",0.118,60
"3433","2081","CWT+DWT","T13","67",0.13,67
"3434","2083","CWT+DWT","T13","11",0.122,11
"3435","2084","CWT+DWT","T13","11",0.275,11
"3436","2085","CWT+DWT","T13","11",0.219,11
"3437","2086","CWT+DWT","T13","11",0.261,11
"3438","2087","CWT+DWT","T13","11",0.181,11
"3439","2088","CWT+DWT","T13","11",0.11,11
"3440","2089","CWT+DWT","T13","11",0.021,11
"3441","2090","CWT+DWT","T13","11",0.152,11
"3442","2091","CWT+DWT","T13","11",0.138,11
"3443","2092","CWT+DWT","T13","24",0.129,24
"3444","2513","CHE","T22","11",0.089,11
"3445","2513","CHE","T22","18",0.141,18
"3446","2514","CHE","T22","11",0.123,11
"3447","2514","CHE","T22","18",0.203,18
"3448","2514","CHE","T22","24",0.262,24
"3449","2514","CHE","T22","38",0.269,38
"3450","2514","CHE","T22","46",0.63,46
"3451","2514","CHE","T22","54",0.642,54
"3452","2514","CHE","T22","60",0.912,60
"3453","2514","CHE","T22","67",1.302,67
"3454","2515","CHE","T22","11",0.156,11
"3455","2515","CHE","T22","18",0.187,18
"3456","2515","CHE","T22","24",0.219,24
"3457","2515","CHE","T22","38",0.383,38
"3458","2515","CHE","T22","46",0.645,46
"3459","2515","CHE","T22","54",0.806,54
"3460","2515","CHE","T22","60",0.811,60
"3461","2515","CHE","T22","67",1.271,67
"3462","2516","CHE","T22","11",0.134,11
"3463","2516","CHE","T22","18",0.148,18
"3464","2516","CHE","T22","24",0.176,24
"3465","2516","CHE","T22","38",0.509,38
"3466","2516","CHE","T22","46",0.535,46
"3467","2516","CHE","T22","54",0.613,54
"3468","2516","CHE","T22","60",0.498,60
"3469","2516","CHE","T22","67",0.614,67
"3470","2517","CHE","T22","11",0.094,11
"3471","2517","CHE","T22","18",0.184,18
"3472","2520","CHE","T22","11",0.111,11
"3473","2520","CHE","T22","18",0.139,18
"3474","2520","CHE","T22","24",0.172,24
"3475","2520","CHE","T22","38",0.145,38
"3476","2520","CHE","T22","46",0.208,46
"3477","2520","CHE","T22","54",0.12,54
"3478","2520","CHE","T22","60",0.165,60
"3479","2520","CHE","T22","67",0.185,67
"3480","2526","CHE","T22","11",0.154,11
"3481","2526","CHE","T22","18",0.192,18
"3482","2526","CHE","T22","24",0.199,24
"3483","2526","CHE","T22","38",0.331,38
"3484","2526","CHE","T22","46",0.46,46
"3485","2526","CHE","T22","54",0.623,54
"3486","2526","CHE","T22","60",0.922,60
"3487","2526","CHE","T22","67",1.009,67
"3488","2527","CHE","T22","11",0.082,11
"3489","2527","CHE","T22","18",0.161,18
"3490","2527","CHE","T22","24",0.146,24
"3491","2527","CHE","T22","38",0.301,38
"3492","2527","CHE","T22","46",0.409,46
"3493","2527","CHE","T22","54",0.494,54
"3494","2527","CHE","T22","60",0.49,60
"3495","2527","CHE","T22","67",0.542,67
"3496","2529","CHE","T22","11",0.099,11
"3497","2529","CHE","T22","18",0.138,18
"3498","2529","CHE","T22","24",0.069,24
"3499","2529","CHE","T22","38",0.101,38
"3500","2529","CHE","T22","46",0.153,46
"3501","2529","CHE","T22","54",0.136,54
"3502","2529","CHE","T22","60",0.191,60
"3503","2529","CHE","T22","67",0.286,67
"3504","2531","CHE","T22","11",0.089,11
"3505","2531","CHE","T22","18",0.047,18
"3506","2531","CHE","T22","24",0.096,24
"3507","2531","CHE","T22","38",0.173,38
"3508","2531","CHE","T22","46",0.164,46
"3509","2531","CHE","T22","54",0.281,54
"3510","2531","CHE","T22","60",0.204,60
"3511","2531","CHE","T22","67",0.204,67
"3512","2532","CHE","T22","11",0.096,11
"3513","2532","CHE","T22","18",0.144,18
"3514","2532","CHE","T22","24",0.195,24
"3515","2532","CHE","T22","38",0.226,38
"3516","2532","CHE","T22","46",0.353,46
"3517","2532","CHE","T22","54",0.505,54
"3518","2532","CHE","T22","60",0.427,60
"3519","2532","CHE","T22","67",0.485,67
"3520","2533","CHE","T22","11",0.093,11
"3521","2533","CHE","T22","18",0.13,18
"3522","2533","CHE","T22","24",0.118,24
"3523","2533","CHE","T22","38",0.146,38
"3524","2533","CHE","T22","46",0.166,46
"3525","2533","CHE","T22","54",0.319,54
"3526","2533","CHE","T22","60",0.405,60
"3527","2533","CHE","T22","67",0.486,67
"3528","2534","CHE","T22","11",0.067,11
"3529","2534","CHE","T22","18",0.066,18
"3530","2534","CHE","T22","24",0.116,24
"3531","2534","CHE","T22","38",0.233,38
"3532","2534","CHE","T22","46",0.223,46
"3533","2534","CHE","T22","54",0.357,54
"3534","2534","CHE","T22","60",0.322,60
"3535","2534","CHE","T22","67",0.442,67
"3536","2538","CHE","T22","11",0.107,11
"3537","2538","CHE","T22","18",0.173,18
"3538","2538","CHE","T22","24",0.145,24
"3539","2538","CHE","T22","38",0.324,38
"3540","2538","CHE","T22","46",0.276,46
"3541","2538","CHE","T22","54",0.461,54
"3542","2538","CHE","T22","60",0.477,60
"3543","2538","CHE","T22","67",0.463,67
"3544","2539","CHE","T22","11",0.094,11
"3545","2539","CHE","T22","18",0.128,18
"3546","2539","CHE","T22","24",0.121,24
"3547","2539","CHE","T22","38",0.144,38
"3548","2539","CHE","T22","46",0.202,46
"3549","2539","CHE","T22","54",0.274,54
"3550","2539","CHE","T22","60",0.302,60
"3551","2539","CHE","T22","67",0.338,67
"3552","2540","CHE","T22","11",0.111,11
"3553","2541","CHE","T22","11",0.067,11
"3554","2541","CHE","T22","18",0.085,18
"3555","2542","CHE","T22","11",0.119,11
"3556","2542","CHE","T22","18",0.068,18
"3557","2542","CHE","T22","24",0.079,24
"3558","2543","CHE","T22","11",0.042,11
"3559","2543","CHE","T22","18",0.057,18
"3560","2543","CHE","T22","24",0.045,24
"3561","2543","CHE","T22","38",0.129,38
"3562","2543","CHE","T22","46",0.211,46
"3563","2543","CHE","T22","54",0.176,54
"3564","2543","CHE","T22","60",0.11,60
"3565","2543","CHE","T22","67",0.197,67
"3566","2544","CHE","T22","11",0.132,11
"3567","2544","CHE","T22","18",0.118,18
"3568","2544","CHE","T22","24",0.143,24
"3569","2544","CHE","T22","38",0.375,38
"3570","2544","CHE","T22","46",0.441,46
"3571","2544","CHE","T22","54",0.516,54
"3572","2544","CHE","T22","60",0.883,60
"3573","2544","CHE","T22","67",1.065,67
"3574","2547","CHE","T22","11",0.132,11
"3575","2547","CHE","T22","18",0.142,18
"3576","2547","CHE","T22","24",0.193,24
"3577","2547","CHE","T22","38",0.415,38
"3578","2547","CHE","T22","46",0.375,46
"3579","2547","CHE","T22","54",0.483,54
"3580","2547","CHE","T22","60",0.611,60
"3581","2547","CHE","T22","67",0.696,67
"3582","2550","CHE","T22","11",0.082,11
"3583","2550","CHE","T22","18",0.184,18
"3584","2550","CHE","T22","24",0.194,24
"3585","2550","CHE","T22","38",0.462,38
"3586","2550","CHE","T22","46",0.522,46
"3587","2550","CHE","T22","54",0.706,54
"3588","2550","CHE","T22","60",0.842,60
"3589","2550","CHE","T22","67",0.811,67
"3590","2558","CHE","T22","18",0.14,18
"3591","2558","CHE","T22","24",0.131,24
"3592","2558","CHE","T22","38",0.297,38
"3593","2558","CHE","T22","46",0.388,46
"3594","2558","CHE","T22","54",0.495,54
"3595","2558","CHE","T22","60",0.566,60
"3596","2558","CHE","T22","67",0.649,67
"3597","2561","CHE","T22","11",0.107,11
"3598","2561","CHE","T22","18",0.167,18
"3599","2561","CHE","T22","24",0.171,24
"3600","2561","CHE","T22","38",0.411,38
"3601","2561","CHE","T22","46",0.464,46
"3602","2561","CHE","T22","54",0.599,54
"3603","2561","CHE","T22","60",0.735,60
"3604","2561","CHE","T22","67",0.926,67
"3605","2564","CHE","T22","11",0.076,11
"3606","2564","CHE","T22","18",0.167,18
"3607","2564","CHE","T22","24",0.081,24
"3608","2564","CHE","T22","38",0.149,38
"3609","2564","CHE","T22","46",0.17,46
"3610","2564","CHE","T22","54",0.179,54
"3611","2564","CHE","T22","60",0.215,60
"3612","2564","CHE","T22","67",0.241,67
"3613","2566","CHE","T22","11",0.15,11
"3614","2566","CHE","T22","18",0.152,18
"3615","2566","CHE","T22","24",0.162,24
"3616","2566","CHE","T22","38",0.403,38
"3617","2566","CHE","T22","46",0.443,46
"3618","2566","CHE","T22","54",0.559,54
"3619","2566","CHE","T22","60",0.85,60
"3620","2566","CHE","T22","67",1.128,67
"3621","2567","CHE","T22","11",0.098,11
"3622","2567","CHE","T22","18",0.136,18
"3623","2567","CHE","T22","24",0.204,24
"3624","2567","CHE","T22","38",0.383,38
"3625","2567","CHE","T22","46",0.493,46
"3626","2567","CHE","T22","54",0.674,54
"3627","2567","CHE","T22","60",1.114,60
"3628","2567","CHE","T22","67",1.484,67
"3629","2568","CHE","T22","11",0.093,11
"3630","2568","CHE","T22","18",0.128,18
"3631","2568","CHE","T22","24",0.153,24
"3632","2568","CHE","T22","38",0.35,38
"3633","2568","CHE","T22","46",0.44,46
"3634","2568","CHE","T22","54",0.734,54
"3635","2568","CHE","T22","60",0.963,60
"3636","2568","CHE","T22","67",1.246,67
"3637","2569","CHE","T22","11",0.119,11
"3638","2569","CHE","T22","18",0.156,18
"3639","2569","CHE","T22","24",0.141,24
"3640","2569","CHE","T22","38",0.383,38
"3641","2569","CHE","T22","46",0.488,46
"3642","2569","CHE","T22","54",0.684,54
"3643","2569","CHE","T22","60",0.932,60
"3644","2569","CHE","T22","67",1.154,67
"3645","2576","CHE","T22","11",0.073,11
"3646","2576","CHE","T22","18",0.114,18
"3647","2576","CHE","T22","24",0.072,24
"3648","2576","CHE","T22","38",0.178,38
"3649","2576","CHE","T22","46",0.148,46
"3650","2576","CHE","T22","54",0.255,54
"3651","2576","CHE","T22","60",0.227,60
"3652","2576","CHE","T22","67",0.331,67
"3653","2577","CHE","T22","11",0.082,11
"3654","2577","CHE","T22","18",0.068,18
"3655","2580","CHE","T22","11",0.075,11
"3656","2580","CHE","T22","18",0.179,18
"3657","2580","CHE","T22","24",0.168,24
"3658","2580","CHE","T22","38",0.262,38
"3659","2580","CHE","T22","46",0.324,46
"3660","2580","CHE","T22","54",0.52,54
"3661","2580","CHE","T22","60",0.531,60
"3662","2580","CHE","T22","67",0.685,67
"3663","2584","CHE","T22","11",0.089,11
"3664","2584","CHE","T22","18",0.088,18
"3665","2584","CHE","T22","24",0.144,24
"3666","2584","CHE","T22","38",0.151,38
"3667","2584","CHE","T22","46",0.139,46
"3668","2584","CHE","T22","54",0.175,54
"3669","2584","CHE","T22","60",0.178,60
"3670","2584","CHE","T22","67",0.21,67
"3671","2585","CHE","T22","11",0.092,11
"3672","2585","CHE","T22","18",0.08,18
"3673","2585","CHE","T22","24",0.137,24
"3674","2585","CHE","T22","38",0.217,38
"3675","2585","CHE","T22","46",0.093,46
"3676","2585","CHE","T22","54",0.138,54
"3677","2585","CHE","T22","60",0.165,60
"3678","2585","CHE","T22","67",0.186,67
"3679","2586","CHE","T22","11",0.21,11
"3680","2586","CHE","T22","18",0.214,18
"3681","2586","CHE","T22","24",0.223,24
"3682","2586","CHE","T22","38",0.508,38
"3683","2586","CHE","T22","46",0.568,46
"3684","2586","CHE","T22","54",0.967,54
"3685","2586","CHE","T22","60",1,60
"3686","2586","CHE","T22","67",1.1,67
"3687","2587","CHE","T22","11",0.139,11
"3688","2587","CHE","T22","18",0.273,18
"3689","2587","CHE","T22","24",0.368,24
"3690","2588","CHE","T22","11",0.113,11
"3691","2588","CHE","T22","18",0.205,18
"3692","2588","CHE","T22","24",0.208,24
"3693","2588","CHE","T22","38",0.697,38
"3694","2588","CHE","T22","46",0.685,46
"3695","2588","CHE","T22","54",0.67,54
"3696","2588","CHE","T22","60",0.845,60
"3697","2588","CHE","T22","67",0.67,67
"3698","2591","CHE","T22","11",0.151,11
"3699","2591","CHE","T22","18",0.223,18
"3700","2591","CHE","T22","24",0.299,24
"3701","2592","CHE","T22","11",0.205,11
"3702","2592","CHE","T22","18",0.234,18
"3703","2592","CHE","T22","24",0.381,24
"3704","2592","CHE","T22","38",0.622,38
"3705","2592","CHE","T22","46",0.625,46
"3706","2592","CHE","T22","54",0.877,54
"3707","2592","CHE","T22","60",0.787,60
"3708","2592","CHE","T22","67",0.835,67
"3709","2593","CHE","T22","11",0.082,11
"3710","2593","CHE","T22","18",0.151,18
"3711","2593","CHE","T22","24",0.212,24
"3712","2593","CHE","T22","38",0.482,38
"3713","2593","CHE","T22","46",0.443,46
"3714","2593","CHE","T22","54",0.759,54
"3715","2593","CHE","T22","60",0.574,60
"3716","2593","CHE","T22","67",0.908,67
"3717","2603","CHE","T22","11",0.081,11
"3718","2603","CHE","T22","18",0.16,18
"3719","2603","CHE","T22","24",0.314,24
"3720","2603","CHE","T22","38",0.511,38
"3721","2603","CHE","T22","46",0.557,46
"3722","2603","CHE","T22","54",0.614,54
"3723","2603","CHE","T22","60",0.371,60
"3724","2603","CHE","T22","67",0.579,67
"3725","2608","CHE","T22","11",0.111,11
"3726","2608","CHE","T22","18",0.187,18
"3727","2608","CHE","T22","24",0.195,24
"3728","2608","CHE","T22","38",0.35,38
"3729","2608","CHE","T22","46",0.381,46
"3730","2608","CHE","T22","54",0.43,54
"3731","2608","CHE","T22","60",0.565,60
"3732","2608","CHE","T22","67",0.555,67
"3733","2385","DWT","T17","11",0.247,11
"3734","2385","DWT","T17","18",0.275,18
"3735","2385","DWT","T17","24",0.247,24
"3736","2385","DWT","T17","38",0.458,38
"3737","2385","DWT","T17","46",0.393,46
"3738","2385","DWT","T17","54",0.739,54
"3739","2385","DWT","T17","60",1.072,60
"3740","2385","DWT","T17","67",1.442,67
"3741","2386","DWT","T17","11",0.295,11
"3742","2386","DWT","T17","18",0.263,18
"3743","2386","DWT","T17","24",0.284,24
"3744","2386","DWT","T17","38",0.694,38
"3745","2386","DWT","T17","46",0.885,46
"3746","2386","DWT","T17","54",1.377,54
"3747","2386","DWT","T17","60",1.678,60
"3748","2386","DWT","T17","67",1.823,67
"3749","2387","DWT","T17","11",0.28,11
"3750","2387","DWT","T17","18",0.231,18
"3751","2387","DWT","T17","24",0.348,24
"3752","2387","DWT","T17","38",0.715,38
"3753","2387","DWT","T17","46",0.957,46
"3754","2387","DWT","T17","54",1.403,54
"3755","2387","DWT","T17","60",1.509,60
"3756","2387","DWT","T17","67",1.911,67
"3757","2389","DWT","T17","11",0.259,11
"3758","2389","DWT","T17","18",0.29,18
"3759","2389","DWT","T17","24",0.275,24
"3760","2389","DWT","T17","38",0.604,38
"3761","2389","DWT","T17","46",0.818,46
"3762","2389","DWT","T17","54",1.496,54
"3763","2389","DWT","T17","60",2.43,60
"3764","2389","DWT","T17","67",1.23,67
"3765","2390","DWT","T17","11",0.21,11
"3766","2390","DWT","T17","18",0.223,18
"3767","2390","DWT","T17","24",0.268,24
"3768","2390","DWT","T17","38",0.511,38
"3769","2390","DWT","T17","46",0.679,46
"3770","2390","DWT","T17","54",1.316,54
"3771","2390","DWT","T17","60",1.988,60
"3772","2390","DWT","T17","67",1.242,67
"3773","2391","DWT","T17","11",0.15,11
"3774","2391","DWT","T17","18",0.246,18
"3775","2391","DWT","T17","24",0.28,24
"3776","2391","DWT","T17","38",0.547,38
"3777","2391","DWT","T17","46",0.64,46
"3778","2391","DWT","T17","54",1.187,54
"3779","2396","DWT","T17","11",0.083,11
"3780","2396","DWT","T17","18",0.173,18
"3781","2396","DWT","T17","24",0.168,24
"3782","2396","DWT","T17","38",0.672,38
"3783","2396","DWT","T17","46",0.563,46
"3784","2396","DWT","T17","54",1.045,54
"3785","2396","DWT","T17","60",1.317,60
"3786","2396","DWT","T17","67",1.459,67
"3787","2397","DWT","T17","11",0.266,11
"3788","2397","DWT","T17","18",0.336,18
"3789","2397","DWT","T17","24",0.402,24
"3790","2397","DWT","T17","38",0.556,38
"3791","2397","DWT","T17","46",0.952,46
"3792","2397","DWT","T17","54",1.827,54
"3793","2397","DWT","T17","60",1.703,60
"3794","2397","DWT","T17","67",2.589,67
"3795","2398","DWT","T17","11",0.195,11
"3796","2398","DWT","T17","18",0.223,18
"3797","2398","DWT","T17","24",0.289,24
"3798","2398","DWT","T17","38",0.517,38
"3799","2398","DWT","T17","46",0.754,46
"3800","2398","DWT","T17","54",1.303,54
"3801","2398","DWT","T17","60",1.219,60
"3802","2398","DWT","T17","67",1.568,67
"3803","2401","DWT","T17","11",0.217,11
"3804","2401","DWT","T17","18",0.333,18
"3805","2401","DWT","T17","24",0.434,24
"3806","2401","DWT","T17","38",0.535,38
"3807","2401","DWT","T17","46",0.863,46
"3808","2401","DWT","T17","54",1.492,54
"3809","2401","DWT","T17","60",2.185,60
"3810","2401","DWT","T17","67",1.407,67
"3811","2402","DWT","T17","11",0.254,11
"3812","2402","DWT","T17","18",0.284,18
"3813","2402","DWT","T17","24",0.339,24
"3814","2402","DWT","T17","38",0.78,38
"3815","2402","DWT","T17","46",0.607,46
"3816","2402","DWT","T17","54",1.125,54
"3817","2402","DWT","T17","60",1.613,60
"3818","2402","DWT","T17","67",1.366,67
"3819","2404","DWT","T17","11",0.299,11
"3820","2404","DWT","T17","18",0.287,18
"3821","2404","DWT","T17","24",0.328,24
"3822","2404","DWT","T17","38",0.679,38
"3823","2404","DWT","T17","46",0.804,46
"3824","2404","DWT","T17","54",1.688,54
"3825","2404","DWT","T17","60",1.815,60
"3826","2404","DWT","T17","67",0.731,67
"3827","2405","DWT","T17","11",0.177,11
"3828","2405","DWT","T17","18",0.235,18
"3829","2405","DWT","T17","24",0.265,24
"3830","2405","DWT","T17","38",0.508,38
"3831","2405","DWT","T17","46",0.93,46
"3832","2405","DWT","T17","54",1.205,54
"3833","2405","DWT","T17","60",1.993,60
"3834","2405","DWT","T17","67",2.117,67
"3835","2406","DWT","T17","11",0.082,11
"3836","2406","DWT","T17","18",0.098,18
"3837","2406","DWT","T17","24",0.115,24
"3838","2406","DWT","T17","38",0.119,38
"3839","2406","DWT","T17","46",0.18,46
"3840","2406","DWT","T17","54",0.229,54
"3841","2406","DWT","T17","60",0.29,60
"3842","2406","DWT","T17","67",0.363,67
"3843","2407","DWT","T17","11",0.138,11
"3844","2408","DWT","T17","11",0.176,11
"3845","2408","DWT","T17","18",0.431,18
"3846","2408","DWT","T17","24",0.427,24
"3847","2408","DWT","T17","38",0.441,38
"3848","2408","DWT","T17","46",0.284,46
"3849","2408","DWT","T17","54",1.152,54
"3850","2408","DWT","T17","60",1.377,60
"3851","2408","DWT","T17","67",1.611,67
"3852","2409","DWT","T17","11",0.279,11
"3853","2409","DWT","T17","18",0.35,18
"3854","2409","DWT","T17","24",0.258,24
"3855","2409","DWT","T17","38",0.303,38
"3856","2409","DWT","T17","46",0.384,46
"3857","2409","DWT","T17","54",0.759,54
"3858","2409","DWT","T17","60",0.841,60
"3859","2409","DWT","T17","67",1.126,67
"3860","2410","DWT","T17","11",0.112,11
"3861","2410","DWT","T17","18",0.211,18
"3862","2410","DWT","T17","24",0.15,24
"3863","2410","DWT","T17","38",0.225,38
"3864","2410","DWT","T17","46",0.199,46
"3865","2410","DWT","T17","54",0.314,54
"3866","2410","DWT","T17","60",0.49,60
"3867","2410","DWT","T17","67",0.663,67
"3868","2412","DWT","T17","11",0.1,11
"3869","2412","DWT","T17","18",0.165,18
"3870","2412","DWT","T17","24",0.183,24
"3871","2412","DWT","T17","38",0.324,38
"3872","2412","DWT","T17","46",0.457,46
"3873","2412","DWT","T17","54",0.578,54
"3874","2412","DWT","T17","60",1.078,60
"3875","2412","DWT","T17","67",1.092,67
"3876","2413","DWT","T17","11",0.241,11
"3877","2413","DWT","T17","18",0.385,18
"3878","2413","DWT","T17","24",0.523,24
"3879","2413","DWT","T17","38",0.407,38
"3880","2413","DWT","T17","46",0.812,46
"3881","2413","DWT","T17","54",1.523,54
"3882","2413","DWT","T17","60",1.985,60
"3883","2413","DWT","T17","67",1.373,67
"3884","2414","DWT","T17","11",0.081,11
"3885","2414","DWT","T17","18",0.109,18
"3886","2414","DWT","T17","24",0.15,24
"3887","2414","DWT","T17","38",0.227,38
"3888","2415","DWT","T17","11",0.151,11
"3889","2415","DWT","T17","18",0.269,18
"3890","2415","DWT","T17","24",0.412,24
"3891","2415","DWT","T17","38",0.401,38
"3892","2416","DWT","T17","11",0.253,11
"3893","2416","DWT","T17","18",0.261,18
"3894","2416","DWT","T17","24",0.416,24
"3895","2416","DWT","T17","38",1.089,38
"3896","2417","DWT","T17","11",0.194,11
"3897","2417","DWT","T17","18",0.31,18
"3898","2417","DWT","T17","24",0.404,24
"3899","2417","DWT","T17","38",0.392,38
"3900","2417","DWT","T17","46",0.571,46
"3901","2417","DWT","T17","54",0.731,54
"3902","2424","DWT","T17","11",0.269,11
"3903","2424","DWT","T17","18",0.457,18
"3904","2424","DWT","T17","24",0.415,24
"3905","2424","DWT","T17","38",1.008,38
"3906","2425","DWT","T17","11",0.167,11
"3907","2425","DWT","T17","18",0.504,18
"3908","2425","DWT","T17","24",0.438,24
"3909","2426","DWT","T17","18",0.136,18
"3910","2426","DWT","T17","24",0.099,24
"3911","2426","DWT","T17","38",0.113,38
"3912","2426","DWT","T17","46",0.131,46
"3913","2426","DWT","T17","54",0.194,54
"3914","2426","DWT","T17","60",0.148,60
"3915","2426","DWT","T17","67",0.164,67
"3916","2427","DWT","T17","11",0.174,11
"3917","2427","DWT","T17","18",0.283,18
"3918","2427","DWT","T17","24",0.34,24
"3919","2427","DWT","T17","38",0.232,38
"3920","2427","DWT","T17","46",0.38,46
"3921","2427","DWT","T17","54",0.476,54
"3922","2428","DWT","T17","11",0.185,11
"3923","2428","DWT","T17","18",0.276,18
"3924","2428","DWT","T17","24",0.357,24
"3925","2430","DWT","T17","11",0.206,11
"3926","2430","DWT","T17","18",0.245,18
"3927","2430","DWT","T17","24",0.334,24
"3928","2430","DWT","T17","38",0.452,38
"3929","2430","DWT","T17","46",0.586,46
"3930","2430","DWT","T17","54",0.796,54
"3931","2430","DWT","T17","60",0.71,60
"3932","2430","DWT","T17","67",1.136,67
"3933","2431","DWT","T17","11",0.114,11
"3934","2431","DWT","T17","18",0.141,18
"3935","2431","DWT","T17","24",0.151,24
"3936","2431","DWT","T17","38",0.256,38
"3937","2431","DWT","T17","46",0.324,46
"3938","2431","DWT","T17","54",0.554,54
"3939","2433","DWT","T17","11",0.186,11
"3940","2433","DWT","T17","18",0.22,18
"3941","2433","DWT","T17","24",0.316,24
"3942","2433","DWT","T17","38",0.209,38
"3943","2433","DWT","T17","46",0.345,46
"3944","2433","DWT","T17","54",0.782,54
"3945","2433","DWT","T17","60",0.817,60
"3946","2433","DWT","T17","67",0.837,67
"3947","2435","DWT","T17","11",0.229,11
"3948","2435","DWT","T17","18",0.194,18
"3949","2435","DWT","T17","24",0.197,24
"3950","2435","DWT","T17","38",0.23,38
"3951","2435","DWT","T17","46",0.116,46
"3952","2435","DWT","T17","54",0.245,54
"3953","2435","DWT","T17","60",0.235,60
"3954","2435","DWT","T17","67",0.222,67
"3955","2437","DWT","T17","11",0.094,11
"3956","2438","DWT","T17","11",0.197,11
"3957","2438","DWT","T17","18",0.234,18
"3958","2438","DWT","T17","24",0.284,24
"3959","2438","DWT","T17","38",0.297,38
"3960","2438","DWT","T17","46",0.493,46
"3961","2438","DWT","T17","54",1.048,54
"3962","2438","DWT","T17","60",0.898,60
"3963","2438","DWT","T17","67",1.165,67
"3964","2439","DWT","T17","11",0.293,11
"3965","2439","DWT","T17","18",0.303,18
"3966","2439","DWT","T17","24",0.438,24
"3967","2440","DWT","T17","11",0.211,11
"3968","2441","DWT","T17","11",0.074,11
"3969","2441","DWT","T17","18",0.065,18
"3970","2442","DWT","T17","11",0.174,11
"3971","2442","DWT","T17","18",0.225,18
"3972","2442","DWT","T17","24",0.289,24
"3973","2442","DWT","T17","38",0.719,38
"3974","2442","DWT","T17","46",0.992,46
"3975","2442","DWT","T17","54",2.03,54
"3976","2442","DWT","T17","60",2.147,60
"3977","2442","DWT","T17","67",2.013,67
"3978","2443","DWT","T17","11",0.071,11
"3979","2443","DWT","T17","18",0.147,18
"3980","2443","DWT","T17","24",0.192,24
"3981","2444","DWT","T17","11",0.226,11
"3982","2444","DWT","T17","18",0.25,18
"3983","2444","DWT","T17","24",0.303,24
"3984","2444","DWT","T17","38",0.416,38
"3985","2445","DWT","T17","11",0.23,11
"3986","2445","DWT","T17","18",0.224,18
"3987","2445","DWT","T17","24",0.315,24
"3988","2445","DWT","T17","38",0.601,38
"3989","2445","DWT","T17","46",0.777,46
"3990","2445","DWT","T17","54",1.368,54
"3991","2445","DWT","T17","60",1.761,60
"3992","2445","DWT","T17","67",1.776,67
"3993","2446","DWT","T17","11",0.263,11
"3994","2446","DWT","T17","18",0.244,18
"3995","2446","DWT","T17","24",0.283,24
"3996","2446","DWT","T17","38",0.534,38
"3997","2446","DWT","T17","46",0.664,46
"3998","2446","DWT","T17","54",1.124,54
"3999","2446","DWT","T17","60",1.717,60
"4000","2446","DWT","T17","67",1.67,67
"4001","2449","DWT","T17","11",0.19,11
"4002","2449","DWT","T17","18",0.243,18
"4003","2449","DWT","T17","24",0.351,24
"4004","2449","DWT","T17","38",0.5,38
"4005","2449","DWT","T17","46",0.597,46
"4006","2449","DWT","T17","54",1.321,54
"4007","2449","DWT","T17","60",1.667,60
"4008","2449","DWT","T17","67",1.913,67
"4009","2453","DWT","T17","11",0.23,11
"4010","2453","DWT","T17","18",0.309,18
"4011","2453","DWT","T17","24",0.43,24
"4012","2456","DWT","T17","11",0.557,11
"4013","2456","DWT","T17","18",0.692,18
"4014","2456","DWT","T17","24",0.919,24
"4015","2459","DWT","T17","11",0.118,11
"4016","2461","DWT","T17","11",0.207,11
"4017","2461","DWT","T17","18",0.211,18
"4018","2461","DWT","T17","24",0.151,24
"4019","2461","DWT","T17","38",0.186,38
"4020","2461","DWT","T17","46",0.343,46
"4021","2461","DWT","T17","54",0.504,54
"4022","2461","DWT","T17","60",0.538,60
"4023","2461","DWT","T17","67",0.729,67
"4024","2463","DWT","T17","11",0.265,11
"4025","2463","DWT","T17","18",0.255,18
"4026","2463","DWT","T17","24",0.165,24
"4027","2463","DWT","T17","38",0.239,38
"4028","2463","DWT","T17","46",0.373,46
"4029","2463","DWT","T17","54",0.696,54
"4030","2463","DWT","T17","60",0.821,60
"4031","2463","DWT","T17","67",0.774,67
"4032","2464","DWT","T17","11",0.161,11
"4033","2464","DWT","T17","18",0.24,18
"4034","2464","DWT","T17","24",0.336,24
"4035","2464","DWT","T17","38",0.338,38
"4036","2464","DWT","T17","46",0.553,46
"4037","2464","DWT","T17","54",1.1,54
"4038","2464","DWT","T17","60",1.14,60
"4039","2464","DWT","T17","67",1.415,67
"4040","2469","DWT","T17","11",0.164,11
"4041","2469","DWT","T17","18",0.339,18
"4042","2469","DWT","T17","24",0.468,24
"4043","2469","DWT","T17","38",0.914,38
"4044","2472","DWT","T17","11",0.121,11
"4045","2472","DWT","T17","18",0.26,18
"4046","2472","DWT","T17","24",0.318,24
"4047","2477","DWT","T17","11",0.201,11
"4048","2477","DWT","T17","18",0.068,18
"4049","2478","DWT","T17","11",0.256,11
"4050","2478","DWT","T17","18",0.28,18
"4051","2478","DWT","T17","24",0.408,24
"4052","2478","DWT","T17","38",0.383,38
"4053","2478","DWT","T17","46",0.704,46
"4054","2478","DWT","T17","54",1.339,54
"4055","2478","DWT","T17","60",1.671,60
"4056","2479","DWT","T17","11",0.212,11
"4057","2479","DWT","T17","18",0.224,18
"4058","2479","DWT","T17","24",0.367,24
"4059","2480","DWT","T17","11",0.2,11
"4060","2480","DWT","T17","18",0.194,18
"4061","2480","DWT","T17","24",0.308,24
"4062","2481","DWT","T17","11",0.195,11
"4063","2481","DWT","T17","18",0.238,18
"4064","2481","DWT","T17","24",0.324,24
"4065","2481","DWT","T17","46",0.255,46
"4066","2482","DWT","T17","11",0.235,11
"4067","2482","DWT","T17","18",0.244,18
"4068","2482","DWT","T17","24",0.297,24
"4069","2483","DWT","T17","11",0.219,11
"4070","2483","DWT","T17","18",0.24,18
"4071","2483","DWT","T17","24",0.308,24
"4072","2483","DWT","T17","38",0.311,38
"4073","2483","DWT","T17","46",0.552,46
"4074","2483","DWT","T17","54",0.814,54
"4075","2483","DWT","T17","60",0.964,60
"4076","2483","DWT","T17","67",1.121,67
"4077","2484","DWT","T17","11",0.221,11
"4078","2484","DWT","T17","18",0.252,18
"4079","2484","DWT","T17","24",0.379,24
"4080","2484","DWT","T17","38",0.63,38
"4081","2484","DWT","T17","46",1.329,46
"4082","2484","DWT","T17","54",2.687,54
"4083","2484","DWT","T17","60",2.7,60
"4084","2484","DWT","T17","67",2.949,67
"4085","2485","DWT","T17","11",0.154,11
"4086","2485","DWT","T17","18",0.113,18
"4087","2486","DWT","T17","11",0.275,11
"4088","2486","DWT","T17","18",0.283,18
"4089","2486","DWT","T17","24",0.252,24
"4090","2487","DWT","T17","11",0.257,11
"4091","2487","DWT","T17","18",0.248,18
"4092","2487","DWT","T17","24",0.25,24
"4093","2487","DWT","T17","38",0.409,38
"4094","2487","DWT","T17","46",0.916,46
"4095","2487","DWT","T17","54",1.953,54
"4096","2487","DWT","T17","60",2.022,60
"4097","2487","DWT","T17","67",1.339,67
"4098","2488","DWT","T17","11",0.145,11
"4099","2488","DWT","T17","18",0.24,18
"4100","2488","DWT","T17","24",0.334,24
"4101","2488","DWT","T17","38",0.427,38
"4102","2489","DWT","T17","11",0.147,11
"4103","2489","DWT","T17","18",0.164,18
"4104","2489","DWT","T17","24",0.177,24
"4105","2489","DWT","T17","38",0.19,38
"4106","2489","DWT","T17","46",0.453,46
"4107","2489","DWT","T17","54",0.723,54
"4108","2489","DWT","T17","60",1.142,60
"4109","2489","DWT","T17","67",1.245,67
"4110","2491","DWT","T17","11",0.207,11
"4111","2491","DWT","T17","18",0.226,18
"4112","2491","DWT","T17","24",0.285,24
"4113","2491","DWT","T17","38",0.669,38
"4114","2491","DWT","T17","46",0.877,46
"4115","2491","DWT","T17","54",1.891,54
"4116","2491","DWT","T17","60",1.879,60
"4117","2491","DWT","T17","67",2.458,67
"4118","2492","DWT","T17","11",0.303,11
"4119","2492","DWT","T17","18",0.347,18
"4120","2492","DWT","T17","24",0.379,24
"4121","2492","DWT","T17","38",0.416,38
"4122","2492","DWT","T17","46",1.133,46
"4123","2492","DWT","T17","54",1.847,54
"4124","2492","DWT","T17","60",2.308,60
"4125","2492","DWT","T17","67",1.804,67
"4126","2493","DWT","T17","11",0.154,11
"4127","2493","DWT","T17","18",0.308,18
"4128","2493","DWT","T17","24",0.384,24
"4129","2493","DWT","T17","38",0.265,38
"4130","2493","DWT","T17","46",0.67,46
"4131","2493","DWT","T17","54",1.069,54
"4132","2493","DWT","T17","60",1.749,60
"4133","2493","DWT","T17","67",1.77,67
"4134","2494","DWT","T17","11",0.267,11
"4135","2494","DWT","T17","18",0.329,18
"4136","2494","DWT","T17","24",0.384,24
"4137","2494","DWT","T17","38",0.701,38
"4138","2494","DWT","T17","46",0.973,46
"4139","2494","DWT","T17","54",2.175,54
"4140","2494","DWT","T17","60",2.067,60
"4141","2494","DWT","T17","67",2.166,67
"4142","2495","DWT","T17","11",0.262,11
"4143","2495","DWT","T17","18",0.262,18
"4144","2495","DWT","T17","24",0.244,24
"4145","2495","DWT","T17","38",0.383,38
"4146","2495","DWT","T17","46",0.605,46
"4147","2495","DWT","T17","54",1.018,54
"4148","2495","DWT","T17","60",1.331,60
"4149","2495","DWT","T17","67",1.74,67
"4150","2496","DWT","T17","11",0.237,11
"4151","2496","DWT","T17","18",0.236,18
"4152","2496","DWT","T17","24",0.368,24
"4153","2497","DWT","T17","11",0.182,11
"4154","2497","DWT","T17","18",0.196,18
"4155","2497","DWT","T17","24",0.238,24
"4156","2497","DWT","T17","38",0.181,38
"4157","2497","DWT","T17","46",0.304,46
"4158","2497","DWT","T17","54",0.698,54
"4159","2497","DWT","T17","60",1.035,60
"4160","2497","DWT","T17","67",1.164,67
"4161","2501","DWT","T17","11",0.101,11
"4162","2501","DWT","T17","18",0.102,18
"4163","2501","DWT","T17","24",0.156,24
"4164","2501","DWT","T17","38",0.139,38
"4165","2501","DWT","T17","46",0.185,46
"4166","2501","DWT","T17","54",0.358,54
"4167","2501","DWT","T17","60",0.579,60
"4168","2501","DWT","T17","67",0.527,67
"4169","2502","DWT","T17","11",0.034,11
"4170","2502","DWT","T17","18",0.041,18
"4171","2502","DWT","T17","24",0.046,24
"4172","2502","DWT","T17","38",0.064,38
"4173","2502","DWT","T17","46",0.079,46
"4174","2502","DWT","T17","54",0.162,54
"4175","2502","DWT","T17","60",0.187,60
"4176","2502","DWT","T17","67",0.224,67
"4177","2504","DWT","T17","11",0.125,11
"4178","2504","DWT","T17","18",0.225,18
"4179","2504","DWT","T17","24",0.189,24
"4180","2504","DWT","T17","38",0.239,38
"4181","2504","DWT","T17","46",0.343,46
"4182","2504","DWT","T17","54",0.507,54
"4183","2504","DWT","T17","60",0.593,60
"4184","2504","DWT","T17","67",0.658,67
"4185","2505","DWT","T17","11",0.071,11
"4186","2505","DWT","T17","18",0.226,18
"4187","2505","DWT","T17","24",0.157,24
"4188","2505","DWT","T17","38",0.213,38
"4189","2505","DWT","T17","46",0.51,46
"4190","2505","DWT","T17","54",0.84,54
"4191","2505","DWT","T17","60",0.839,60
"4192","2505","DWT","T17","67",0.855,67
"4193","2506","DWT","T17","11",0.052,11
"4194","2506","DWT","T17","18",0.144,18
"4195","2506","DWT","T17","24",0.173,24
"4196","2506","DWT","T17","38",0.471,38
"4197","2506","DWT","T17","46",0.361,46
"4198","2506","DWT","T17","54",0.365,54
"4199","2506","DWT","T17","60",0.562,60
"4200","2506","DWT","T17","67",0.645,67
"4201","2507","DWT","T17","11",0.084,11
"4202","2507","DWT","T17","18",0.074,18
"4203","2507","DWT","T17","24",0.1,24
"4204","2507","DWT","T17","38",0.16,38
"4205","2508","DWT","T17","11",0.188,11
"4206","2508","DWT","T17","18",0.299,18
"4207","2508","DWT","T17","24",0.357,24
"4208","2508","DWT","T17","38",0.534,38
"4209","2693","CHE","T20","11",0.119,11
"4210","2693","CHE","T20","18",0.088,18
"4211","2694","CHE","T20","11",0.22,11
"4212","2694","CHE","T20","18",0.149,18
"4213","2695","CHE","T20","11",0.203,11
"4214","2695","CHE","T20","18",0.214,18
"4215","2695","CHE","T20","24",0.286,24
"4216","2695","CHE","T20","38",0.479,38
"4217","2695","CHE","T20","46",0.946,46
"4218","2695","CHE","T20","54",0.828,54
"4219","2695","CHE","T20","60",1.345,60
"4220","2695","CHE","T20","67",1.861,67
"4221","2696","CHE","T20","11",0.123,11
"4222","2696","CHE","T20","18",0.168,18
"4223","2696","CHE","T20","24",0.214,24
"4224","2698","CHE","T20","11",0.188,11
"4225","2698","CHE","T20","18",0.217,18
"4226","2698","CHE","T20","24",0.188,24
"4227","2698","CHE","T20","38",0.412,38
"4228","2698","CHE","T20","46",0.634,46
"4229","2698","CHE","T20","54",0.927,54
"4230","2698","CHE","T20","60",1.173,60
"4231","2698","CHE","T20","67",1.526,67
"4232","2699","CHE","T20","11",0.249,11
"4233","2699","CHE","T20","18",0.275,18
"4234","2699","CHE","T20","24",0.224,24
"4235","2699","CHE","T20","38",0.285,38
"4236","2699","CHE","T20","46",0.568,46
"4237","2699","CHE","T20","54",0.505,54
"4238","2699","CHE","T20","60",0.545,60
"4239","2699","CHE","T20","67",0.633,67
"4240","2700","CHE","T20","11",0.139,11
"4241","2700","CHE","T20","18",0.101,18
"4242","2700","CHE","T20","24",0.086,24
"4243","2700","CHE","T20","38",0.127,38
"4244","2700","CHE","T20","46",0.322,46
"4245","2700","CHE","T20","54",0.21,54
"4246","2700","CHE","T20","60",0.336,60
"4247","2700","CHE","T20","67",0.551,67
"4248","2703","CHE","T20","11",0.182,11
"4249","2703","CHE","T20","18",0.135,18
"4250","2703","CHE","T20","24",0.2,24
"4251","2703","CHE","T20","38",0.159,38
"4252","2703","CHE","T20","46",0.129,46
"4253","2703","CHE","T20","54",0.146,54
"4254","2703","CHE","T20","60",0.136,60
"4255","2703","CHE","T20","67",0.153,67
"4256","2706","CHE","T20","11",0.105,11
"4257","2706","CHE","T20","18",0.113,18
"4258","2706","CHE","T20","24",0.258,24
"4259","2706","CHE","T20","38",0.066,38
"4260","2706","CHE","T20","46",0.165,46
"4261","2706","CHE","T20","54",0.118,54
"4262","2706","CHE","T20","60",0.164,60
"4263","2706","CHE","T20","67",0.134,67
"4264","2707","CHE","T20","11",0.128,11
"4265","2707","CHE","T20","18",0.148,18
"4266","2707","CHE","T20","24",0.191,24
"4267","2707","CHE","T20","38",0.229,38
"4268","2707","CHE","T20","46",0.442,46
"4269","2707","CHE","T20","54",0.687,54
"4270","2707","CHE","T20","60",0.638,60
"4271","2707","CHE","T20","67",0.705,67
"4272","2708","CHE","T20","11",0.097,11
"4273","2708","CHE","T20","18",0.118,18
"4274","2708","CHE","T20","24",0.173,24
"4275","2708","CHE","T20","38",0.217,38
"4276","2708","CHE","T20","46",0.362,46
"4277","2708","CHE","T20","54",0.403,54
"4278","2708","CHE","T20","60",0.444,60
"4279","2708","CHE","T20","67",0.546,67
"4280","2709","CHE","T20","11",0.129,11
"4281","2709","CHE","T20","18",0.153,18
"4282","2709","CHE","T20","24",0.12,24
"4283","2709","CHE","T20","38",0.18,38
"4284","2709","CHE","T20","46",0.328,46
"4285","2709","CHE","T20","54",0.323,54
"4286","2709","CHE","T20","60",0.491,60
"4287","2709","CHE","T20","67",0.613,67
"4288","2712","CHE","T20","11",0.126,11
"4289","2712","CHE","T20","18",0.186,18
"4290","2712","CHE","T20","24",0.232,24
"4291","2712","CHE","T20","38",0.254,38
"4292","2712","CHE","T20","46",0.583,46
"4293","2712","CHE","T20","54",0.638,54
"4294","2712","CHE","T20","60",0.761,60
"4295","2712","CHE","T20","67",0.979,67
"4296","2713","CHE","T20","11",0.156,11
"4297","2713","CHE","T20","18",0.147,18
"4298","2713","CHE","T20","24",0.24,24
"4299","2713","CHE","T20","38",0.396,38
"4300","2713","CHE","T20","46",0.981,46
"4301","2713","CHE","T20","54",0.955,54
"4302","2713","CHE","T20","60",0.978,60
"4303","2713","CHE","T20","67",1.542,67
"4304","2720","CHE","T20","11",0.091,11
"4305","2720","CHE","T20","18",0.108,18
"4306","2720","CHE","T20","24",0.138,24
"4307","2720","CHE","T20","38",0.08,38
"4308","2720","CHE","T20","46",0.108,46
"4309","2720","CHE","T20","54",0.112,54
"4310","2720","CHE","T20","60",0.142,60
"4311","2720","CHE","T20","67",0.166,67
"4312","2721","CHE","T20","11",0.086,11
"4313","2721","CHE","T20","18",0.073,18
"4314","2721","CHE","T20","24",0.169,24
"4315","2721","CHE","T20","38",0.27,38
"4316","2721","CHE","T20","46",0.339,46
"4317","2721","CHE","T20","54",0.356,54
"4318","2721","CHE","T20","60",0.373,60
"4319","2721","CHE","T20","67",0.365,67
"4320","2722","CHE","T20","11",0.084,11
"4321","2722","CHE","T20","18",0.086,18
"4322","2722","CHE","T20","24",0.095,24
"4323","2722","CHE","T20","38",0.159,38
"4324","2722","CHE","T20","46",0.263,46
"4325","2722","CHE","T20","54",0.304,54
"4326","2722","CHE","T20","60",0.375,60
"4327","2722","CHE","T20","67",0.537,67
"4328","2723","CHE","T20","11",0.112,11
"4329","2723","CHE","T20","18",0.14,18
"4330","2723","CHE","T20","24",0.124,24
"4331","2723","CHE","T20","38",0.337,38
"4332","2723","CHE","T20","46",0.551,46
"4333","2723","CHE","T20","54",0.706,54
"4334","2723","CHE","T20","60",1.017,60
"4335","2723","CHE","T20","67",1.113,67
"4336","2725","CHE","T20","11",0.129,11
"4337","2725","CHE","T20","18",0.103,18
"4338","2725","CHE","T20","24",0.116,24
"4339","2725","CHE","T20","38",0.144,38
"4340","2725","CHE","T20","46",0.271,46
"4341","2725","CHE","T20","54",0.341,54
"4342","2725","CHE","T20","60",0.369,60
"4343","2725","CHE","T20","67",0.28,67
"4344","2726","CHE","T20","11",0.117,11
"4345","2726","CHE","T20","18",0.104,18
"4346","2726","CHE","T20","24",0.185,24
"4347","2726","CHE","T20","38",0.406,38
"4348","2726","CHE","T20","46",1.276,46
"4349","2726","CHE","T20","54",1.484,54
"4350","2726","CHE","T20","60",1.586,60
"4351","2726","CHE","T20","67",1.864,67
"4352","2727","CHE","T20","11",0.097,11
"4353","2727","CHE","T20","18",0.114,18
"4354","2728","CHE","T20","11",0.15,11
"4355","2728","CHE","T20","18",0.114,18
"4356","2728","CHE","T20","24",0.162,24
"4357","2728","CHE","T20","38",0.451,38
"4358","2728","CHE","T20","46",0.987,46
"4359","2728","CHE","T20","54",1.143,54
"4360","2728","CHE","T20","60",1.018,60
"4361","2728","CHE","T20","67",1.053,67
"4362","2729","CHE","T20","11",0.102,11
"4363","2729","CHE","T20","18",0.117,18
"4364","2729","CHE","T20","24",0.135,24
"4365","2729","CHE","T20","38",0.17,38
"4366","2729","CHE","T20","46",0.368,46
"4367","2729","CHE","T20","54",0.316,54
"4368","2729","CHE","T20","60",0.332,60
"4369","2729","CHE","T20","67",0.081,67
"4370","2730","CHE","T20","11",0.178,11
"4371","2730","CHE","T20","18",0.11,18
"4372","2730","CHE","T20","24",0.111,24
"4373","2730","CHE","T20","38",0.169,38
"4374","2730","CHE","T20","46",0.278,46
"4375","2730","CHE","T20","54",0.32,54
"4376","2730","CHE","T20","60",0.345,60
"4377","2730","CHE","T20","67",0.265,67
"4378","2733","CHE","T20","11",0.176,11
"4379","2733","CHE","T20","18",0.217,18
"4380","2733","CHE","T20","24",0.123,24
"4381","2733","CHE","T20","38",0.189,38
"4382","2733","CHE","T20","46",0.34,46
"4383","2733","CHE","T20","54",0.208,54
"4384","2733","CHE","T20","60",0.262,60
"4385","2733","CHE","T20","67",0.375,67
"4386","2734","CHE","T20","11",0.062,11
"4387","2734","CHE","T20","18",0.066,18
"4388","2734","CHE","T20","24",0.136,24
"4389","2734","CHE","T20","38",0.165,38
"4390","2734","CHE","T20","46",0.25,46
"4391","2734","CHE","T20","54",0.213,54
"4392","2734","CHE","T20","60",0.36,60
"4393","2734","CHE","T20","67",0.425,67
"4394","2735","CHE","T20","11",0.135,11
"4395","2735","CHE","T20","18",0.103,18
"4396","2735","CHE","T20","24",0.176,24
"4397","2736","CHE","T20","11",0.118,11
"4398","2736","CHE","T20","18",0.08,18
"4399","2736","CHE","T20","24",0.1,24
"4400","2736","CHE","T20","38",0.188,38
"4401","2736","CHE","T20","46",0.488,46
"4402","2736","CHE","T20","54",0.503,54
"4403","2736","CHE","T20","60",0.549,60
"4404","2736","CHE","T20","67",0.763,67
"4405","2743","CHE","T20","11",0.19,11
"4406","2746","CHE","T20","11",0.142,11
"4407","1681","DWT","T10","11",0.193,11
"4408","1681","DWT","T10","18",0.263,18
"4409","1681","DWT","T10","24",0.306,24
"4410","1681","DWT","T10","38",0.178,38
"4411","1681","DWT","T10","46",0.228,46
"4412","1681","DWT","T10","54",0.308,54
"4413","1681","DWT","T10","60",0.166,60
"4414","1681","DWT","T10","67",0.372,67
"4415","1683","DWT","T10","11",0.161,11
"4416","1683","DWT","T10","18",0.241,18
"4417","1683","DWT","T10","24",0.338,24
"4418","1683","DWT","T10","38",0.385,38
"4419","1683","DWT","T10","46",0.646,46
"4420","1683","DWT","T10","54",0.683,54
"4421","1683","DWT","T10","60",0.773,60
"4422","1683","DWT","T10","67",0.954,67
"4423","1685","DWT","T10","11",0.203,11
"4424","1685","DWT","T10","18",0.198,18
"4425","1685","DWT","T10","24",0.218,24
"4426","1685","DWT","T10","38",0.271,38
"4427","1685","DWT","T10","46",0.414,46
"4428","1685","DWT","T10","54",0.66,54
"4429","1685","DWT","T10","60",0.882,60
"4430","1685","DWT","T10","67",0.892,67
"4431","1686","DWT","T10","11",0.046,11
"4432","1686","DWT","T10","18",0.087,18
"4433","1686","DWT","T10","24",0.107,24
"4434","1691","DWT","T10","11",0.186,11
"4435","1691","DWT","T10","18",0.312,18
"4436","1691","DWT","T10","24",0.416,24
"4437","1691","DWT","T10","38",0.507,38
"4438","1691","DWT","T10","46",0.87,46
"4439","1691","DWT","T10","54",1.783,54
"4440","1691","DWT","T10","60",2.009,60
"4441","1691","DWT","T10","67",2.407,67
"4442","1692","DWT","T10","11",0.268,11
"4443","1692","DWT","T10","18",0.338,18
"4444","1692","DWT","T10","24",0.476,24
"4445","1693","DWT","T10","11",0.373,11
"4446","1693","DWT","T10","18",0.486,18
"4447","1693","DWT","T10","24",0.489,24
"4448","1693","DWT","T10","38",0.563,38
"4449","1693","DWT","T10","46",0.913,46
"4450","1693","DWT","T10","54",1.57,54
"4451","1693","DWT","T10","60",1.779,60
"4452","1693","DWT","T10","67",2.441,67
"4453","1694","DWT","T10","11",0.143,11
"4454","1694","DWT","T10","18",0.167,18
"4455","1694","DWT","T10","24",0.255,24
"4456","1694","DWT","T10","38",0.347,38
"4457","1694","DWT","T10","46",0.338,46
"4458","1694","DWT","T10","54",0.513,54
"4459","1694","DWT","T10","60",0.59,60
"4460","1694","DWT","T10","67",0.764,67
"4461","1695","DWT","T10","11",0.317,11
"4462","1695","DWT","T10","18",0.361,18
"4463","1695","DWT","T10","24",0.467,24
"4464","1695","DWT","T10","38",0.776,38
"4465","1695","DWT","T10","46",1.226,46
"4466","1695","DWT","T10","54",1.545,54
"4467","1695","DWT","T10","60",1.763,60
"4468","1695","DWT","T10","67",1.868,67
"4469","1696","DWT","T10","11",0.199,11
"4470","1696","DWT","T10","18",0.195,18
"4471","1696","DWT","T10","24",0.264,24
"4472","1696","DWT","T10","38",0.394,38
"4473","1696","DWT","T10","46",0.53,46
"4474","1696","DWT","T10","54",0.825,54
"4475","1696","DWT","T10","60",1.031,60
"4476","1696","DWT","T10","67",1.382,67
"4477","1697","DWT","T10","11",0.13,11
"4478","1697","DWT","T10","18",0.15,18
"4479","1697","DWT","T10","24",0.159,24
"4480","1697","DWT","T10","38",0.326,38
"4481","1697","DWT","T10","46",0.492,46
"4482","1697","DWT","T10","54",0.682,54
"4483","1697","DWT","T10","60",0.757,60
"4484","1697","DWT","T10","67",0.94,67
"4485","1698","DWT","T10","11",0.153,11
"4486","1698","DWT","T10","18",0.253,18
"4487","1698","DWT","T10","24",0.284,24
"4488","1698","DWT","T10","38",0.478,38
"4489","1698","DWT","T10","46",0.756,46
"4490","1698","DWT","T10","54",1.099,54
"4491","1698","DWT","T10","60",1.123,60
"4492","1698","DWT","T10","67",1.625,67
"4493","1699","DWT","T10","11",0.204,11
"4494","1699","DWT","T10","18",0.256,18
"4495","1699","DWT","T10","24",0.316,24
"4496","1699","DWT","T10","38",0.677,38
"4497","1699","DWT","T10","46",1.401,46
"4498","1699","DWT","T10","54",2.064,54
"4499","1699","DWT","T10","60",1.535,60
"4500","1699","DWT","T10","67",2.282,67
"4501","1700","DWT","T10","11",0.172,11
"4502","1700","DWT","T10","18",0.222,18
"4503","1700","DWT","T10","24",0.279,24
"4504","1700","DWT","T10","38",0.311,38
"4505","1700","DWT","T10","46",0.414,46
"4506","1700","DWT","T10","54",0.533,54
"4507","1700","DWT","T10","60",0.501,60
"4508","1700","DWT","T10","67",1.129,67
"4509","1702","DWT","T10","11",0.244,11
"4510","1702","DWT","T10","18",0.243,18
"4511","1702","DWT","T10","24",0.31,24
"4512","1702","DWT","T10","38",0.511,38
"4513","1702","DWT","T10","46",0.665,46
"4514","1702","DWT","T10","54",0.841,54
"4515","1702","DWT","T10","60",0.89,60
"4516","1702","DWT","T10","67",1.373,67
"4517","1703","DWT","T10","11",0.294,11
"4518","1703","DWT","T10","18",0.387,18
"4519","1703","DWT","T10","24",0.355,24
"4520","1704","DWT","T10","11",0.05,11
"4521","1704","DWT","T10","18",0.152,18
"4522","1704","DWT","T10","24",0.146,24
"4523","1704","DWT","T10","38",0.274,38
"4524","1704","DWT","T10","46",0.29,46
"4525","1704","DWT","T10","54",0.383,54
"4526","1704","DWT","T10","60",0.203,60
"4527","1704","DWT","T10","67",0.578,67
"4528","1705","DWT","T10","11",0.23,11
"4529","1705","DWT","T10","18",0.194,18
"4530","1705","DWT","T10","24",0.338,24
"4531","1705","DWT","T10","38",0.494,38
"4532","1705","DWT","T10","46",0.829,46
"4533","1705","DWT","T10","54",1.398,54
"4534","1705","DWT","T10","60",1.703,60
"4535","1705","DWT","T10","67",2.236,67
"4536","1706","DWT","T10","11",0.139,11
"4537","1706","DWT","T10","18",0.083,18
"4538","1706","DWT","T10","24",0.111,24
"4539","1706","DWT","T10","38",0.144,38
"4540","1706","DWT","T10","46",0.16,46
"4541","1706","DWT","T10","54",0.152,54
"4542","1706","DWT","T10","60",0.124,60
"4543","1706","DWT","T10","67",0.261,67
"4544","1707","DWT","T10","11",0.217,11
"4545","1707","DWT","T10","18",0.229,18
"4546","1707","DWT","T10","24",0.292,24
"4547","1707","DWT","T10","38",0.359,38
"4548","1707","DWT","T10","46",0.657,46
"4549","1707","DWT","T10","54",0.879,54
"4550","1707","DWT","T10","60",1.137,60
"4551","1707","DWT","T10","67",1.592,67
"4552","1709","DWT","T10","11",0.227,11
"4553","1709","DWT","T10","18",0.318,18
"4554","1709","DWT","T10","24",0.377,24
"4555","1710","DWT","T10","11",0.144,11
"4556","1710","DWT","T10","18",0.129,18
"4557","1710","DWT","T10","24",0.162,24
"4558","1711","DWT","T10","11",0.299,11
"4559","1711","DWT","T10","18",0.409,18
"4560","1711","DWT","T10","24",0.447,24
"4561","1712","DWT","T10","11",0.177,11
"4562","1712","DWT","T10","18",0.165,18
"4563","1712","DWT","T10","24",0.105,24
"4564","1713","DWT","T10","11",0.253,11
"4565","1713","DWT","T10","18",0.379,18
"4566","1713","DWT","T10","24",0.358,24
"4567","1713","DWT","T10","38",0.594,38
"4568","1713","DWT","T10","46",1.053,46
"4569","1713","DWT","T10","54",1.659,54
"4570","1713","DWT","T10","60",2.04,60
"4571","1713","DWT","T10","67",2.439,67
"4572","1715","DWT","T10","11",0.233,11
"4573","1715","DWT","T10","18",0.301,18
"4574","1715","DWT","T10","24",0.389,24
"4575","1715","DWT","T10","38",0.42,38
"4576","1715","DWT","T10","46",0.563,46
"4577","1715","DWT","T10","54",0.761,54
"4578","1715","DWT","T10","60",1.07,60
"4579","1715","DWT","T10","67",1.34,67
"4580","1716","DWT","T10","11",0.165,11
"4581","1716","DWT","T10","18",0.289,18
"4582","1716","DWT","T10","24",0.373,24
"4583","1716","DWT","T10","38",0.564,38
"4584","1716","DWT","T10","46",0.727,46
"4585","1716","DWT","T10","54",0.888,54
"4586","1716","DWT","T10","60",1.062,60
"4587","1717","DWT","T10","11",0.157,11
"4588","1717","DWT","T10","18",0.112,18
"4589","1717","DWT","T10","24",0.092,24
"4590","1717","DWT","T10","38",0.224,38
"4591","1717","DWT","T10","46",0.242,46
"4592","1717","DWT","T10","54",0.306,54
"4593","1717","DWT","T10","60",0.414,60
"4594","1717","DWT","T10","67",0.539,67
"4595","1719","DWT","T10","11",0.244,11
"4596","1719","DWT","T10","18",0.47,18
"4597","1719","DWT","T10","24",0.495,24
"4598","1719","DWT","T10","38",0.569,38
"4599","1719","DWT","T10","46",0.917,46
"4600","1719","DWT","T10","54",1.514,54
"4601","1719","DWT","T10","60",2.008,60
"4602","1719","DWT","T10","67",2.561,67
"4603","1720","DWT","T10","11",0.118,11
"4604","1720","DWT","T10","18",0.264,18
"4605","1720","DWT","T10","24",0.235,24
"4606","1721","DWT","T10","11",0.073,11
"4607","1721","DWT","T10","18",0.188,18
"4608","1721","DWT","T10","24",0.189,24
"4609","1721","DWT","T10","38",0.211,38
"4610","1721","DWT","T10","46",0.201,46
"4611","1721","DWT","T10","54",0.27,54
"4612","1721","DWT","T10","60",0.364,60
"4613","1721","DWT","T10","67",0.536,67
"4614","1723","DWT","T10","11",0.178,11
"4615","1723","DWT","T10","18",0.18,18
"4616","1723","DWT","T10","24",0.287,24
"4617","1723","DWT","T10","38",0.443,38
"4618","1723","DWT","T10","46",0.499,46
"4619","1723","DWT","T10","54",0.984,54
"4620","1723","DWT","T10","60",1.107,60
"4621","1723","DWT","T10","67",1.396,67
"4622","1724","DWT","T10","11",0.187,11
"4623","1724","DWT","T10","18",0.311,18
"4624","1724","DWT","T10","24",0.493,24
"4625","1724","DWT","T10","38",0.62,38
"4626","1724","DWT","T10","46",1.098,46
"4627","1724","DWT","T10","54",1.6,54
"4628","1724","DWT","T10","60",1.723,60
"4629","1724","DWT","T10","67",2.222,67
"4630","1725","DWT","T10","11",0.197,11
"4631","1725","DWT","T10","18",0.295,18
"4632","1725","DWT","T10","24",0.441,24
"4633","1726","DWT","T10","11",0.081,11
"4634","1726","DWT","T10","18",0.061,18
"4635","1726","DWT","T10","24",0.071,24
"4636","1727","DWT","T10","11",0.118,11
"4637","1727","DWT","T10","18",0.215,18
"4638","1727","DWT","T10","24",0.272,24
"4639","1727","DWT","T10","38",0.342,38
"4640","1727","DWT","T10","46",0.443,46
"4641","1727","DWT","T10","54",0.784,54
"4642","1727","DWT","T10","60",1.049,60
"4643","1727","DWT","T10","67",1.607,67
"4644","1730","DWT","T10","11",0.044,11
"4645","1730","DWT","T10","18",0.054,18
"4646","1730","DWT","T10","24",0.083,24
"4647","1730","DWT","T10","38",0.093,38
"4648","1730","DWT","T10","46",0.087,46
"4649","1730","DWT","T10","54",0.168,54
"4650","1730","DWT","T10","60",0.156,60
"4651","1730","DWT","T10","67",0.308,67
"4652","1731","DWT","T10","11",0.233,11
"4653","1731","DWT","T10","18",0.334,18
"4654","1731","DWT","T10","24",0.265,24
"4655","1731","DWT","T10","38",0.457,38
"4656","1731","DWT","T10","46",0.711,46
"4657","1731","DWT","T10","54",1.424,54
"4658","1731","DWT","T10","60",1.367,60
"4659","1731","DWT","T10","67",1.961,67
"4660","1732","DWT","T10","11",0.104,11
"4661","1732","DWT","T10","18",0.112,18
"4662","1732","DWT","T10","24",0.15,24
"4663","1732","DWT","T10","38",0.212,38
"4664","1732","DWT","T10","46",0.262,46
"4665","1732","DWT","T10","54",0.333,54
"4666","1732","DWT","T10","60",0.328,60
"4667","1732","DWT","T10","67",0.554,67
"4668","1733","DWT","T10","11",0.261,11
"4669","1733","DWT","T10","18",0.177,18
"4670","1733","DWT","T10","24",0.151,24
"4671","1733","DWT","T10","38",0.187,38
"4672","1733","DWT","T10","46",0.258,46
"4673","1733","DWT","T10","54",0.34,54
"4674","1733","DWT","T10","60",0.43,60
"4675","1733","DWT","T10","67",0.813,67
"4676","1734","DWT","T10","11",0.019,11
"4677","1734","DWT","T10","18",0.095,18
"4678","1734","DWT","T10","24",0.153,24
"4679","1734","DWT","T10","38",0.128,38
"4680","1734","DWT","T10","46",0.202,46
"4681","1734","DWT","T10","54",0.196,54
"4682","1734","DWT","T10","60",0.189,60
"4683","1734","DWT","T10","67",0.289,67
"4684","1735","DWT","T10","11",0.099,11
"4685","1735","DWT","T10","18",0.09,18
"4686","1735","DWT","T10","24",0.12,24
"4687","1735","DWT","T10","38",0.109,38
"4688","1736","DWT","T10","11",0.153,11
"4689","1736","DWT","T10","18",0.154,18
"4690","1737","DWT","T10","11",0.114,11
"4691","1737","DWT","T10","18",0.133,18
"4692","1737","DWT","T10","24",0.125,24
"4693","1737","DWT","T10","38",0.123,38
"4694","1737","DWT","T10","46",0.127,46
"4695","1737","DWT","T10","54",0.124,54
"4696","1737","DWT","T10","60",0.065,60
"4697","1737","DWT","T10","67",0.087,67
"4698","1738","DWT","T10","11",0.346,11
"4699","1738","DWT","T10","18",0.283,18
"4700","1738","DWT","T10","24",0.102,24
"4701","1738","DWT","T10","38",0.253,38
"4702","1738","DWT","T10","46",0.291,46
"4703","1738","DWT","T10","54",0.45,54
"4704","1738","DWT","T10","60",0.496,60
"4705","1738","DWT","T10","67",0.676,67
"4706","1739","DWT","T10","11",0.065,11
"4707","1739","DWT","T10","18",0.073,18
"4708","1739","DWT","T10","24",0.246,24
"4709","1739","DWT","T10","38",0.34,38
"4710","1739","DWT","T10","46",0.556,46
"4711","1739","DWT","T10","54",0.829,54
"4712","1739","DWT","T10","60",0.851,60
"4713","1739","DWT","T10","67",1.021,67
"4714","1740","DWT","T10","11",0.162,11
"4715","1740","DWT","T10","18",0.245,18
"4716","1740","DWT","T10","24",0.267,24
"4717","1740","DWT","T10","38",0.352,38
"4718","1740","DWT","T10","46",0.534,46
"4719","1740","DWT","T10","54",0.998,54
"4720","1740","DWT","T10","60",0.899,60
"4721","1740","DWT","T10","67",1.597,67
"4722","1741","DWT","T10","11",0.091,11
"4723","1741","DWT","T10","18",0.187,18
"4724","1741","DWT","T10","24",0.141,24
"4725","1741","DWT","T10","38",0.167,38
"4726","1741","DWT","T10","46",0.251,46
"4727","1741","DWT","T10","54",0.516,54
"4728","1741","DWT","T10","60",0.498,60
"4729","1741","DWT","T10","67",0.766,67
"4730","1742","DWT","T10","11",0.304,11
"4731","1742","DWT","T10","18",0.316,18
"4732","1742","DWT","T10","24",0.358,24
"4733","1742","DWT","T10","38",0.427,38
"4734","1742","DWT","T10","46",0.648,46
"4735","1742","DWT","T10","54",0.849,54
"4736","1742","DWT","T10","60",0.841,60
"4737","1742","DWT","T10","67",0.637,67
"4738","1743","DWT","T10","11",0.213,11
"4739","1743","DWT","T10","18",0.28,18
"4740","1743","DWT","T10","24",0.308,24
"4741","1743","DWT","T10","38",0.59,38
"4742","1743","DWT","T10","46",0.755,46
"4743","1743","DWT","T10","54",1.102,54
"4744","1743","DWT","T10","60",1.428,60
"4745","1743","DWT","T10","67",2.084,67
"4746","1744","DWT","T10","11",0.103,11
"4747","1744","DWT","T10","18",0.182,18
"4748","1748","DWT","T10","11",0.158,11
"4749","1748","DWT","T10","18",0.178,18
"4750","1748","DWT","T10","24",0.182,24
"4751","1748","DWT","T10","38",0.424,38
"4752","1748","DWT","T10","46",0.512,46
"4753","1748","DWT","T10","54",0.725,54
"4754","1748","DWT","T10","60",1.391,60
"4755","1748","DWT","T10","67",1.407,67
"4756","1749","DWT","T10","11",0.26,11
"4757","1750","DWT","T10","11",0.259,11
"4758","1751","DWT","T10","11",0.172,11
"4759","1752","DWT","T10","11",0.271,11
"4760","1753","DWT","T10","11",0.234,11
"4761","1754","DWT","T10","11",0.072,11
"4762","1755","DWT","T10","11",0.236,11
"4763","1756","DWT","T10","11",0.159,11
"4764","1757","DWT","T10","11",0.097,11
"4765","1757","DWT","T10","18",0.29,18
"4766","1757","DWT","T10","24",0.233,24
"4767","2623","CHE+DHE","T21","11",0.22,11
"4768","2623","CHE+DHE","T21","18",0.254,18
"4769","2623","CHE+DHE","T21","24",0.4,24
"4770","2623","CHE+DHE","T21","38",0.323,38
"4771","2623","CHE+DHE","T21","46",0.607,46
"4772","2623","CHE+DHE","T21","54",0.738,54
"4773","2623","CHE+DHE","T21","60",0.694,60
"4774","2623","CHE+DHE","T21","67",0.735,67
"4775","2624","CHE+DHE","T21","11",0.109,11
"4776","2624","CHE+DHE","T21","18",0.307,18
"4777","2624","CHE+DHE","T21","24",0.503,24
"4778","2629","CHE+DHE","T21","11",0.052,11
"4779","2629","CHE+DHE","T21","18",0.204,18
"4780","2629","CHE+DHE","T21","24",0.177,24
"4781","2629","CHE+DHE","T21","38",0.427,38
"4782","2629","CHE+DHE","T21","46",0.617,46
"4783","2629","CHE+DHE","T21","54",0.65,54
"4784","2629","CHE+DHE","T21","60",0.768,60
"4785","2629","CHE+DHE","T21","67",0.874,67
"4786","2630","CHE+DHE","T21","11",0.196,11
"4787","2630","CHE+DHE","T21","18",0.253,18
"4788","2630","CHE+DHE","T21","24",0.33,24
"4789","2630","CHE+DHE","T21","38",0.426,38
"4790","2630","CHE+DHE","T21","46",0.949,46
"4791","2630","CHE+DHE","T21","54",1.225,54
"4792","2630","CHE+DHE","T21","60",1.735,60
"4793","2630","CHE+DHE","T21","67",2.002,67
"4794","2631","CHE+DHE","T21","11",0.144,11
"4795","2631","CHE+DHE","T21","18",0.173,18
"4796","2631","CHE+DHE","T21","24",0.202,24
"4797","2631","CHE+DHE","T21","38",0.465,38
"4798","2631","CHE+DHE","T21","46",0.49,46
"4799","2631","CHE+DHE","T21","54",0.844,54
"4800","2631","CHE+DHE","T21","60",0.974,60
"4801","2631","CHE+DHE","T21","67",1.051,67
"4802","2632","CHE+DHE","T21","11",0.279,11
"4803","2632","CHE+DHE","T21","18",0.218,18
"4804","2632","CHE+DHE","T21","24",0.339,24
"4805","2632","CHE+DHE","T21","38",0.77,38
"4806","2632","CHE+DHE","T21","46",1.17,46
"4807","2632","CHE+DHE","T21","54",1.275,54
"4808","2632","CHE+DHE","T21","60",1.358,60
"4809","2632","CHE+DHE","T21","67",1.989,67
"4810","2633","CHE+DHE","T21","11",0.115,11
"4811","2633","CHE+DHE","T21","18",0.148,18
"4812","2633","CHE+DHE","T21","24",0.213,24
"4813","2633","CHE+DHE","T21","38",0.463,38
"4814","2633","CHE+DHE","T21","46",0.681,46
"4815","2633","CHE+DHE","T21","54",0.912,54
"4816","2633","CHE+DHE","T21","60",0.932,60
"4817","2633","CHE+DHE","T21","67",1.272,67
"4818","2634","CHE+DHE","T21","11",0.243,11
"4819","2634","CHE+DHE","T21","18",0.246,18
"4820","2634","CHE+DHE","T21","24",0.317,24
"4821","2634","CHE+DHE","T21","38",1.14,38
"4822","2634","CHE+DHE","T21","46",1.18,46
"4823","2634","CHE+DHE","T21","54",1.375,54
"4824","2634","CHE+DHE","T21","60",1.789,60
"4825","2634","CHE+DHE","T21","67",1.935,67
"4826","2636","CHE+DHE","T21","11",0.077,11
"4827","2636","CHE+DHE","T21","18",0.144,18
"4828","2636","CHE+DHE","T21","24",0.161,24
"4829","2637","CHE+DHE","T21","11",0.07,11
"4830","2637","CHE+DHE","T21","18",0.179,18
"4831","2637","CHE+DHE","T21","24",0.22,24
"4832","2637","CHE+DHE","T21","38",0.15,38
"4833","2638","CHE+DHE","T21","11",0.235,11
"4834","2638","CHE+DHE","T21","18",0.285,18
"4835","2638","CHE+DHE","T21","24",0.398,24
"4836","2638","CHE+DHE","T21","38",0.576,38
"4837","2638","CHE+DHE","T21","46",1.162,46
"4838","2638","CHE+DHE","T21","54",1.652,54
"4839","2638","CHE+DHE","T21","60",1.775,60
"4840","2638","CHE+DHE","T21","67",1.95,67
"4841","2639","CHE+DHE","T21","11",0.18,11
"4842","2639","CHE+DHE","T21","18",0.311,18
"4843","2639","CHE+DHE","T21","24",0.349,24
"4844","2639","CHE+DHE","T21","38",0.494,38
"4845","2639","CHE+DHE","T21","46",0.922,46
"4846","2639","CHE+DHE","T21","54",1.325,54
"4847","2639","CHE+DHE","T21","60",1.253,60
"4848","2639","CHE+DHE","T21","67",1.988,67
"4849","2640","CHE+DHE","T21","11",0.196,11
"4850","2640","CHE+DHE","T21","18",0.15,18
"4851","2640","CHE+DHE","T21","24",0.347,24
"4852","2640","CHE+DHE","T21","38",0.266,38
"4853","2640","CHE+DHE","T21","46",0.711,46
"4854","2640","CHE+DHE","T21","54",0.69,54
"4855","2640","CHE+DHE","T21","60",0.794,60
"4856","2640","CHE+DHE","T21","67",1.011,67
"4857","2641","CHE+DHE","T21","11",0.123,11
"4858","2641","CHE+DHE","T21","18",0.101,18
"4859","2641","CHE+DHE","T21","24",0.096,24
"4860","2641","CHE+DHE","T21","38",0.099,38
"4861","2642","CHE+DHE","T21","11",0.184,11
"4862","2642","CHE+DHE","T21","18",0.135,18
"4863","2642","CHE+DHE","T21","24",0.2,24
"4864","2642","CHE+DHE","T21","38",0.185,38
"4865","2642","CHE+DHE","T21","46",0.587,46
"4866","2642","CHE+DHE","T21","54",0.674,54
"4867","2642","CHE+DHE","T21","60",0.979,60
"4868","2642","CHE+DHE","T21","67",1.321,67
"4869","2643","CHE+DHE","T21","11",0.112,11
"4870","2643","CHE+DHE","T21","18",0.137,18
"4871","2643","CHE+DHE","T21","24",0.294,24
"4872","2643","CHE+DHE","T21","38",0.144,38
"4873","2643","CHE+DHE","T21","46",0.299,46
"4874","2643","CHE+DHE","T21","54",0.427,54
"4875","2643","CHE+DHE","T21","60",0.643,60
"4876","2643","CHE+DHE","T21","67",0.664,67
"4877","2644","CHE+DHE","T21","11",0.09,11
"4878","2644","CHE+DHE","T21","18",0.113,18
"4879","2644","CHE+DHE","T21","24",0.256,24
"4880","2644","CHE+DHE","T21","38",0.209,38
"4881","2644","CHE+DHE","T21","46",0.389,46
"4882","2644","CHE+DHE","T21","54",0.574,54
"4883","2644","CHE+DHE","T21","60",0.582,60
"4884","2644","CHE+DHE","T21","67",0.708,67
"4885","2649","CHE+DHE","T21","11",0.16,11
"4886","2649","CHE+DHE","T21","18",0.235,18
"4887","2649","CHE+DHE","T21","24",0.322,24
"4888","2649","CHE+DHE","T21","38",0.523,38
"4889","2649","CHE+DHE","T21","46",0.725,46
"4890","2649","CHE+DHE","T21","54",0.507,54
"4891","2649","CHE+DHE","T21","60",0.888,60
"4892","2649","CHE+DHE","T21","67",0.928,67
"4893","2650","CHE+DHE","T21","11",0.156,11
"4894","2650","CHE+DHE","T21","18",0.217,18
"4895","2650","CHE+DHE","T21","24",0.285,24
"4896","2650","CHE+DHE","T21","38",1.05,38
"4897","2650","CHE+DHE","T21","46",1.215,46
"4898","2650","CHE+DHE","T21","54",0.866,54
"4899","2650","CHE+DHE","T21","60",1.463,60
"4900","2650","CHE+DHE","T21","67",1.598,67
"4901","2651","CHE+DHE","T21","11",0.148,11
"4902","2651","CHE+DHE","T21","18",0.125,18
"4903","2651","CHE+DHE","T21","24",0.178,24
"4904","2651","CHE+DHE","T21","38",0.392,38
"4905","2651","CHE+DHE","T21","46",0.47,46
"4906","2651","CHE+DHE","T21","54",0.7,54
"4907","2651","CHE+DHE","T21","60",0.849,60
"4908","2651","CHE+DHE","T21","67",1.101,67
"4909","2652","CHE+DHE","T21","11",0.066,11
"4910","2652","CHE+DHE","T21","18",0.083,18
"4911","2652","CHE+DHE","T21","24",0.083,24
"4912","2652","CHE+DHE","T21","38",0.088,38
"4913","2653","CHE+DHE","T21","11",0.222,11
"4914","2653","CHE+DHE","T21","18",0.24,18
"4915","2653","CHE+DHE","T21","24",0.348,24
"4916","2653","CHE+DHE","T21","38",0.545,38
"4917","2653","CHE+DHE","T21","46",0.655,46
"4918","2653","CHE+DHE","T21","54",0.613,54
"4919","2653","CHE+DHE","T21","60",0.853,60
"4920","2653","CHE+DHE","T21","67",1.103,67
"4921","2654","CHE+DHE","T21","11",0.189,11
"4922","2654","CHE+DHE","T21","18",0.313,18
"4923","2654","CHE+DHE","T21","24",0.438,24
"4924","2654","CHE+DHE","T21","38",0.455,38
"4925","2654","CHE+DHE","T21","46",0.971,46
"4926","2654","CHE+DHE","T21","54",0.837,54
"4927","2654","CHE+DHE","T21","60",1.016,60
"4928","2654","CHE+DHE","T21","67",1.222,67
"4929","2655","CHE+DHE","T21","11",0.074,11
"4930","2655","CHE+DHE","T21","18",0.072,18
"4931","2655","CHE+DHE","T21","24",0.054,24
"4932","2656","CHE+DHE","T21","11",0.279,11
"4933","2656","CHE+DHE","T21","18",0.302,18
"4934","2656","CHE+DHE","T21","24",0.308,24
"4935","2656","CHE+DHE","T21","38",0.247,38
"4936","2656","CHE+DHE","T21","46",0.606,46
"4937","2656","CHE+DHE","T21","54",0.707,54
"4938","2656","CHE+DHE","T21","60",1.026,60
"4939","2656","CHE+DHE","T21","67",1.138,67
"4940","2657","CHE+DHE","T21","11",0.225,11
"4941","2657","CHE+DHE","T21","18",0.333,18
"4942","2657","CHE+DHE","T21","24",0.458,24
"4943","2657","CHE+DHE","T21","38",0.245,38
"4944","2660","CHE+DHE","T21","11",0.207,11
"4945","2660","CHE+DHE","T21","18",0.219,18
"4946","2660","CHE+DHE","T21","24",0.271,24
"4947","2660","CHE+DHE","T21","38",0.156,38
"4948","2663","CHE+DHE","T21","11",0.231,11
"4949","2663","CHE+DHE","T21","18",0.274,18
"4950","2663","CHE+DHE","T21","24",0.259,24
"4951","2663","CHE+DHE","T21","38",0.426,38
"4952","2663","CHE+DHE","T21","46",0.619,46
"4953","2663","CHE+DHE","T21","54",0.661,54
"4954","2663","CHE+DHE","T21","60",0.818,60
"4955","2663","CHE+DHE","T21","67",0.981,67
"4956","2665","CHE+DHE","T21","11",0.105,11
"4957","2665","CHE+DHE","T21","18",0.225,18
"4958","2665","CHE+DHE","T21","24",0.366,24
"4959","2665","CHE+DHE","T21","38",0.228,38
"4960","2666","CHE+DHE","T21","11",0.214,11
"4961","2666","CHE+DHE","T21","18",0.258,18
"4962","2666","CHE+DHE","T21","24",0.4,24
"4963","2666","CHE+DHE","T21","38",1.004,38
"4964","2666","CHE+DHE","T21","46",1.478,46
"4965","2666","CHE+DHE","T21","54",1.333,54
"4966","2666","CHE+DHE","T21","60",1.338,60
"4967","2666","CHE+DHE","T21","67",1.414,67
"4968","2667","CHE+DHE","T21","11",0.147,11
"4969","2667","CHE+DHE","T21","18",0.262,18
"4970","2667","CHE+DHE","T21","24",0.261,24
"4971","2672","CHE+DHE","T21","11",0.168,11
"4972","2672","CHE+DHE","T21","18",0.165,18
"4973","2672","CHE+DHE","T21","24",0.268,24
"4974","2672","CHE+DHE","T21","38",0.21,38
"4975","2672","CHE+DHE","T21","46",0.573,46
"4976","2672","CHE+DHE","T21","54",0.713,54
"4977","2672","CHE+DHE","T21","60",0.802,60
"4978","2672","CHE+DHE","T21","67",0.826,67
"4979","2673","CHE+DHE","T21","11",0.222,11
"4980","2673","CHE+DHE","T21","18",0.211,18
"4981","2673","CHE+DHE","T21","24",0.245,24
"4982","2673","CHE+DHE","T21","38",0.229,38
"4983","2673","CHE+DHE","T21","46",0.584,46
"4984","2673","CHE+DHE","T21","54",0.709,54
"4985","2673","CHE+DHE","T21","60",0.787,60
"4986","2673","CHE+DHE","T21","67",0.875,67
"4987","2674","CHE+DHE","T21","11",0.208,11
"4988","2674","CHE+DHE","T21","18",0.21,18
"4989","2674","CHE+DHE","T21","24",0.21,24
"4990","2678","CHE+DHE","T21","11",0.08,11
"4991","2678","CHE+DHE","T21","18",0.074,18
"4992","2678","CHE+DHE","T21","24",0.139,24
"4993","2678","CHE+DHE","T21","38",0.214,38
"4994","2678","CHE+DHE","T21","46",0.466,46
"4995","2678","CHE+DHE","T21","54",0.47,54
"4996","2678","CHE+DHE","T21","60",0.608,60
"4997","2678","CHE+DHE","T21","67",0.622,67
"4998","2679","CHE+DHE","T21","11",0.119,11
"4999","2679","CHE+DHE","T21","18",0.185,18
"5000","2683","CHE+DHE","T21","11",0.295,11
"5001","2683","CHE+DHE","T21","18",0.997,18
"5002","2683","CHE+DHE","T21","24",0.994,24
"5003","2683","CHE+DHE","T21","38",1.105,38
"5004","2683","CHE+DHE","T21","46",1.258,46
"5005","2683","CHE+DHE","T21","54",1.297,54
"5006","2683","CHE+DHE","T21","60",1.046,60
"5007","2683","CHE+DHE","T21","67",0.942,67
"5008","2684","CHE+DHE","T21","11",0.311,11
"5009","2684","CHE+DHE","T21","18",0.03,18
"5010","2685","CHE+DHE","T21","11",0.313,11
"5011","2685","CHE+DHE","T21","18",0.194,18
"5012","2685","CHE+DHE","T21","24",0.097,24
"5013","2685","CHE+DHE","T21","38",0.213,38
"5014","2685","CHE+DHE","T21","46",0.17,46
"5015","2685","CHE+DHE","T21","54",0.2,54
"5016","2685","CHE+DHE","T21","60",0.214,60
"5017","2685","CHE+DHE","T21","67",0.164,67
"5018","2686","CHE+DHE","T21","11",0.256,11
"5019","2687","CHE+DHE","T21","11",0.066,11
"5020","2687","CHE+DHE","T21","18",0.071,18
"5021","2687","CHE+DHE","T21","24",0.062,24
"5022","2688","CHE+DHE","T21","11",0.126,11
"5023","2689","CHE+DHE","T21","11",0.173,11
"5024","2689","CHE+DHE","T21","18",0.031,18
"5025","2689","CHE+DHE","T21","24",0.022,24
"5026","2689","CHE+DHE","T21","38",0.054,38
"5027","2690","CHE+DHE","T21","11",0.165,11
"5028","2751","CWT+DWT","T27","11",0.227,11
"5029","2751","CWT+DWT","T27","18",0.266,18
"5030","2751","CWT+DWT","T27","24",0.288,24
"5031","2751","CWT+DWT","T27","38",0.575,38
"5032","2751","CWT+DWT","T27","46",1.36,46
"5033","2751","CWT+DWT","T27","54",1.912,54
"5034","2751","CWT+DWT","T27","60",2.147,60
"5035","2751","CWT+DWT","T27","67",1.531,67
"5036","2752","CWT+DWT","T27","11",0.207,11
"5037","2752","CWT+DWT","T27","18",0.275,18
"5038","2752","CWT+DWT","T27","24",0.273,24
"5039","2752","CWT+DWT","T27","38",0.502,38
"5040","2752","CWT+DWT","T27","46",1.119,46
"5041","2752","CWT+DWT","T27","54",2.596,54
"5042","2752","CWT+DWT","T27","60",2.649,60
"5043","2752","CWT+DWT","T27","67",3.017,67
"5044","2753","CWT+DWT","T27","11",0.278,11
"5045","2753","CWT+DWT","T27","18",0.318,18
"5046","2753","CWT+DWT","T27","24",0.292,24
"5047","2753","CWT+DWT","T27","38",0.629,38
"5048","2753","CWT+DWT","T27","46",1.027,46
"5049","2753","CWT+DWT","T27","54",1.682,54
"5050","2753","CWT+DWT","T27","60",2.119,60
"5051","2753","CWT+DWT","T27","67",2.382,67
"5052","2758","CWT+DWT","T27","11",0.138,11
"5053","2758","CWT+DWT","T27","18",0.183,18
"5054","2758","CWT+DWT","T27","24",0.189,24
"5055","2759","CWT+DWT","T27","11",0.217,11
"5056","2759","CWT+DWT","T27","18",0.21,18
"5057","2759","CWT+DWT","T27","24",0.27,24
"5058","2759","CWT+DWT","T27","38",0.361,38
"5059","2759","CWT+DWT","T27","46",0.711,46
"5060","2759","CWT+DWT","T27","54",1.094,54
"5061","2759","CWT+DWT","T27","60",1.313,60
"5062","2759","CWT+DWT","T27","67",1.377,67
"5063","2761","CWT+DWT","T27","11",0.17,11
"5064","2761","CWT+DWT","T27","18",0.166,18
"5065","2761","CWT+DWT","T27","24",0.163,24
"5066","2761","CWT+DWT","T27","38",0.234,38
"5067","2761","CWT+DWT","T27","46",0.48,46
"5068","2761","CWT+DWT","T27","54",1.059,54
"5069","2761","CWT+DWT","T27","60",1.003,60
"5070","2761","CWT+DWT","T27","67",1.179,67
"5071","2764","CWT+DWT","T27","11",0.222,11
"5072","2764","CWT+DWT","T27","18",0.23,18
"5073","2764","CWT+DWT","T27","24",0.451,24
"5074","2764","CWT+DWT","T27","38",1.016,38
"5075","2764","CWT+DWT","T27","46",2.529,46
"5076","2764","CWT+DWT","T27","54",2.796,54
"5077","2764","CWT+DWT","T27","60",3.056,60
"5078","2764","CWT+DWT","T27","67",3.037,67
"5079","2765","CWT+DWT","T27","11",0.108,11
"5080","2765","CWT+DWT","T27","18",0.175,18
"5081","2765","CWT+DWT","T27","24",0.211,24
"5082","2765","CWT+DWT","T27","38",0.459,38
"5083","2765","CWT+DWT","T27","46",1.076,46
"5084","2765","CWT+DWT","T27","54",1.398,54
"5085","2765","CWT+DWT","T27","60",1.61,60
"5086","2765","CWT+DWT","T27","67",1.682,67
"5087","2766","CWT+DWT","T27","11",0.09,11
"5088","2766","CWT+DWT","T27","18",0.097,18
"5089","2766","CWT+DWT","T27","24",0.177,24
"5090","2766","CWT+DWT","T27","38",0.161,38
"5091","2766","CWT+DWT","T27","46",0.518,46
"5092","2766","CWT+DWT","T27","54",0.611,54
"5093","2766","CWT+DWT","T27","60",0.757,60
"5094","2766","CWT+DWT","T27","67",0.688,67
"5095","2767","CWT+DWT","T27","11",0.181,11
"5096","2767","CWT+DWT","T27","18",0.15,18
"5097","2768","CWT+DWT","T27","11",0.224,11
"5098","2768","CWT+DWT","T27","18",0.228,18
"5099","2768","CWT+DWT","T27","24",0.2,24
"5100","2768","CWT+DWT","T27","38",0.131,38
"5101","2768","CWT+DWT","T27","46",0.398,46
"5102","2768","CWT+DWT","T27","54",0.461,54
"5103","2768","CWT+DWT","T27","60",0.651,60
"5104","2768","CWT+DWT","T27","67",0.601,67
"5105","2769","CWT+DWT","T27","11",0.263,11
"5106","2769","CWT+DWT","T27","18",0.27,18
"5107","2769","CWT+DWT","T27","24",0.332,24
"5108","2769","CWT+DWT","T27","38",0.526,38
"5109","2769","CWT+DWT","T27","46",1.159,46
"5110","2769","CWT+DWT","T27","54",1.544,54
"5111","2769","CWT+DWT","T27","60",1.693,60
"5112","2769","CWT+DWT","T27","67",1.671,67
"5113","2770","CWT+DWT","T27","11",0.247,11
"5114","2770","CWT+DWT","T27","18",0.235,18
"5115","2770","CWT+DWT","T27","24",0.254,24
"5116","2770","CWT+DWT","T27","38",0.458,38
"5117","2770","CWT+DWT","T27","46",0.874,46
"5118","2770","CWT+DWT","T27","54",0.975,54
"5119","2770","CWT+DWT","T27","60",1.386,60
"5120","2770","CWT+DWT","T27","67",1.279,67
"5121","2771","CWT+DWT","T27","11",0.229,11
"5122","2771","CWT+DWT","T27","18",0.243,18
"5123","2771","CWT+DWT","T27","24",0.392,24
"5124","2771","CWT+DWT","T27","38",0.986,38
"5125","2771","CWT+DWT","T27","46",2.277,46
"5126","2771","CWT+DWT","T27","54",1.803,54
"5127","2771","CWT+DWT","T27","60",1.766,60
"5128","2771","CWT+DWT","T27","67",2.417,67
"5129","2772","CWT+DWT","T27","11",0.227,11
"5130","2772","CWT+DWT","T27","18",0.116,18
"5131","2772","CWT+DWT","T27","24",0.179,24
"5132","2772","CWT+DWT","T27","38",0.186,38
"5133","2772","CWT+DWT","T27","46",0.373,46
"5134","2772","CWT+DWT","T27","54",0.283,54
"5135","2772","CWT+DWT","T27","60",0.325,60
"5136","2772","CWT+DWT","T27","67",0.257,67
"5137","2777","CWT+DWT","T27","11",0.283,11
"5138","2777","CWT+DWT","T27","18",0.238,18
"5139","2777","CWT+DWT","T27","24",0.282,24
"5140","2777","CWT+DWT","T27","38",0.432,38
"5141","2777","CWT+DWT","T27","46",1.076,46
"5142","2777","CWT+DWT","T27","54",0.997,54
"5143","2777","CWT+DWT","T27","60",0.942,60
"5144","2777","CWT+DWT","T27","67",1.01,67
"5145","2778","CWT+DWT","T27","11",0.056,11
"5146","2778","CWT+DWT","T27","18",0.25,18
"5147","2778","CWT+DWT","T27","24",0.513,24
"5148","2778","CWT+DWT","T27","38",0.786,38
"5149","2778","CWT+DWT","T27","46",1.43,46
"5150","2778","CWT+DWT","T27","54",1.193,54
"5151","2778","CWT+DWT","T27","60",1.203,60
"5152","2778","CWT+DWT","T27","67",1.171,67
"5153","2784","CWT+DWT","T27","11",0.19,11
"5154","2784","CWT+DWT","T27","18",0.178,18
"5155","2784","CWT+DWT","T27","24",0.249,24
"5156","2784","CWT+DWT","T27","38",0.175,38
"5157","2784","CWT+DWT","T27","46",0.412,46
"5158","2784","CWT+DWT","T27","54",0.416,54
"5159","2784","CWT+DWT","T27","60",0.459,60
"5160","2784","CWT+DWT","T27","67",0.554,67
"5161","2785","CWT+DWT","T27","11",0.102,11
"5162","2785","CWT+DWT","T27","18",0.183,18
"5163","2785","CWT+DWT","T27","24",0.181,24
"5164","2785","CWT+DWT","T27","38",0.229,38
"5165","2785","CWT+DWT","T27","46",0.451,46
"5166","2785","CWT+DWT","T27","54",0.553,54
"5167","2785","CWT+DWT","T27","60",0.54,60
"5168","2785","CWT+DWT","T27","67",0.711,67
"5169","2787","CWT+DWT","T27","11",0.287,11
"5170","2787","CWT+DWT","T27","18",0.338,18
"5171","2787","CWT+DWT","T27","24",0.512,24
"5172","2787","CWT+DWT","T27","38",0.82,38
"5173","2787","CWT+DWT","T27","46",1.508,46
"5174","2787","CWT+DWT","T27","54",1.392,54
"5175","2787","CWT+DWT","T27","60",1.18,60
"5176","2787","CWT+DWT","T27","67",1.338,67
"5177","2788","CWT+DWT","T27","11",0.123,11
"5178","2788","CWT+DWT","T27","18",0.052,18
"5179","2789","CWT+DWT","T27","11",0.119,11
"5180","2789","CWT+DWT","T27","18",0.128,18
"5181","2789","CWT+DWT","T27","24",0.119,24
"5182","2789","CWT+DWT","T27","38",0.099,38
"5183","2789","CWT+DWT","T27","46",0.136,46
"5184","2789","CWT+DWT","T27","54",0.154,54
"5185","2789","CWT+DWT","T27","60",0.171,60
"5186","2789","CWT+DWT","T27","67",0.169,67
"5187","2790","CWT+DWT","T27","11",0.082,11
"5188","2790","CWT+DWT","T27","18",0.112,18
"5189","2790","CWT+DWT","T27","24",0.071,24
"5190","2798","CWT+DWT","T27","11",0.161,11
"5191","2798","CWT+DWT","T27","18",0.173,18
"5192","2798","CWT+DWT","T27","24",0.285,24
"5193","2798","CWT+DWT","T27","38",0.233,38
"5194","2798","CWT+DWT","T27","46",0.59,46
"5195","2798","CWT+DWT","T27","54",0.946,54
"5196","2798","CWT+DWT","T27","60",1.133,60
"5197","2798","CWT+DWT","T27","67",1.187,67
"5198","2800","CWT+DWT","T27","11",0.16,11
"5199","2800","CWT+DWT","T27","18",0.157,18
"5200","2800","CWT+DWT","T27","24",0.299,24
"5201","2800","CWT+DWT","T27","38",0.585,38
"5202","2800","CWT+DWT","T27","46",0.784,46
"5203","2800","CWT+DWT","T27","54",0.902,54
"5204","2800","CWT+DWT","T27","60",0.921,60
"5205","2800","CWT+DWT","T27","67",1.18,67
"5206","2803","CWT+DWT","T27","11",0.102,11
"5207","2803","CWT+DWT","T27","18",0.186,18
"5208","2803","CWT+DWT","T27","24",0.107,24
"5209","2803","CWT+DWT","T27","38",0.101,38
"5210","2803","CWT+DWT","T27","46",0.21,46
"5211","2803","CWT+DWT","T27","54",0.265,54
"5212","2803","CWT+DWT","T27","60",0.291,60
"5213","2803","CWT+DWT","T27","67",0.32,67
"5214","2804","CWT+DWT","T27","11",0.06,11
"5215","2804","CWT+DWT","T27","18",0.195,18
"5216","2804","CWT+DWT","T27","24",0.311,24
"5217","2804","CWT+DWT","T27","38",0.191,38
"5218","2804","CWT+DWT","T27","46",0.323,46
"5219","2804","CWT+DWT","T27","54",0.358,54
"5220","2804","CWT+DWT","T27","60",0.328,60
"5221","2804","CWT+DWT","T27","67",0.302,67
"5222","2805","CWT+DWT","T27","11",0.158,11
"5223","2805","CWT+DWT","T27","18",0.117,18
"5224","2805","CWT+DWT","T27","24",0.064,24
"5225","2805","CWT+DWT","T27","38",0.115,38
"5226","2805","CWT+DWT","T27","46",0.208,46
"5227","2805","CWT+DWT","T27","54",0.243,54
"5228","2805","CWT+DWT","T27","60",0.236,60
"5229","2805","CWT+DWT","T27","67",0.332,67
"5230","2806","CWT+DWT","T27","11",0.144,11
"5231","2806","CWT+DWT","T27","18",0.132,18
"5232","2806","CWT+DWT","T27","24",0.148,24
"5233","2806","CWT+DWT","T27","38",0.124,38
"5234","2806","CWT+DWT","T27","46",0.248,46
"5235","2806","CWT+DWT","T27","54",0.349,54
"5236","2806","CWT+DWT","T27","60",0.447,60
"5237","2806","CWT+DWT","T27","67",0.444,67
"5238","2807","CWT+DWT","T27","11",0.12,11
"5239","2807","CWT+DWT","T27","18",0.219,18
"5240","2807","CWT+DWT","T27","24",0.172,24
"5241","2807","CWT+DWT","T27","38",0.394,38
"5242","2807","CWT+DWT","T27","46",0.537,46
"5243","2807","CWT+DWT","T27","54",0.576,54
"5244","2807","CWT+DWT","T27","60",0.479,60
"5245","2807","CWT+DWT","T27","67",0.597,67
"5246","2808","CWT+DWT","T27","11",0.109,11
"5247","2808","CWT+DWT","T27","18",0.186,18
"5248","2808","CWT+DWT","T27","24",0.219,24
"5249","2808","CWT+DWT","T27","38",0.119,38
"5250","2808","CWT+DWT","T27","46",0.242,46
"5251","2808","CWT+DWT","T27","54",0.248,54
"5252","2808","CWT+DWT","T27","60",0.252,60
"5253","2808","CWT+DWT","T27","67",0.258,67
"5254","2809","CWT+DWT","T27","11",0.129,11
"5255","2809","CWT+DWT","T27","18",0.221,18
"5256","2809","CWT+DWT","T27","24",0.232,24
"5257","2809","CWT+DWT","T27","38",0.308,38
"5258","2809","CWT+DWT","T27","46",0.571,46
"5259","2809","CWT+DWT","T27","54",0.679,54
"5260","2809","CWT+DWT","T27","60",0.756,60
"5261","2809","CWT+DWT","T27","67",0.907,67
"5262","2811","CWT+DWT","T27","11",0.193,11
"5263","2811","CWT+DWT","T27","18",0.263,18
"5264","2811","CWT+DWT","T27","24",0.382,24
"5265","2811","CWT+DWT","T27","38",0.571,38
"5266","2811","CWT+DWT","T27","46",1.353,46
"5267","2811","CWT+DWT","T27","54",1.543,54
"5268","2811","CWT+DWT","T27","60",1.961,60
"5269","2811","CWT+DWT","T27","67",1.963,67
"5270","2812","CWT+DWT","T27","11",0.179,11
"5271","2812","CWT+DWT","T27","18",0.112,18
"5272","2812","CWT+DWT","T27","24",0.247,24
"5273","2812","CWT+DWT","T27","38",0.484,38
"5274","2812","CWT+DWT","T27","46",1.473,46
"5275","2812","CWT+DWT","T27","54",1.435,54
"5276","2812","CWT+DWT","T27","60",1.746,60
"5277","2812","CWT+DWT","T27","67",1.892,67
"5278","2815","CWT+DWT","T27","11",0.046,11
"5279","2815","CWT+DWT","T27","18",0.036,18
"5280","2815","CWT+DWT","T27","24",0.106,24
"5281","2815","CWT+DWT","T27","38",0.092,38
"5282","2815","CWT+DWT","T27","46",0.37,46
"5283","2815","CWT+DWT","T27","54",0.259,54
"5284","2815","CWT+DWT","T27","60",0.237,60
"5285","2815","CWT+DWT","T27","67",0.267,67
"5286","2816","CWT+DWT","T27","11",0.166,11
"5287","2816","CWT+DWT","T27","18",0.207,18
"5288","2816","CWT+DWT","T27","24",0.2,24
"5289","2816","CWT+DWT","T27","38",0.403,38
"5290","2816","CWT+DWT","T27","46",0.737,46
"5291","2816","CWT+DWT","T27","54",0.766,54
"5292","2816","CWT+DWT","T27","60",0.96,60
"5293","2816","CWT+DWT","T27","67",1.519,67
"5294","2817","CWT+DWT","T27","11",0.21,11
"5295","2817","CWT+DWT","T27","18",0.206,18
"5296","2817","CWT+DWT","T27","24",0.203,24
"5297","2818","CWT+DWT","T27","11",0.216,11
"5298","2818","CWT+DWT","T27","18",0.217,18
"5299","2818","CWT+DWT","T27","24",0.267,24
"5300","2819","CWT+DWT","T27","11",0.146,11
"5301","2819","CWT+DWT","T27","18",0.173,18
"5302","2819","CWT+DWT","T27","24",0.273,24
"5303","2819","CWT+DWT","T27","38",0.686,38
"5304","2819","CWT+DWT","T27","46",1.87,46
"5305","2819","CWT+DWT","T27","54",2.009,54
"5306","2819","CWT+DWT","T27","60",1.95,60
"5307","2819","CWT+DWT","T27","67",2.339,67
"5308","2820","CWT+DWT","T27","11",0.22,11
"5309","2820","CWT+DWT","T27","18",0.245,18
"5310","2820","CWT+DWT","T27","24",0.403,24
"5311","2820","CWT+DWT","T27","38",1.165,38
"5312","2820","CWT+DWT","T27","46",2.051,46
"5313","2820","CWT+DWT","T27","54",2.623,54
"5314","2820","CWT+DWT","T27","60",3.006,60
"5315","2820","CWT+DWT","T27","67",3.979,67
"5316","2821","CWT+DWT","T27","11",0.215,11
"5317","2821","CWT+DWT","T27","18",0.278,18
"5318","2821","CWT+DWT","T27","24",0.393,24
"5319","2822","CWT+DWT","T27","11",0.178,11
"5320","2822","CWT+DWT","T27","18",0.231,18
"5321","2822","CWT+DWT","T27","24",0.225,24
"5322","2822","CWT+DWT","T27","38",0.449,38
"5323","2822","CWT+DWT","T27","46",0.75,46
"5324","2822","CWT+DWT","T27","54",1.319,54
"5325","2822","CWT+DWT","T27","60",1.346,60
"5326","2822","CWT+DWT","T27","67",1.45,67
"5327","2823","CWT+DWT","T27","11",0.071,11
"5328","2823","CWT+DWT","T27","18",0.193,18
"5329","2823","CWT+DWT","T27","24",0.073,24
"5330","2825","CWT+DWT","T27","11",0.606,11
"5331","2825","CWT+DWT","T27","18",0.086,18
"5332","2825","CWT+DWT","T27","24",0.103,24
"5333","2825","CWT+DWT","T27","38",0.32,38
"5334","2825","CWT+DWT","T27","46",0.595,46
"5335","2825","CWT+DWT","T27","54",0.961,54
"5336","2825","CWT+DWT","T27","60",0.866,60
"5337","2825","CWT+DWT","T27","67",1.131,67
"5338","2826","CWT+DWT","T27","11",0.141,11
"5339","2826","CWT+DWT","T27","18",0.16,18
"5340","2826","CWT+DWT","T27","24",0.157,24
"5341","2826","CWT+DWT","T27","38",0.392,38
"5342","2826","CWT+DWT","T27","46",0.755,46
"5343","2826","CWT+DWT","T27","54",1.151,54
"5344","2826","CWT+DWT","T27","60",1.276,60
"5345","2826","CWT+DWT","T27","67",1.175,67
"5346","2827","CWT+DWT","T27","11",0.14,11
"5347","2830","CWT+DWT","T27","11",0.141,11
"5348","2831","CWT+DWT","T27","11",0.045,11
"5349","2861","DWT","T18","11",0.308,11
"5350","2863","DWT","T18","11",0.126,11
"5351","2864","DWT","T18","11",0.094,11
"5352","2864","DWT","T18","18",0.09,18
"5353","2864","DWT","T18","24",0.116,24
"5354","2864","DWT","T18","38",0.123,38
"5355","2864","DWT","T18","46",0.108,46
"5356","2864","DWT","T18","54",0.131,54
"5357","2864","DWT","T18","60",0.13,60
"5358","2864","DWT","T18","67",0.178,67
"5359","2865","DWT","T18","11",0.251,11
"5360","2866","DWT","T18","11",0.206,11
"5361","2866","DWT","T18","18",0.156,18
"5362","2866","DWT","T18","24",0.164,24
"5363","2866","DWT","T18","38",0.211,38
"5364","2866","DWT","T18","46",0.175,46
"5365","2866","DWT","T18","54",0.289,54
"5366","2866","DWT","T18","60",0.368,60
"5367","2866","DWT","T18","67",0.428,67
"5368","2869","DWT","T18","11",0.17,11
"5369","2869","DWT","T18","18",0.203,18
"5370","2869","DWT","T18","24",0.287,24
"5371","2869","DWT","T18","38",0.918,38
"5372","2869","DWT","T18","46",1.217,46
"5373","2869","DWT","T18","54",1.64,54
"5374","2869","DWT","T18","60",1.552,60
"5375","2869","DWT","T18","67",1.663,67
"5376","2870","DWT","T18","11",0.253,11
"5377","2870","DWT","T18","18",0.293,18
"5378","2870","DWT","T18","24",0.354,24
"5379","2870","DWT","T18","38",0.971,38
"5380","2870","DWT","T18","46",1.066,46
"5381","2870","DWT","T18","54",2.066,54
"5382","2870","DWT","T18","60",2.311,60
"5383","2870","DWT","T18","67",1.904,67
"5384","2871","DWT","T18","11",0.124,11
"5385","2871","DWT","T18","18",0.111,18
"5386","2872","DWT","T18","11",0.121,11
"5387","2872","DWT","T18","18",0.097,18
"5388","2872","DWT","T18","24",0.138,24
"5389","2872","DWT","T18","38",0.267,38
"5390","2872","DWT","T18","46",0.228,46
"5391","2872","DWT","T18","54",0.373,54
"5392","2872","DWT","T18","60",0.294,60
"5393","2872","DWT","T18","67",0.351,67
"5394","2873","DWT","T18","11",0.141,11
"5395","2873","DWT","T18","18",0.185,18
"5396","2874","DWT","T18","11",0.156,11
"5397","2874","DWT","T18","18",0.069,18
"5398","2874","DWT","T18","24",0.125,24
"5399","2874","DWT","T18","38",0.157,38
"5400","2874","DWT","T18","46",0.183,46
"5401","2874","DWT","T18","54",0.186,54
"5402","2874","DWT","T18","60",0.303,60
"5403","2874","DWT","T18","67",0.364,67
"5404","2875","DWT","T18","11",0.084,11
"5405","2875","DWT","T18","18",0.055,18
"5406","2875","DWT","T18","24",0.067,24
"5407","2875","DWT","T18","38",0.058,38
"5408","2875","DWT","T18","46",0.077,46
"5409","2875","DWT","T18","54",0.082,54
"5410","2875","DWT","T18","60",0.081,60
"5411","2875","DWT","T18","67",0.073,67
"5412","2876","DWT","T18","11",0.124,11
"5413","2876","DWT","T18","18",0.157,18
"5414","2876","DWT","T18","24",0.186,24
"5415","2876","DWT","T18","38",0.231,38
"5416","2876","DWT","T18","46",0.55,46
"5417","2876","DWT","T18","54",0.826,54
"5418","2876","DWT","T18","60",1.968,60
"5419","2876","DWT","T18","67",1.427,67
"5420","2877","DWT","T18","11",0.146,11
"5421","2877","DWT","T18","18",0.143,18
"5422","2877","DWT","T18","24",0.191,24
"5423","2877","DWT","T18","38",0.187,38
"5424","2877","DWT","T18","46",0.369,46
"5425","2877","DWT","T18","54",0.714,54
"5426","2877","DWT","T18","60",0.792,60
"5427","2877","DWT","T18","67",1.058,67
"5428","2878","DWT","T18","11",0.261,11
"5429","2879","DWT","T18","11",0.183,11
"5430","2880","DWT","T18","11",0.271,11
"5431","2880","DWT","T18","18",0.213,18
"5432","2880","DWT","T18","24",0.289,24
"5433","2880","DWT","T18","38",0.452,38
"5434","2880","DWT","T18","46",0.56,46
"5435","2880","DWT","T18","54",1.122,54
"5436","2880","DWT","T18","60",1.361,60
"5437","2880","DWT","T18","67",1.529,67
"5438","2881","DWT","T18","11",0.248,11
"5439","2881","DWT","T18","18",0.23,18
"5440","2881","DWT","T18","24",0.242,24
"5441","2881","DWT","T18","38",0.429,38
"5442","2881","DWT","T18","54",0.93,54
"5443","2881","DWT","T18","60",1.293,60
"5444","2881","DWT","T18","67",1.254,67
"5445","2882","DWT","T18","11",0.112,11
"5446","2882","DWT","T18","18",0.218,18
"5447","2882","DWT","T18","24",0.212,24
"5448","2882","DWT","T18","38",0.42,38
"5449","2882","DWT","T18","46",0.519,46
"5450","2882","DWT","T18","54",1.15,54
"5451","2882","DWT","T18","60",1.006,60
"5452","2882","DWT","T18","67",1.106,67
"5453","2883","DWT","T18","11",0.19,11
"5454","2883","DWT","T18","18",0.152,18
"5455","2883","DWT","T18","24",0.224,24
"5456","2883","DWT","T18","38",0.326,38
"5457","2883","DWT","T18","46",0.343,46
"5458","2883","DWT","T18","54",0.574,54
"5459","2883","DWT","T18","60",1.098,60
"5460","2883","DWT","T18","67",1.226,67
"5461","2884","DWT","T18","11",0.213,11
"5462","2884","DWT","T18","18",0.243,18
"5463","2884","DWT","T18","24",0.339,24
"5464","2884","DWT","T18","38",0.576,38
"5465","2884","DWT","T18","46",0.708,46
"5466","2887","DWT","T18","11",0.157,11
"5467","2887","DWT","T18","18",0.245,18
"5468","2887","DWT","T18","24",0.247,24
"5469","2887","DWT","T18","38",0.721,38
"5470","2887","DWT","T18","46",1.009,46
"5471","2887","DWT","T18","54",1.516,54
"5472","2887","DWT","T18","60",1.816,60
"5473","2887","DWT","T18","67",1.88,67
"5474","2888","DWT","T18","11",0.278,11
"5475","2888","DWT","T18","18",0.188,18
"5476","2888","DWT","T18","24",0.283,24
"5477","2888","DWT","T18","38",0.565,38
"5478","2888","DWT","T18","46",0.956,46
"5479","2888","DWT","T18","54",1.832,54
"5480","2888","DWT","T18","60",2.159,60
"5481","2888","DWT","T18","67",2.352,67
"5482","2898","DWT","T18","11",0.286,11
"5483","2898","DWT","T18","18",0.29,18
"5484","2898","DWT","T18","24",0.375,24
"5485","2898","DWT","T18","38",0.746,38
"5486","2898","DWT","T18","46",1.05,46
"5487","2898","DWT","T18","54",1.578,54
"5488","2898","DWT","T18","60",2.198,60
"5489","2898","DWT","T18","67",2.422,67
"5490","2899","DWT","T18","11",0.176,11
"5491","2899","DWT","T18","18",0.149,18
"5492","2899","DWT","T18","24",0.198,24
"5493","2899","DWT","T18","38",0.478,38
"5494","2899","DWT","T18","46",0.544,46
"5495","2899","DWT","T18","54",0.655,54
"5496","2899","DWT","T18","60",0.922,60
"5497","2900","DWT","T18","11",0.221,11
"5498","2900","DWT","T18","18",0.211,18
"5499","2900","DWT","T18","24",0.399,24
"5500","2900","DWT","T18","38",0.958,38
"5501","2900","DWT","T18","46",0.987,46
"5502","2900","DWT","T18","54",1.618,54
"5503","2900","DWT","T18","60",1.681,60
"5504","2900","DWT","T18","67",1.768,67
"5505","2906","DWT","T18","11",0.184,11
"5506","2906","DWT","T18","18",0.188,18
"5507","2906","DWT","T18","24",0.224,24
"5508","2906","DWT","T18","38",0.379,38
"5509","2906","DWT","T18","54",1.47,54
"5510","2906","DWT","T18","60",1.698,60
"5511","2906","DWT","T18","67",1.706,67
"5512","2907","DWT","T18","11",0.191,11
"5513","2907","DWT","T18","18",0.192,18
"5514","2907","DWT","T18","24",0.219,24
"5515","2907","DWT","T18","38",0.291,38
"5516","2907","DWT","T18","46",0.387,46
"5517","2907","DWT","T18","54",0.564,54
"5518","2907","DWT","T18","60",0.532,60
"5519","2907","DWT","T18","67",0.847,67
"5520","2908","DWT","T18","11",0.234,11
"5521","2908","DWT","T18","18",0.179,18
"5522","2908","DWT","T18","24",0.312,24
"5523","2908","DWT","T18","38",0.471,38
"5524","2908","DWT","T18","46",0.585,46
"5525","2908","DWT","T18","54",1.36,54
"5526","2908","DWT","T18","60",1.86,60
"5527","2908","DWT","T18","67",1.68,67
"5528","2909","DWT","T18","11",0.286,11
"5529","2909","DWT","T18","18",0.318,18
"5530","2909","DWT","T18","24",0.383,24
"5531","2909","DWT","T18","38",0.731,38
"5532","2909","DWT","T18","46",1.053,46
"5533","2909","DWT","T18","54",1.622,54
"5534","2909","DWT","T18","60",2.122,60
"5535","2909","DWT","T18","67",2.328,67
"5536","2910","DWT","T18","11",0.262,11
"5537","2910","DWT","T18","18",0.133,18
"5538","2910","DWT","T18","24",0.25,24
"5539","2910","DWT","T18","38",0.351,38
"5540","2910","DWT","T18","46",0.398,46
"5541","2910","DWT","T18","54",0.706,54
"5542","2910","DWT","T18","60",0.838,60
"5543","2910","DWT","T18","67",0.844,67
"5544","2912","DWT","T18","11",0.228,11
"5545","2912","DWT","T18","18",0.307,18
"5546","2912","DWT","T18","24",0.329,24
"5547","2912","DWT","T18","38",0.985,38
"5548","2912","DWT","T18","46",0.999,46
"5549","2912","DWT","T18","54",1.826,54
"5550","2912","DWT","T18","60",1.909,60
"5551","2912","DWT","T18","67",2.193,67
"5552","2918","DWT","T18","11",0.212,11
"5553","2918","DWT","T18","18",0.169,18
"5554","2918","DWT","T18","24",0.223,24
"5555","2929","DWT","T18","11",0.33,11
"5556","2929","DWT","T18","18",0.288,18
"5557","2929","DWT","T18","24",0.328,24
"5558","2929","DWT","T18","38",0.639,38
"5559","2929","DWT","T18","46",0.714,46
"5560","2929","DWT","T18","54",1.513,54
"5561","2929","DWT","T18","60",1.829,60
"5562","2929","DWT","T18","67",2.015,67
"5563","2935","DWT","T18","11",0.173,11
"5564","2935","DWT","T18","18",0.213,18
"5565","2935","DWT","T18","24",0.332,24
"5566","2935","DWT","T18","38",0.463,38
"5567","2935","DWT","T18","46",0.545,46
"5568","2935","DWT","T18","54",1.152,54
"5569","2935","DWT","T18","60",1.428,60
"5570","2935","DWT","T18","67",1.484,67
"5571","2952","DWT","T18","11",0.184,11
"5572","2952","DWT","T18","18",0.226,18
"5573","2952","DWT","T18","24",0.247,24
"5574","2952","DWT","T18","38",0.55,38
"5575","2952","DWT","T18","46",0.597,46
"5576","2952","DWT","T18","54",0.669,54
"5577","2952","DWT","T18","60",0.843,60
"5578","2952","DWT","T18","67",0.831,67
"5579","2953","DWT","T18","11",0.207,11
"5580","2953","DWT","T18","18",0.184,18
"5581","2953","DWT","T18","24",0.238,24
"5582","2953","DWT","T18","38",0.247,38
"5583","2953","DWT","T18","46",0.33,46
"5584","2953","DWT","T18","54",0.477,54
"5585","2953","DWT","T18","60",0.682,60
"5586","2953","DWT","T18","67",0.68,67
"5587","2956","DWT","T18","11",0.155,11
"5588","2956","DWT","T18","18",0.363,18
"5589","2956","DWT","T18","24",0.347,24
"5590","2956","DWT","T18","38",0.374,38
"5591","2956","DWT","T18","46",0.468,46
"5592","2956","DWT","T18","54",0.558,54
"5593","2956","DWT","T18","60",0.575,60
"5594","2956","DWT","T18","67",0.777,67
"5595","2957","DWT","T18","11",0.17,11
"5596","2957","DWT","T18","18",0.17,18
"5597","2958","DWT","T18","11",0.293,11
"5598","2958","DWT","T18","18",0.29,18
"5599","2958","DWT","T18","24",0.315,24
"5600","2960","DWT","T18","11",0.195,11
"5601","2960","DWT","T18","18",0.205,18
"5602","2960","DWT","T18","24",0.193,24
"5603","2960","DWT","T18","38",0.206,38
"5604","2960","DWT","T18","46",0.399,46
"5605","2960","DWT","T18","54",0.438,54
"5606","2960","DWT","T18","60",0.457,60
"5607","2960","DWT","T18","67",0.596,67
"5608","2961","DWT","T18","11",0.021,11
"5609","2961","DWT","T18","18",0.051,18
"5610","2961","DWT","T18","24",0.067,24
"5611","2962","DWT","T18","11",0.222,11
"5612","2963","DWT","T18","11",0.165,11
"5613","2963","DWT","T18","18",0.161,18
"5614","2963","DWT","T18","24",0.109,24
"5615","2963","DWT","T18","38",0.163,38
"5616","2963","DWT","T18","46",0.087,46
"5617","2963","DWT","T18","54",0.153,54
"5618","2963","DWT","T18","60",0.156,60
"5619","2963","DWT","T18","67",0.122,67
"5620","2964","DWT","T18","11",0.107,11
"5621","2964","DWT","T18","18",0.128,18
"5622","2964","DWT","T18","24",0.178,24
"5623","2964","DWT","T18","38",0.16,38
"5624","2964","DWT","T18","46",0.169,46
"5625","2964","DWT","T18","54",0.178,54
"5626","2964","DWT","T18","60",0.18,60
"5627","2964","DWT","T18","67",0.209,67
"5628","2965","DWT","T18","11",0.125,11
"5629","2965","DWT","T18","18",0.191,18
"5630","2965","DWT","T18","24",0.283,24
"5631","2965","DWT","T18","38",0.353,38
"5632","2965","DWT","T18","46",0.34,46
"5633","2965","DWT","T18","54",0.453,54
"5634","2965","DWT","T18","60",0.544,60
"5635","2965","DWT","T18","67",0.61,67
"5636","2966","DWT","T18","11",0.099,11
"5637","2966","DWT","T18","18",0.174,18
"5638","2966","DWT","T18","24",0.143,24
"5639","2966","DWT","T18","38",0.415,38
"5640","2966","DWT","T18","46",0.267,46
"5641","2966","DWT","T18","54",0.617,54
"5642","2966","DWT","T18","60",0.565,60
"5643","2966","DWT","T18","67",0.693,67
"5644","2972","DWT","T18","11",0.268,11
"5645","2972","DWT","T18","18",0.297,18
"5646","2972","DWT","T18","24",0.34,24
"5647","2972","DWT","T18","38",0.777,38
"5648","2972","DWT","T18","46",0.904,46
"5649","2972","DWT","T18","54",1.231,54
"5650","2972","DWT","T18","60",1.435,60
"5651","2972","DWT","T18","67",1.569,67
"5652","2973","DWT","T18","11",0.265,11
"5653","2973","DWT","T18","18",0.233,18
"5654","2973","DWT","T18","24",0.294,24
"5655","2973","DWT","T18","38",0.456,38
"5656","2973","DWT","T18","46",0.507,46
"5657","2973","DWT","T18","54",1.081,54
"5658","2973","DWT","T18","60",1.307,60
"5659","2973","DWT","T18","67",1.661,67
"5660","2974","DWT","T18","11",0.227,11
"5661","2974","DWT","T18","18",0.334,18
"5662","2974","DWT","T18","24",0.48,24
"5663","2974","DWT","T18","38",1.248,38
"5664","2974","DWT","T18","46",1.454,46
"5665","2974","DWT","T18","54",1.673,54
"5666","2974","DWT","T18","60",1.922,60
"5667","2974","DWT","T18","67",2.001,67
"5668","2975","DWT","T18","11",0.24,11
"5669","2975","DWT","T18","18",0.266,18
"5670","2975","DWT","T18","24",0.372,24
"5671","2975","DWT","T18","38",0.57,38
"5672","2975","DWT","T18","46",0.506,46
"5673","2975","DWT","T18","54",0.71,54
"5674","2975","DWT","T18","60",0.754,60
"5675","2975","DWT","T18","67",0.824,67
"5676","2976","DWT","T18","11",0.179,11
"5677","2976","DWT","T18","18",0.282,18
"5678","2976","DWT","T18","24",0.37,24
"5679","2976","DWT","T18","38",0.517,38
"5680","2976","DWT","T18","46",0.544,46
"5681","2976","DWT","T18","54",0.725,54
"5682","2976","DWT","T18","60",0.745,60
"5683","2976","DWT","T18","67",1.003,67
"5684","2979","DWT","T18","11",0.139,11
"5685","2979","DWT","T18","18",0.18,18
"5686","2979","DWT","T18","24",0.222,24
"5687","2979","DWT","T18","38",0.321,38
"5688","2979","DWT","T18","46",0.38,46
"5689","2979","DWT","T18","54",0.375,54
"5690","2979","DWT","T18","60",0.49,60
"5691","2979","DWT","T18","67",0.604,67
"5692","2982","DWT","T18","11",0.209,11
"5693","2982","DWT","T18","18",0.186,18
"5694","2989","DWT","T18","11",0.269,11
"5695","2989","DWT","T18","18",0.315,18
"5696","2989","DWT","T18","24",0.336,24
"5697","2989","DWT","T18","38",0.507,38
"5698","2989","DWT","T18","46",0.95,46
"5699","2989","DWT","T18","54",1.098,54
"5700","2989","DWT","T18","60",1.483,60
"5701","2989","DWT","T18","67",1.518,67
"5702","2990","DWT","T18","11",0.266,11
"5703","2991","DWT","T18","11",0.262,11
"5704","2991","DWT","T18","18",0.263,18
"5705","2991","DWT","T18","24",0.328,24
"5706","2992","DWT","T18","11",0.17,11
"5707","2992","DWT","T18","18",0.262,18
"5708","2992","DWT","T18","24",0.274,24
"5709","2992","DWT","T18","38",0.433,38
"5710","2992","DWT","T18","46",0.598,46
"5711","2992","DWT","T18","54",0.751,54
"5712","2992","DWT","T18","60",1.028,60
"5713","2992","DWT","T18","67",0.929,67
"5714","2993","DWT","T18","11",0.206,11
"5715","2993","DWT","T18","18",0.339,18
"5716","2993","DWT","T18","24",0.305,24
"5717","2993","DWT","T18","38",0.816,38
"5718","2993","DWT","T18","46",1.112,46
"5719","2993","DWT","T18","54",1.252,54
"5720","2993","DWT","T18","60",1.392,60
"5721","2993","DWT","T18","67",1.462,67
"5722","2994","DWT","T18","11",0.172,11
"5723","2994","DWT","T18","18",0.216,18
"5724","2994","DWT","T18","24",0.286,24
"5725","2994","DWT","T18","38",0.474,38
"5726","2994","DWT","T18","46",0.55,46
"5727","2994","DWT","T18","54",1.028,54
"5728","2994","DWT","T18","60",1.004,60
"5729","2994","DWT","T18","67",1.083,67
"5730","2995","DWT","T18","11",0.276,11
"5731","2995","DWT","T18","18",0.308,18
"5732","2995","DWT","T18","24",0.317,24
"5733","2995","DWT","T18","38",1.104,38
"5734","2995","DWT","T18","46",1.14,46
"5735","2995","DWT","T18","54",1.349,54
"5736","2995","DWT","T18","60",1.327,60
"5737","2995","DWT","T18","67",1.435,67
"5738","2996","DWT","T18","11",0.113,11
"5739","2996","DWT","T18","18",0.126,18
"5740","2997","DWT","T18","11",0.098,11
"5741","2997","DWT","T18","18",0.153,18
"5742","2997","DWT","T18","24",0.137,24
"5743","2997","DWT","T18","38",0.122,38
"5744","2997","DWT","T18","46",0.149,46
"5745","2997","DWT","T18","54",0.145,54
"5746","2997","DWT","T18","60",0.15,60
"5747","2997","DWT","T18","67",0.138,67
"5748","3001","DWT","T18","11",0.04,11
"5749","3001","DWT","T18","18",0.077,18
"5750","3001","DWT","T18","24",0.059,24
"5751","3002","DWT","T18","11",0.156,11
"5752","3002","DWT","T18","18",0.175,18
"5753","3002","DWT","T18","24",0.298,24
"5754","3002","DWT","T18","38",0.328,38
"5755","3002","DWT","T18","46",0.302,46
"5756","3002","DWT","T18","54",0.313,54
"5757","3002","DWT","T18","60",0.407,60
"5758","3002","DWT","T18","67",0.511,67
"5759","3003","DWT","T18","11",0.12,11
"5760","3003","DWT","T18","18",0.19,18
"5761","3003","DWT","T18","24",0.35,24
"5762","3003","DWT","T18","38",0.292,38
"5763","3003","DWT","T18","46",0.274,46
"5764","3003","DWT","T18","54",0.279,54
"5765","3003","DWT","T18","60",0.307,60
"5766","3003","DWT","T18","67",0.307,67
"5767","3004","DWT","T18","11",0.054,11
"5768","3004","DWT","T18","18",0.051,18
"5769","3004","DWT","T18","24",0.119,24
"5770","3004","DWT","T18","38",0.15,38
"5771","3004","DWT","T18","46",0.178,46
"5772","3004","DWT","T18","54",0.314,54
"5773","3004","DWT","T18","60",0.398,60
"5774","3004","DWT","T18","67",0.451,67
"5775","3151","DHE","T24","11",0.251,11
"5776","3151","DHE","T24","18",0.258,18
"5777","3151","DHE","T24","24",0.355,24
"5778","3157","DHE","T24","11",0.228,11
"5779","3157","DHE","T24","18",0.241,18
"5780","3157","DHE","T24","24",0.268,24
"5781","3157","DHE","T24","38",0.426,38
"5782","3157","DHE","T24","46",1.266,46
"5783","3157","DHE","T24","54",1.638,54
"5784","3157","DHE","T24","60",1.456,60
"5785","3157","DHE","T24","67",1.556,67
"5786","3158","DHE","T24","11",0.23,11
"5787","3158","DHE","T24","18",0.305,18
"5788","3158","DHE","T24","24",0.558,24
"5789","3158","DHE","T24","38",0.626,38
"5790","3158","DHE","T24","46",1.579,46
"5791","3158","DHE","T24","54",2.083,54
"5792","3158","DHE","T24","60",2.684,60
"5793","3158","DHE","T24","67",2.971,67
"5794","3159","DHE","T24","11",0.171,11
"5795","3159","DHE","T24","18",0.165,18
"5796","3159","DHE","T24","24",0.305,24
"5797","3159","DHE","T24","38",0.256,38
"5798","3159","DHE","T24","46",0.606,46
"5799","3159","DHE","T24","54",0.872,54
"5800","3159","DHE","T24","60",0.984,60
"5801","3159","DHE","T24","67",1.561,67
"5802","3163","DHE","T24","11",0.167,11
"5803","3163","DHE","T24","18",0.212,18
"5804","3163","DHE","T24","24",0.346,24
"5805","3163","DHE","T24","38",0.295,38
"5806","3163","DHE","T24","46",1.004,46
"5807","3163","DHE","T24","54",1.111,54
"5808","3163","DHE","T24","60",1.354,60
"5809","3163","DHE","T24","67",1.821,67
"5810","3165","DHE","T24","11",0.19,11
"5811","3165","DHE","T24","18",0.138,18
"5812","3165","DHE","T24","24",0.166,24
"5813","3165","DHE","T24","38",0.262,38
"5814","3165","DHE","T24","46",0.616,46
"5815","3165","DHE","T24","54",0.991,54
"5816","3165","DHE","T24","60",1.395,60
"5817","3165","DHE","T24","67",1.741,67
"5818","3166","DHE","T24","11",0.272,11
"5819","3166","DHE","T24","18",0.285,18
"5820","3166","DHE","T24","24",0.398,24
"5821","3166","DHE","T24","38",0.59,38
"5822","3166","DHE","T24","46",1.342,46
"5823","3166","DHE","T24","54",1.67,54
"5824","3166","DHE","T24","60",1.947,60
"5825","3166","DHE","T24","67",2.479,67
"5826","3167","DHE","T24","11",0.043,11
"5827","3167","DHE","T24","18",0.1,18
"5828","3167","DHE","T24","24",0.084,24
"5829","3167","DHE","T24","38",0.083,38
"5830","3167","DHE","T24","46",0.251,46
"5831","3167","DHE","T24","54",0.281,54
"5832","3167","DHE","T24","60",0.403,60
"5833","3167","DHE","T24","67",0.675,67
"5834","3169","DHE","T24","11",0.315,11
"5835","3169","DHE","T24","18",0.299,18
"5836","3169","DHE","T24","24",0.489,24
"5837","3171","DHE","T24","11",0.223,11
"5838","3171","DHE","T24","18",0.238,18
"5839","3171","DHE","T24","24",0.397,24
"5840","3178","DHE","T24","11",0.114,11
"5841","3178","DHE","T24","18",0.099,18
"5842","3178","DHE","T24","24",0.143,24
"5843","3178","DHE","T24","38",0.245,38
"5844","3178","DHE","T24","46",0.534,46
"5845","3178","DHE","T24","54",0.779,54
"5846","3178","DHE","T24","60",0.886,60
"5847","3178","DHE","T24","67",1.086,67
"5848","3180","DHE","T24","11",0.236,11
"5849","3180","DHE","T24","18",0.202,18
"5850","3180","DHE","T24","24",0.308,24
"5851","3180","DHE","T24","38",0.45,38
"5852","3180","DHE","T24","46",0.932,46
"5853","3180","DHE","T24","54",1.277,54
"5854","3180","DHE","T24","60",1.565,60
"5855","3180","DHE","T24","67",1.791,67
"5856","3181","DHE","T24","11",0.149,11
"5857","3181","DHE","T24","18",0.185,18
"5858","3181","DHE","T24","24",0.166,24
"5859","3181","DHE","T24","38",0.353,38
"5860","3181","DHE","T24","46",0.9,46
"5861","3181","DHE","T24","54",1.468,54
"5862","3181","DHE","T24","60",1.648,60
"5863","3181","DHE","T24","67",1.912,67
"5864","3182","DHE","T24","11",0.242,11
"5865","3182","DHE","T24","18",0.242,18
"5866","3182","DHE","T24","24",0.471,24
"5867","3182","DHE","T24","38",0.571,38
"5868","3182","DHE","T24","46",1.543,46
"5869","3182","DHE","T24","54",2.003,54
"5870","3182","DHE","T24","60",2.373,60
"5871","3182","DHE","T24","67",2.386,67
"5872","3186","DHE","T24","11",0.23,11
"5873","3186","DHE","T24","18",0.216,18
"5874","3186","DHE","T24","24",0.23,24
"5875","3186","DHE","T24","38",0.335,38
"5876","3186","DHE","T24","46",0.571,46
"5877","3186","DHE","T24","54",0.966,54
"5878","3186","DHE","T24","60",1.478,60
"5879","3186","DHE","T24","67",1.562,67
"5880","3187","DHE","T24","11",0.163,11
"5881","3187","DHE","T24","18",0.208,18
"5882","3187","DHE","T24","24",0.316,24
"5883","3188","DHE","T24","11",0.141,11
"5884","3188","DHE","T24","18",0.179,18
"5885","3188","DHE","T24","24",0.224,24
"5886","3188","DHE","T24","38",0.153,38
"5887","3189","DHE","T24","18",0.232,18
"5888","3189","DHE","T24","24",0.297,24
"5889","3189","DHE","T24","38",0.35,38
"5890","3189","DHE","T24","46",0.624,46
"5891","3189","DHE","T24","54",0.705,54
"5892","3189","DHE","T24","60",0.999,60
"5893","3189","DHE","T24","67",1.143,67
"5894","3190","DHE","T24","11",0.163,11
"5895","3190","DHE","T24","18",0.176,18
"5896","3190","DHE","T24","24",0.187,24
"5897","3190","DHE","T24","38",0.16,38
"5898","3190","DHE","T24","46",0.314,46
"5899","3190","DHE","T24","54",0.417,54
"5900","3190","DHE","T24","60",0.701,60
"5901","3190","DHE","T24","67",0.482,67
"5902","3191","DHE","T24","11",0.224,11
"5903","3191","DHE","T24","18",0.26,18
"5904","3191","DHE","T24","24",0.281,24
"5905","3191","DHE","T24","38",0.545,38
"5906","3191","DHE","T24","46",1.089,46
"5907","3191","DHE","T24","54",1.337,54
"5908","3191","DHE","T24","60",1.574,60
"5909","3191","DHE","T24","67",1.581,67
"5910","3192","DHE","T24","11",0.209,11
"5911","3192","DHE","T24","18",0.213,18
"5912","3192","DHE","T24","24",0.307,24
"5913","3192","DHE","T24","38",0.301,38
"5914","3192","DHE","T24","46",0.667,46
"5915","3192","DHE","T24","54",1.169,54
"5916","3192","DHE","T24","60",1.395,60
"5917","3192","DHE","T24","67",1.501,67
"5918","3196","DHE","T24","11",0.069,11
"5919","3196","DHE","T24","18",0.198,18
"5920","3196","DHE","T24","24",0.163,24
"5921","3196","DHE","T24","38",0.26,38
"5922","3196","DHE","T24","46",0.382,46
"5923","3196","DHE","T24","54",0.688,54
"5924","3196","DHE","T24","60",0.823,60
"5925","3196","DHE","T24","67",0.907,67
"5926","3197","DHE","T24","11",0.139,11
"5927","3197","DHE","T24","18",0.163,18
"5928","3197","DHE","T24","24",0.216,24
"5929","3197","DHE","T24","38",0.453,38
"5930","3197","DHE","T24","46",1.028,46
"5931","3197","DHE","T24","54",1.287,54
"5932","3197","DHE","T24","60",1.468,60
"5933","3197","DHE","T24","67",1.624,67
"5934","3198","DHE","T24","11",0.183,11
"5935","3198","DHE","T24","18",0.233,18
"5936","3198","DHE","T24","24",0.415,24
"5937","3198","DHE","T24","38",0.968,38
"5938","3198","DHE","T24","46",1.762,46
"5939","3198","DHE","T24","54",2.119,54
"5940","3198","DHE","T24","60",2.409,60
"5941","3198","DHE","T24","67",2.494,67
"5942","3199","DHE","T24","11",0.06,11
"5943","3199","DHE","T24","18",0.074,18
"5944","3199","DHE","T24","24",0.123,24
"5945","3199","DHE","T24","38",0.175,38
"5946","3199","DHE","T24","46",0.297,46
"5947","3199","DHE","T24","54",0.353,54
"5948","3199","DHE","T24","60",0.531,60
"5949","3199","DHE","T24","67",0.539,67
"5950","3200","DHE","T24","11",0.153,11
"5951","3200","DHE","T24","18",0.163,18
"5952","3200","DHE","T24","24",0.229,24
"5953","3200","DHE","T24","38",0.537,38
"5954","3200","DHE","T24","46",0.975,46
"5955","3200","DHE","T24","54",1.053,54
"5956","3200","DHE","T24","60",1.108,60
"5957","3200","DHE","T24","67",1.441,67
"5958","3202","DHE","T24","11",0.135,11
"5959","3202","DHE","T24","18",0.146,18
"5960","3203","DHE","T24","11",0.102,11
"5961","3203","DHE","T24","18",0.21,18
"5962","3203","DHE","T24","24",0.327,24
"5963","3203","DHE","T24","38",0.688,38
"5964","3203","DHE","T24","46",1.047,46
"5965","3203","DHE","T24","54",1.323,54
"5966","3203","DHE","T24","60",1.511,60
"5967","3203","DHE","T24","67",1.569,67
"5968","3204","DHE","T24","11",0.18,11
"5969","3204","DHE","T24","18",0.162,18
"5970","3204","DHE","T24","24",0.217,24
"5971","3205","DHE","T24","11",0.133,11
"5972","3205","DHE","T24","18",0.207,18
"5973","3205","DHE","T24","24",0.263,24
"5974","3205","DHE","T24","38",0.38,38
"5975","3205","DHE","T24","46",0.557,46
"5976","3205","DHE","T24","54",0.846,54
"5977","3205","DHE","T24","60",0.947,60
"5978","3205","DHE","T24","67",0.829,67
"5979","3207","DHE","T24","11",0.138,11
"5980","3207","DHE","T24","18",0.161,18
"5981","3207","DHE","T24","24",0.282,24
"5982","3207","DHE","T24","38",0.361,38
"5983","3207","DHE","T24","46",0.803,46
"5984","3207","DHE","T24","54",1.086,54
"5985","3207","DHE","T24","60",1.116,60
"5986","3207","DHE","T24","67",1.212,67
"5987","3208","DHE","T24","11",0.168,11
"5988","3208","DHE","T24","18",0.143,18
"5989","3208","DHE","T24","24",0.173,24
"5990","3208","DHE","T24","38",0.34,38
"5991","3208","DHE","T24","46",0.663,46
"5992","3208","DHE","T24","54",0.933,54
"5993","3208","DHE","T24","60",1.078,60
"5994","3208","DHE","T24","67",1.174,67
"5995","3209","DHE","T24","11",0.167,11
"5996","3209","DHE","T24","18",0.198,18
"5997","3209","DHE","T24","24",0.275,24
"5998","3210","DHE","T24","11",0.214,11
"5999","3210","DHE","T24","18",0.226,18
"6000","3210","DHE","T24","24",0.396,24
"6001","3210","DHE","T24","38",0.556,38
"6002","3210","DHE","T24","46",1.09,46
"6003","3210","DHE","T24","54",1.562,54
"6004","3210","DHE","T24","60",2.075,60
"6005","3210","DHE","T24","67",2.016,67
"6006","3211","DHE","T24","11",0.165,11
"6007","3211","DHE","T24","18",0.127,18
"6008","3211","DHE","T24","24",0.149,24
"6009","3213","DHE","T24","11",0.174,11
"6010","3213","DHE","T24","18",0.26,18
"6011","3213","DHE","T24","24",0.301,24
"6012","3213","DHE","T24","38",0.374,38
"6013","3213","DHE","T24","46",0.729,46
"6014","3213","DHE","T24","54",0.795,54
"6015","3213","DHE","T24","60",0.905,60
"6016","3213","DHE","T24","67",1.006,67
"6017","3214","DHE","T24","11",0.064,11
"6018","3214","DHE","T24","18",0.058,18
"6019","3217","DHE","T24","11",0.209,11
"6020","3217","DHE","T24","18",0.222,18
"6021","3219","DHE","T24","11",0.308,11
"6022","3219","DHE","T24","18",0.298,18
"6023","3219","DHE","T24","24",0.332,24
"6024","3219","DHE","T24","38",0.708,38
"6025","3219","DHE","T24","46",1.241,46
"6026","3219","DHE","T24","54",1.473,54
"6027","3219","DHE","T24","60",1.71,60
"6028","3219","DHE","T24","67",2.043,67
"6029","3222","DHE","T24","11",0.158,11
"6030","3222","DHE","T24","18",0.147,18
"6031","3222","DHE","T24","24",0.177,24
"6032","3222","DHE","T24","38",0.418,38
"6033","3222","DHE","T24","46",0.713,46
"6034","3222","DHE","T24","54",0.984,54
"6035","3222","DHE","T24","60",1.012,60
"6036","3222","DHE","T24","67",1.192,67
"6037","3223","DHE","T24","11",0.121,11
"6038","3223","DHE","T24","18",0.146,18
"6039","3223","DHE","T24","24",0.186,24
"6040","3224","DHE","T24","11",0.263,11
"6041","3224","DHE","T24","18",0.286,18
"6042","3224","DHE","T24","24",0.401,24
"6043","3224","DHE","T24","38",0.72,38
"6044","3224","DHE","T24","46",1.185,46
"6045","3224","DHE","T24","54",1.483,54
"6046","3224","DHE","T24","60",1.676,60
"6047","3224","DHE","T24","67",1.893,67
"6048","3225","DHE","T24","11",0.157,11
"6049","3225","DHE","T24","18",0.262,18
"6050","3225","DHE","T24","24",0.439,24
"6051","3225","DHE","T24","38",0.974,38
"6052","3225","DHE","T24","46",1.535,46
"6053","3225","DHE","T24","54",2.154,54
"6054","3225","DHE","T24","60",2.396,60
"6055","3225","DHE","T24","67",2.459,67
"6056","3228","DHE","T24","11",0.107,11
"6057","3228","DHE","T24","18",0.118,18
"6058","3228","DHE","T24","24",0.171,24
"6059","3228","DHE","T24","38",0.333,38
"6060","3228","DHE","T24","46",0.573,46
"6061","3228","DHE","T24","54",0.929,54
"6062","3228","DHE","T24","60",1.135,60
"6063","3228","DHE","T24","67",1.194,67
"6064","3229","DHE","T24","11",0.14,11
"6065","3229","DHE","T24","18",0.194,18
"6066","3229","DHE","T24","24",0.342,24
"6067","3229","DHE","T24","38",0.484,38
"6068","3229","DHE","T24","46",0.816,46
"6069","3229","DHE","T24","54",1.188,54
"6070","3229","DHE","T24","60",1.262,60
"6071","3229","DHE","T24","67",1.701,67
"6072","3231","DHE","T24","11",0.268,11
"6073","3231","DHE","T24","18",0.259,18
"6074","3231","DHE","T24","24",0.386,24
"6075","3231","DHE","T24","38",0.398,38
"6076","3231","DHE","T24","46",0.883,46
"6077","3231","DHE","T24","54",1.354,54
"6078","3231","DHE","T24","60",1.636,60
"6079","3231","DHE","T24","67",1.781,67
"6080","3232","DHE","T24","11",0.147,11
"6081","3232","DHE","T24","18",0.195,18
"6082","3232","DHE","T24","24",0.285,24
"6083","3240","DHE","T24","11",0.167,11
"6084","3240","DHE","T24","18",0.223,18
"6085","3240","DHE","T24","24",0.238,24
"6086","3240","DHE","T24","38",0.215,38
"6087","3240","DHE","T24","46",0.554,46
"6088","3240","DHE","T24","54",0.781,54
"6089","3240","DHE","T24","60",0.734,60
"6090","3240","DHE","T24","67",1.289,67
"6091","3244","DHE","T24","11",0.305,11
"6092","3244","DHE","T24","18",0.276,18
"6093","3244","DHE","T24","24",0.306,24
"6094","3246","DHE","T24","11",0.262,11
"6095","3246","DHE","T24","18",0.193,18
"6096","3246","DHE","T24","24",0.271,24
"6097","3246","DHE","T24","38",0.61,38
"6098","3246","DHE","T24","46",1.128,46
"6099","3246","DHE","T24","54",1.615,54
"6100","3246","DHE","T24","60",2.022,60
"6101","3246","DHE","T24","67",2.195,67
"6102","3250","DHE","T24","11",0.326,11
"6103","3250","DHE","T24","18",0.269,18
"6104","3250","DHE","T24","24",0.324,24
"6105","3258","DHE","T24","11",0.236,11
"6106","3258","DHE","T24","18",0.247,18
"6107","3258","DHE","T24","24",0.352,24
"6108","3258","DHE","T24","38",0.51,38
"6109","3258","DHE","T24","46",0.947,46
"6110","3258","DHE","T24","54",1.159,54
"6111","3258","DHE","T24","60",1.57,60
"6112","3258","DHE","T24","67",1.899,67
"6113","3259","DHE","T24","11",0.143,11
"6114","3259","DHE","T24","18",0.186,18
"6115","3259","DHE","T24","24",0.237,24
"6116","3259","DHE","T24","38",0.194,38
"6117","3259","DHE","T24","46",0.623,46
"6118","3259","DHE","T24","54",0.852,54
"6119","3259","DHE","T24","60",1.029,60
"6120","3259","DHE","T24","67",1.069,67
"6121","3260","DHE","T24","11",0.119,11
"6122","3260","DHE","T24","18",0.187,18
"6123","3261","DHE","T24","11",0.223,11
"6124","3261","DHE","T24","18",0.226,18
"6125","3261","DHE","T24","24",0.352,24
"6126","3261","DHE","T24","38",0.482,38
"6127","3261","DHE","T24","46",0.715,46
"6128","3261","DHE","T24","54",1.561,54
"6129","3261","DHE","T24","60",2.041,60
"6130","3261","DHE","T24","67",2.415,67
"6131","3262","DHE","T24","11",0.242,11
"6132","3262","DHE","T24","18",0.218,18
"6133","3262","DHE","T24","24",0.399,24
"6134","3263","DHE","T24","11",0.083,11
"6135","3263","DHE","T24","18",0.099,18
"6136","3263","DHE","T24","24",0.138,24
"6137","3264","DHE","T24","11",0.129,11
"6138","3264","DHE","T24","18",0.083,18
"6139","3264","DHE","T24","24",0.184,24
"6140","3265","DHE","T24","11",0.249,11
"6141","3265","DHE","T24","18",0.235,18
"6142","3265","DHE","T24","24",0.393,24
"6143","3265","DHE","T24","38",0.57,38
"6144","3265","DHE","T24","46",1.075,46
"6145","3265","DHE","T24","54",1.312,54
"6146","3265","DHE","T24","60",1.72,60
"6147","3265","DHE","T24","67",2.2,67
"6148","3269","DHE","T24","11",0.275,11
"6149","3269","DHE","T24","18",0.319,18
"6150","3269","DHE","T24","24",0.463,24
"6151","3269","DHE","T24","38",0.624,38
"6152","3269","DHE","T24","46",0.903,46
"6153","3269","DHE","T24","54",1.259,54
"6154","3269","DHE","T24","60",1.431,60
"6155","3269","DHE","T24","67",1.935,67
"6156","3271","DHE","T24","11",0.24,11
"6157","3271","DHE","T24","18",0.221,18
"6158","3271","DHE","T24","24",0.395,24
"6159","3272","DHE","T24","11",0.23,11
"6160","3272","DHE","T24","18",0.297,18
"6161","3272","DHE","T24","24",0.322,24
"6162","3272","DHE","T24","38",0.247,38
"6163","3272","DHE","T24","46",0.759,46
"6164","3272","DHE","T24","54",1.054,54
"6165","3272","DHE","T24","60",1.212,60
"6166","3272","DHE","T24","67",1.244,67
"6167","3273","DHE","T24","11",0.192,11
"6168","3273","DHE","T24","18",0.203,18
"6169","3273","DHE","T24","24",0.201,24
"6170","3273","DHE","T24","38",0.301,38
"6171","3273","DHE","T24","46",0.507,46
"6172","3273","DHE","T24","54",1.1,54
"6173","3273","DHE","T24","60",1.313,60
"6174","3273","DHE","T24","67",1.401,67
"6175","3274","DHE","T24","11",0.123,11
"6176","3274","DHE","T24","18",0.12,18
"6177","3274","DHE","T24","24",0.156,24
"6178","3274","DHE","T24","38",0.2,38
"6179","3274","DHE","T24","46",0.435,46
"6180","3274","DHE","T24","54",0.677,54
"6181","3274","DHE","T24","60",0.86,60
"6182","3274","DHE","T24","67",0.805,67
"6183","3275","DHE","T24","11",0.039,11
"6184","3275","DHE","T24","18",0.09,18
"6185","3275","DHE","T24","24",0.086,24
"6186","3276","DHE","T24","11",0.094,11
"6187","3276","DHE","T24","18",0.139,18
"6188","3276","DHE","T24","24",0.198,24
"6189","3279","DHE","T24","11",0.241,11
"6190","3279","DHE","T24","18",0.245,18
"6191","3279","DHE","T24","24",0.32,24
"6192","3280","DHE","T24","11",0.127,11
"6193","3280","DHE","T24","18",0.189,18
"6194","3280","DHE","T24","24",0.276,24
"6195","3281","DHE","T24","11",0.295,11
"6196","3281","DHE","T24","18",0.271,18
"6197","3281","DHE","T24","24",0.329,24
"6198","3281","DHE","T24","38",0.385,38
"6199","3281","DHE","T24","46",0.83,46
"6200","3281","DHE","T24","54",1.266,54
"6201","3281","DHE","T24","60",2.191,60
"6202","3281","DHE","T24","67",2.424,67
"6203","3288","DHE","T24","11",0.16,11
"6204","3288","DHE","T24","18",0.208,18
"6205","3288","DHE","T24","24",0.248,24
"6206","3292","DHE","T24","11",0.19,11
"6207","3292","DHE","T24","18",0.239,18
"6208","3292","DHE","T24","24",0.426,24
"6209","3292","DHE","T24","38",0.464,38
"6210","3292","DHE","T24","46",1.063,46
"6211","3292","DHE","T24","54",1.784,54
"6212","3292","DHE","T24","60",2.238,60
"6213","3292","DHE","T24","67",2.625,67
"6214","3293","DHE","T24","11",0.223,11
"6215","3293","DHE","T24","18",0.201,18
"6216","3293","DHE","T24","24",0.341,24
"6217","3293","DHE","T24","38",0.312,38
"6218","3293","DHE","T24","46",0.811,46
"6219","3293","DHE","T24","54",0.975,54
"6220","3293","DHE","T24","60",1.377,60
"6221","3293","DHE","T24","67",1.66,67
"6222","3294","DHE","T24","11",0.21,11
"6223","3294","DHE","T24","18",0.152,18
"6224","3294","DHE","T24","24",0.287,24
"6225","3294","DHE","T24","38",0.348,38
"6226","3294","DHE","T24","46",0.655,46
"6227","3294","DHE","T24","54",0.913,54
"6228","3294","DHE","T24","60",1.505,60
"6229","3294","DHE","T24","67",1.629,67
"6230","3295","DHE","T24","11",0.194,11
"6231","3295","DHE","T24","18",0.307,18
"6232","3295","DHE","T24","24",0.402,24
"6233","3295","DHE","T24","38",0.287,38
"6234","3295","DHE","T24","46",0.979,46
"6235","3295","DHE","T24","54",0.963,54
"6236","3295","DHE","T24","60",1.161,60
"6237","3295","DHE","T24","67",1.549,67
"6238","3304","DHE","T24","11",0.156,11
"6239","3304","DHE","T24","18",0.345,18
"6240","3304","DHE","T24","24",0.497,24
"6241","3304","DHE","T24","38",0.635,38
"6242","3304","DHE","T24","46",1.488,46
"6243","3304","DHE","T24","54",1.874,54
"6244","3304","DHE","T24","60",2.491,60
"6245","3304","DHE","T24","67",3.037,67
"6246","3305","DHE","T24","11",0.095,11
"6247","3305","DHE","T24","18",0.156,18
"6248","3305","DHE","T24","24",0.18,24
"6249","3305","DHE","T24","38",0.257,38
"6250","3305","DHE","T24","46",0.538,46
"6251","3305","DHE","T24","54",0.819,54
"6252","3305","DHE","T24","60",1.098,60
"6253","3305","DHE","T24","67",1.159,67
"6254","3306","DHE","T24","11",0.263,11
"6255","3306","DHE","T24","18",0.263,18
"6256","3306","DHE","T24","24",0.39,24
"6257","3306","DHE","T24","38",0.482,38
"6258","3306","DHE","T24","46",1.345,46
"6259","3306","DHE","T24","54",1.965,54
"6260","3306","DHE","T24","60",2.408,60
"6261","3306","DHE","T24","67",2.875,67
"6262","3307","DHE","T24","11",0.204,11
"6263","3307","DHE","T24","18",0.206,18
"6264","3307","DHE","T24","24",0.32,24
"6265","3307","DHE","T24","38",0.343,38
"6266","3307","DHE","T24","46",0.804,46
"6267","3307","DHE","T24","54",1.227,54
"6268","3307","DHE","T24","60",1.522,60
"6269","3307","DHE","T24","67",1.676,67
"6270","3309","DHE","T24","11",0.243,11
"6271","3309","DHE","T24","18",0.281,18
"6272","3309","DHE","T24","24",0.381,24
"6273","3309","DHE","T24","38",0.239,38
"6274","3309","DHE","T24","46",0.703,46
"6275","3309","DHE","T24","54",0.85,54
"6276","3309","DHE","T24","60",1.748,60
"6277","3309","DHE","T24","67",1.713,67
"6278","3310","DHE","T24","11",0.232,11
"6279","3310","DHE","T24","18",0.215,18
"6280","3310","DHE","T24","24",0.28,24
"6281","3310","DHE","T24","38",0.443,38
"6282","3310","DHE","T24","46",0.75,46
"6283","3310","DHE","T24","54",1.121,54
"6284","3310","DHE","T24","60",1.554,60
"6285","3310","DHE","T24","67",1.782,67
"6286","3311","DHE","T24","11",0.054,11
"6287","3311","DHE","T24","18",0.09,18
"6288","3311","DHE","T24","24",0.096,24
"6289","3311","DHE","T24","38",0.092,38
"6290","3311","DHE","T24","46",0.123,46
"6291","3311","DHE","T24","54",0.243,54
"6292","3311","DHE","T24","60",0.341,60
"6293","3311","DHE","T24","67",0.376,67
"6294","3312","DHE","T24","11",0.222,11
"6295","3312","DHE","T24","18",0.17,18
"6296","3312","DHE","T24","24",0.293,24
"6297","3313","DHE","T24","11",0.281,11
"6298","3313","DHE","T24","18",0.302,18
"6299","3313","DHE","T24","24",0.544,24
"6300","3313","DHE","T24","38",0.553,38
"6301","3313","DHE","T24","46",1.112,46
"6302","3313","DHE","T24","54",2.163,54
"6303","3313","DHE","T24","60",2.645,60
"6304","3313","DHE","T24","67",2.985,67
"6305","3314","DHE","T24","11",0.118,11
"6306","3314","DHE","T24","18",0.192,18
"6307","3314","DHE","T24","24",0.255,24
"6308","3315","DHE","T24","11",0.17,11
"6309","3315","DHE","T24","18",0.173,18
"6310","3315","DHE","T24","24",0.261,24
"6311","3315","DHE","T24","38",0.536,38
"6312","3315","DHE","T24","46",0.994,46
"6313","3315","DHE","T24","54",2.076,54
"6314","3315","DHE","T24","60",2.59,60
"6315","3315","DHE","T24","67",3.139,67
"6316","3316","DHE","T24","11",0.189,11
"6317","3316","DHE","T24","18",0.279,18
"6318","3316","DHE","T24","24",0.29,24
"6319","3316","DHE","T24","38",0.43,38
"6320","3316","DHE","T24","46",0.739,46
"6321","3316","DHE","T24","54",1.42,54
"6322","3316","DHE","T24","60",1.678,60
"6323","3316","DHE","T24","67",2.078,67
"6324","3317","DHE","T24","11",0.22,11
"6325","3317","DHE","T24","18",0.197,18
"6326","3317","DHE","T24","24",0.248,24
"6327","3319","DHE","T24","11",0.279,11
"6328","3319","DHE","T24","18",0.297,18
"6329","3319","DHE","T24","24",0.369,24
"6330","3319","DHE","T24","38",0.483,38
"6331","3319","DHE","T24","46",1.026,46
"6332","3319","DHE","T24","54",1.955,54
"6333","3319","DHE","T24","60",2.487,60
"6334","3319","DHE","T24","67",2.27,67
"6335","3322","DHE","T24","11",0.242,11
"6336","3322","DHE","T24","18",0.188,18
"6337","3322","DHE","T24","24",0.305,24
"6338","3322","DHE","T24","38",0.367,38
"6339","3322","DHE","T24","46",0.711,46
"6340","3322","DHE","T24","54",1.152,54
"6341","3322","DHE","T24","60",1.091,60
"6342","3322","DHE","T24","67",0.996,67
"6343","3323","DHE","T24","11",0.266,11
"6344","3323","DHE","T24","18",0.19,18
"6345","3323","DHE","T24","24",0.347,24
"6346","3323","DHE","T24","38",0.349,38
"6347","3323","DHE","T24","46",0.698,46
"6348","3323","DHE","T24","54",1.236,54
"6349","3323","DHE","T24","60",1.186,60
"6350","3323","DHE","T24","67",1.158,67
"6351","3324","DHE","T24","11",0.251,11
"6352","3324","DHE","T24","18",0.241,18
"6353","3324","DHE","T24","24",0.403,24
"6354","3324","DHE","T24","38",0.48,38
"6355","3324","DHE","T24","46",0.864,46
"6356","3324","DHE","T24","54",1.178,54
"6357","3324","DHE","T24","60",1.605,60
"6358","3324","DHE","T24","67",2.014,67
"6359","3329","DHE","T24","11",0.2,11
"6360","3329","DHE","T24","18",0.186,18
"6361","3329","DHE","T24","24",0.237,24
"6362","3329","DHE","T24","38",0.249,38
"6363","3329","DHE","T24","46",0.654,46
"6364","3329","DHE","T24","54",1.175,54
"6365","3329","DHE","T24","60",1.214,60
"6366","3329","DHE","T24","67",0.96,67
"6367","3344","DHE","T24","11",0.201,11
"6368","3344","DHE","T24","18",0.12,18
"6369","3345","DHE","T24","11",0.229,11
"6370","3345","DHE","T24","18",0.174,18
"6371","3345","DHE","T24","24",0.235,24
"6372","3345","DHE","T24","38",0.237,38
"6373","3345","DHE","T24","46",0.648,46
"6374","3345","DHE","T24","54",0.794,54
"6375","3345","DHE","T24","60",0.893,60
"6376","3345","DHE","T24","67",1.233,67
"6377","3346","DHE","T24","11",0.247,11
"6378","3347","DHE","T24","11",0.257,11
"6379","3347","DHE","T24","38",0.763,38
"6380","3347","DHE","T24","46",1.542,46
"6381","3347","DHE","T24","54",2.088,54
"6382","3347","DHE","T24","67",2.712,67
"6383","3348","DHE","T24","11",0.323,11
"6384","3349","DHE","T24","11",0.297,11
"6385","3350","DHE","T24","11",0.114,11
"6386","3352","DHE","T24","11",0.185,11
"6387","3353","DHE","T24","11",0.229,11
"6388","3354","DHE","T24","11",0.131,11
"6389","3355","DHE","T24","11",0.103,11
"6390","3356","DHE","T24","11",0.088,11
"6391","3357","DHE","T24","11",0.091,11
"6392","3358","DHE","T24","11",0.191,11
"6393","3360","DHE","T24","11",0.174,11
"6394","3361","DHE","T24","11",0.252,11
"6395","3362","DHE","T24","11",0.262,11
"6396","3363","DHE","T24","11",0.186,11
"6397","3371","DHE","T24","11",0.21,11
"6398","3372","DHE","T24","11",0.149,11
"6399","3373","DHE","T24","11",0.157,11
"6400","3375","DHE","T24","11",0.221,11
"6401","3378","DHE","T24","11",0.225,11
"6402","3379","DHE","T24","11",0.071,11
"6403","3380","DHE","T24","11",0.285,11
"6404","3005","CWT+DWT","T26","11",0.3,11
"6405","3005","CWT+DWT","T26","18",0.297,18
"6406","3005","CWT+DWT","T26","24",0.316,24
"6407","3005","CWT+DWT","T26","38",0.529,38
"6408","3005","CWT+DWT","T26","46",1.73,46
"6409","3005","CWT+DWT","T26","54",2.241,54
"6410","3005","CWT+DWT","T26","60",2.688,60
"6411","3005","CWT+DWT","T26","67",2.734,67
"6412","3006","CWT+DWT","T26","11",0.123,11
"6413","3006","CWT+DWT","T26","18",0.12,18
"6414","3006","CWT+DWT","T26","24",0.211,24
"6415","3006","CWT+DWT","T26","38",0.388,38
"6416","3006","CWT+DWT","T26","46",1.041,46
"6417","3006","CWT+DWT","T26","54",1.404,54
"6418","3006","CWT+DWT","T26","60",1.748,60
"6419","3006","CWT+DWT","T26","67",1.774,67
"6420","3011","CWT+DWT","T26","11",0.295,11
"6421","3011","CWT+DWT","T26","18",0.344,18
"6422","3011","CWT+DWT","T26","24",0.401,24
"6423","3011","CWT+DWT","T26","38",0.648,38
"6424","3011","CWT+DWT","T26","46",1.486,46
"6425","3011","CWT+DWT","T26","54",2.221,54
"6426","3011","CWT+DWT","T26","60",2.974,60
"6427","3011","CWT+DWT","T26","67",3.415,67
"6428","3012","CWT+DWT","T26","11",0.23,11
"6429","3012","CWT+DWT","T26","18",0.054,18
"6430","3012","CWT+DWT","T26","24",0.056,24
"6431","3013","CWT+DWT","T26","11",0.245,11
"6432","3013","CWT+DWT","T26","18",0.253,18
"6433","3013","CWT+DWT","T26","24",0.297,24
"6434","3013","CWT+DWT","T26","38",0.727,38
"6435","3013","CWT+DWT","T26","46",1.391,46
"6436","3013","CWT+DWT","T26","54",1.871,54
"6437","3013","CWT+DWT","T26","60",2.587,60
"6438","3013","CWT+DWT","T26","67",2.92,67
"6439","3016","CWT+DWT","T26","11",0.181,11
"6440","3016","CWT+DWT","T26","18",0.127,18
"6441","3016","CWT+DWT","T26","24",0.14,24
"6442","3016","CWT+DWT","T26","38",0.28,38
"6443","3016","CWT+DWT","T26","46",0.533,46
"6444","3016","CWT+DWT","T26","54",0.854,54
"6445","3016","CWT+DWT","T26","60",1.003,60
"6446","3016","CWT+DWT","T26","67",0.57,67
"6447","3017","CWT+DWT","T26","11",0.226,11
"6448","3017","CWT+DWT","T26","18",0.166,18
"6449","3017","CWT+DWT","T26","24",0.283,24
"6450","3017","CWT+DWT","T26","38",0.572,38
"6451","3017","CWT+DWT","T26","46",1.588,46
"6452","3017","CWT+DWT","T26","54",2.178,54
"6453","3017","CWT+DWT","T26","60",2.839,60
"6454","3017","CWT+DWT","T26","67",3.049,67
"6455","3018","CWT+DWT","T26","11",0.241,11
"6456","3018","CWT+DWT","T26","18",0.252,18
"6457","3018","CWT+DWT","T26","24",0.341,24
"6458","3018","CWT+DWT","T26","38",0.582,38
"6459","3018","CWT+DWT","T26","46",1.609,46
"6460","3018","CWT+DWT","T26","54",2.034,54
"6461","3018","CWT+DWT","T26","60",2.866,60
"6462","3018","CWT+DWT","T26","67",2.935,67
"6463","3019","CWT+DWT","T26","11",0.123,11
"6464","3019","CWT+DWT","T26","18",0.271,18
"6465","3019","CWT+DWT","T26","24",0.373,24
"6466","3019","CWT+DWT","T26","38",0.469,38
"6467","3019","CWT+DWT","T26","46",0.685,46
"6468","3019","CWT+DWT","T26","54",0.899,54
"6469","3019","CWT+DWT","T26","60",1.385,60
"6470","3019","CWT+DWT","T26","67",0.527,67
"6471","3020","CWT+DWT","T26","11",0.119,11
"6472","3020","CWT+DWT","T26","18",0.128,18
"6473","3020","CWT+DWT","T26","24",0.193,24
"6474","3020","CWT+DWT","T26","38",0.412,38
"6475","3020","CWT+DWT","T26","46",0.818,46
"6476","3020","CWT+DWT","T26","54",1.313,54
"6477","3020","CWT+DWT","T26","60",1.611,60
"6478","3020","CWT+DWT","T26","67",1.312,67
"6479","3021","CWT+DWT","T26","11",0.258,11
"6480","3021","CWT+DWT","T26","18",0.279,18
"6481","3021","CWT+DWT","T26","24",0.188,24
"6482","3021","CWT+DWT","T26","38",0.296,38
"6483","3021","CWT+DWT","T26","46",0.685,46
"6484","3021","CWT+DWT","T26","54",1.457,54
"6485","3021","CWT+DWT","T26","60",2.268,60
"6486","3021","CWT+DWT","T26","67",2.627,67
"6487","3024","CWT+DWT","T26","11",0.237,11
"6488","3024","CWT+DWT","T26","18",0.316,18
"6489","3024","CWT+DWT","T26","24",0.417,24
"6490","3024","CWT+DWT","T26","38",1.221,38
"6491","3024","CWT+DWT","T26","46",1.861,46
"6492","3024","CWT+DWT","T26","54",2.395,54
"6493","3024","CWT+DWT","T26","60",3.411,60
"6494","3024","CWT+DWT","T26","67",1.862,67
"6495","3025","CWT+DWT","T26","11",0.252,11
"6496","3025","CWT+DWT","T26","18",0.299,18
"6497","3025","CWT+DWT","T26","24",0.45,24
"6498","3025","CWT+DWT","T26","38",0.794,38
"6499","3025","CWT+DWT","T26","46",1.644,46
"6500","3025","CWT+DWT","T26","54",2.576,54
"6501","3025","CWT+DWT","T26","60",3.084,60
"6502","3025","CWT+DWT","T26","67",3.097,67
"6503","3026","CWT+DWT","T26","11",0.063,11
"6504","3026","CWT+DWT","T26","18",0.137,18
"6505","3026","CWT+DWT","T26","24",0.246,24
"6506","3026","CWT+DWT","T26","38",0.324,38
"6507","3026","CWT+DWT","T26","46",0.538,46
"6508","3026","CWT+DWT","T26","54",0.775,54
"6509","3026","CWT+DWT","T26","60",1.286,60
"6510","3026","CWT+DWT","T26","67",1.09,67
"6511","3028","CWT+DWT","T26","11",0.236,11
"6512","3028","CWT+DWT","T26","18",0.265,18
"6513","3028","CWT+DWT","T26","24",0.331,24
"6514","3028","CWT+DWT","T26","38",0.533,38
"6515","3028","CWT+DWT","T26","46",1.158,46
"6516","3028","CWT+DWT","T26","54",1.966,54
"6517","3028","CWT+DWT","T26","60",2.604,60
"6518","3028","CWT+DWT","T26","67",2.527,67
"6519","3029","CWT+DWT","T26","11",0.271,11
"6520","3029","CWT+DWT","T26","18",0.292,18
"6521","3029","CWT+DWT","T26","24",0.365,24
"6522","3029","CWT+DWT","T26","38",0.75,38
"6523","3029","CWT+DWT","T26","46",1.118,46
"6524","3029","CWT+DWT","T26","54",1.558,54
"6525","3029","CWT+DWT","T26","60",2.4,60
"6526","3029","CWT+DWT","T26","67",2.342,67
"6527","3030","CWT+DWT","T26","11",0.369,11
"6528","3030","CWT+DWT","T26","18",0.387,18
"6529","3030","CWT+DWT","T26","24",0.298,24
"6530","3030","CWT+DWT","T26","38",0.507,38
"6531","3030","CWT+DWT","T26","46",0.818,46
"6532","3030","CWT+DWT","T26","54",1.081,54
"6533","3030","CWT+DWT","T26","60",1.676,60
"6534","3030","CWT+DWT","T26","67",2.011,67
"6535","3031","CWT+DWT","T26","11",0.068,11
"6536","3031","CWT+DWT","T26","18",0.054,18
"6537","3031","CWT+DWT","T26","24",0.077,24
"6538","3031","CWT+DWT","T26","38",0.185,38
"6539","3031","CWT+DWT","T26","46",0.314,46
"6540","3031","CWT+DWT","T26","54",0.472,54
"6541","3031","CWT+DWT","T26","60",0.58,60
"6542","3031","CWT+DWT","T26","67",0.591,67
"6543","3032","CWT+DWT","T26","11",0.271,11
"6544","3032","CWT+DWT","T26","18",0.248,18
"6545","3032","CWT+DWT","T26","24",0.319,24
"6546","3032","CWT+DWT","T26","38",0.77,38
"6547","3032","CWT+DWT","T26","46",1.592,46
"6548","3032","CWT+DWT","T26","54",2.015,54
"6549","3032","CWT+DWT","T26","60",2.869,60
"6550","3032","CWT+DWT","T26","67",2.692,67
"6551","3033","CWT+DWT","T26","11",0.283,11
"6552","3033","CWT+DWT","T26","18",0.293,18
"6553","3033","CWT+DWT","T26","24",0.387,24
"6554","3033","CWT+DWT","T26","38",0.587,38
"6555","3033","CWT+DWT","T26","46",1.572,46
"6556","3033","CWT+DWT","T26","54",2.379,54
"6557","3033","CWT+DWT","T26","60",2.814,60
"6558","3033","CWT+DWT","T26","67",2.8,67
"6559","3034","CWT+DWT","T26","11",0.194,11
"6560","3034","CWT+DWT","T26","18",0.241,18
"6561","3034","CWT+DWT","T26","24",0.273,24
"6562","3034","CWT+DWT","T26","38",0.491,38
"6563","3034","CWT+DWT","T26","46",0.99,46
"6564","3034","CWT+DWT","T26","54",1.308,54
"6565","3034","CWT+DWT","T26","60",1.69,60
"6566","3034","CWT+DWT","T26","67",1.63,67
"6567","3035","CWT+DWT","T26","11",0.296,11
"6568","3035","CWT+DWT","T26","18",0.214,18
"6569","3035","CWT+DWT","T26","24",0.421,24
"6570","3035","CWT+DWT","T26","38",0.648,38
"6571","3035","CWT+DWT","T26","46",1.068,46
"6572","3035","CWT+DWT","T26","54",1.659,54
"6573","3035","CWT+DWT","T26","60",2.15,60
"6574","3035","CWT+DWT","T26","67",2.087,67
"6575","3037","CWT+DWT","T26","11",0.25,11
"6576","3037","CWT+DWT","T26","18",0.26,18
"6577","3037","CWT+DWT","T26","24",0.342,24
"6578","3037","CWT+DWT","T26","38",0.66,38
"6579","3037","CWT+DWT","T26","46",1.36,46
"6580","3037","CWT+DWT","T26","54",1.985,54
"6581","3037","CWT+DWT","T26","60",2.561,60
"6582","3037","CWT+DWT","T26","67",2.332,67
"6583","3045","CWT+DWT","T26","11",0.257,11
"6584","3045","CWT+DWT","T26","18",0.219,18
"6585","3045","CWT+DWT","T26","24",0.292,24
"6586","3045","CWT+DWT","T26","38",0.508,38
"6587","3045","CWT+DWT","T26","46",1.224,46
"6588","3045","CWT+DWT","T26","54",1.456,54
"6589","3045","CWT+DWT","T26","60",1.839,60
"6590","3045","CWT+DWT","T26","67",1.779,67
"6591","3048","CWT+DWT","T26","11",0.28,11
"6592","3048","CWT+DWT","T26","18",0.269,18
"6593","3048","CWT+DWT","T26","24",0.337,24
"6594","3048","CWT+DWT","T26","38",0.606,38
"6595","3048","CWT+DWT","T26","46",1.218,46
"6596","3048","CWT+DWT","T26","54",2.149,54
"6597","3048","CWT+DWT","T26","60",2.993,60
"6598","3048","CWT+DWT","T26","67",2.869,67
"6599","3049","CWT+DWT","T26","11",0.271,11
"6600","3049","CWT+DWT","T26","18",0.288,18
"6601","3049","CWT+DWT","T26","24",0.404,24
"6602","3049","CWT+DWT","T26","38",0.921,38
"6603","3049","CWT+DWT","T26","46",1.817,46
"6604","3049","CWT+DWT","T26","54",2.545,54
"6605","3049","CWT+DWT","T26","60",2.763,60
"6606","3049","CWT+DWT","T26","67",2.726,67
"6607","3052","CWT+DWT","T26","11",0.272,11
"6608","3052","CWT+DWT","T26","18",0.302,18
"6609","3052","CWT+DWT","T26","24",0.343,24
"6610","3052","CWT+DWT","T26","38",0.553,38
"6611","3052","CWT+DWT","T26","46",0.842,46
"6612","3052","CWT+DWT","T26","54",1.654,54
"6613","3052","CWT+DWT","T26","60",2.075,60
"6614","3052","CWT+DWT","T26","67",2.083,67
"6615","3053","CWT+DWT","T26","11",0.149,11
"6616","3053","CWT+DWT","T26","18",0.122,18
"6617","3053","CWT+DWT","T26","24",0.119,24
"6618","3053","CWT+DWT","T26","38",0.195,38
"6619","3053","CWT+DWT","T26","46",0.253,46
"6620","3053","CWT+DWT","T26","54",0.433,54
"6621","3053","CWT+DWT","T26","60",0.447,60
"6622","3053","CWT+DWT","T26","67",0.552,67
"6623","3056","CWT+DWT","T26","11",0.258,11
"6624","3056","CWT+DWT","T26","18",0.251,18
"6625","3056","CWT+DWT","T26","24",0.261,24
"6626","3056","CWT+DWT","T26","38",0.378,38
"6627","3056","CWT+DWT","T26","46",0.525,46
"6628","3056","CWT+DWT","T26","54",0.909,54
"6629","3056","CWT+DWT","T26","60",0.935,60
"6630","3056","CWT+DWT","T26","67",1.237,67
"6631","3057","CWT+DWT","T26","11",0.225,11
"6632","3057","CWT+DWT","T26","18",0.161,18
"6633","3057","CWT+DWT","T26","24",0.259,24
"6634","3057","CWT+DWT","T26","38",0.422,38
"6635","3057","CWT+DWT","T26","46",0.887,46
"6636","3057","CWT+DWT","T26","54",1.237,54
"6637","3057","CWT+DWT","T26","60",1.442,60
"6638","3057","CWT+DWT","T26","67",1.494,67
"6639","3058","CWT+DWT","T26","11",0.097,11
"6640","3058","CWT+DWT","T26","18",0.073,18
"6641","3058","CWT+DWT","T26","24",0.121,24
"6642","3058","CWT+DWT","T26","38",0.155,38
"6643","3058","CWT+DWT","T26","46",0.205,46
"6644","3058","CWT+DWT","T26","54",0.217,54
"6645","3058","CWT+DWT","T26","60",0.275,60
"6646","3058","CWT+DWT","T26","67",0.345,67
"6647","3060","CWT+DWT","T26","11",0.164,11
"6648","3060","CWT+DWT","T26","18",0.176,18
"6649","3060","CWT+DWT","T26","24",0.221,24
"6650","3060","CWT+DWT","T26","38",0.423,38
"6651","3060","CWT+DWT","T26","46",0.634,46
"6652","3060","CWT+DWT","T26","54",1.096,54
"6653","3060","CWT+DWT","T26","60",1.553,60
"6654","3060","CWT+DWT","T26","67",1.403,67
"6655","3061","CWT+DWT","T26","11",0.284,11
"6656","3061","CWT+DWT","T26","18",0.273,18
"6657","3061","CWT+DWT","T26","24",0.279,24
"6658","3061","CWT+DWT","T26","38",0.325,38
"6659","3061","CWT+DWT","T26","46",0.474,46
"6660","3061","CWT+DWT","T26","54",0.671,54
"6661","3061","CWT+DWT","T26","60",0.527,60
"6662","3061","CWT+DWT","T26","67",0.345,67
"6663","3062","CWT+DWT","T26","11",0.09,11
"6664","3062","CWT+DWT","T26","18",0.144,18
"6665","3062","CWT+DWT","T26","24",0.178,24
"6666","3062","CWT+DWT","T26","38",0.206,38
"6667","3062","CWT+DWT","T26","46",0.3,46
"6668","3062","CWT+DWT","T26","54",0.374,54
"6669","3062","CWT+DWT","T26","60",0.504,60
"6670","3062","CWT+DWT","T26","67",0.494,67
"6671","3063","CWT+DWT","T26","11",0.161,11
"6672","3063","CWT+DWT","T26","18",0.097,18
"6673","3064","CWT+DWT","T26","11",0.125,11
"6674","3064","CWT+DWT","T26","18",0.157,18
"6675","3064","CWT+DWT","T26","24",0.192,24
"6676","3064","CWT+DWT","T26","38",0.236,38
"6677","3064","CWT+DWT","T26","46",0.423,46
"6678","3064","CWT+DWT","T26","60",0.464,60
"6679","3064","CWT+DWT","T26","67",0.532,67
"6680","3065","CWT+DWT","T26","11",0.309,11
"6681","3065","CWT+DWT","T26","18",0.294,18
"6682","3065","CWT+DWT","T26","24",0.491,24
"6683","3065","CWT+DWT","T26","38",1.214,38
"6684","3065","CWT+DWT","T26","46",2.119,46
"6685","3065","CWT+DWT","T26","54",1.404,54
"6686","3065","CWT+DWT","T26","60",2.406,60
"6687","3065","CWT+DWT","T26","67",2.659,67
"6688","3066","CWT+DWT","T26","11",0.227,11
"6689","3066","CWT+DWT","T26","18",0.224,18
"6690","3066","CWT+DWT","T26","24",0.271,24
"6691","3066","CWT+DWT","T26","38",0.51,38
"6692","3066","CWT+DWT","T26","46",1.036,46
"6693","3066","CWT+DWT","T26","54",1.023,54
"6694","3066","CWT+DWT","T26","60",1.257,60
"6695","3066","CWT+DWT","T26","67",1.494,67
"6696","3067","CWT+DWT","T26","11",0.257,11
"6697","3067","CWT+DWT","T26","18",0.129,18
"6698","3067","CWT+DWT","T26","24",0.079,24
"6699","3068","CWT+DWT","T26","11",0.095,11
"6700","3068","CWT+DWT","T26","18",0.178,18
"6701","3068","CWT+DWT","T26","24",0.256,24
"6702","3068","CWT+DWT","T26","38",0.149,38
"6703","3068","CWT+DWT","T26","46",0.2,46
"6704","3068","CWT+DWT","T26","54",0.182,54
"6705","3068","CWT+DWT","T26","60",0.174,60
"6706","3068","CWT+DWT","T26","67",0.255,67
"6707","3069","CWT+DWT","T26","11",0.217,11
"6708","3069","CWT+DWT","T26","18",0.194,18
"6709","3069","CWT+DWT","T26","24",0.329,24
"6710","3069","CWT+DWT","T26","38",0.565,38
"6711","3069","CWT+DWT","T26","46",1.076,46
"6712","3069","CWT+DWT","T26","54",1.227,54
"6713","3069","CWT+DWT","T26","60",1.623,60
"6714","3069","CWT+DWT","T26","67",1.597,67
"6715","3070","CWT+DWT","T26","11",0.136,11
"6716","3070","CWT+DWT","T26","18",0.103,18
"6717","3070","CWT+DWT","T26","24",0.103,24
"6718","3071","CWT+DWT","T26","11",0.248,11
"6719","3071","CWT+DWT","T26","18",0.228,18
"6720","3071","CWT+DWT","T26","24",0.292,24
"6721","3071","CWT+DWT","T26","38",0.501,38
"6722","3071","CWT+DWT","T26","46",1.108,46
"6723","3071","CWT+DWT","T26","54",2.047,54
"6724","3071","CWT+DWT","T26","60",2.481,60
"6725","3071","CWT+DWT","T26","67",2.755,67
"6726","3072","CWT+DWT","T26","11",0.167,11
"6727","3072","CWT+DWT","T26","18",0.115,18
"6728","3072","CWT+DWT","T26","24",0.184,24
"6729","3072","CWT+DWT","T26","38",0.3,38
"6730","3072","CWT+DWT","T26","46",0.513,46
"6731","3072","CWT+DWT","T26","54",0.624,54
"6732","3072","CWT+DWT","T26","60",0.743,60
"6733","3072","CWT+DWT","T26","67",0.64,67
"6734","3073","CWT+DWT","T26","11",0.245,11
"6735","3073","CWT+DWT","T26","18",0.231,18
"6736","3073","CWT+DWT","T26","24",0.347,24
"6737","3073","CWT+DWT","T26","38",0.796,38
"6738","3073","CWT+DWT","T26","46",1.464,46
"6739","3073","CWT+DWT","T26","54",1.69,54
"6740","3073","CWT+DWT","T26","60",1.86,60
"6741","3073","CWT+DWT","T26","67",2.074,67
"6742","3074","CWT+DWT","T26","11",0.179,11
"6743","3074","CWT+DWT","T26","18",0.092,18
"6744","3074","CWT+DWT","T26","24",0.199,24
"6745","3074","CWT+DWT","T26","38",0.34,38
"6746","3074","CWT+DWT","T26","46",0.447,46
"6747","3074","CWT+DWT","T26","54",0.576,54
"6748","3074","CWT+DWT","T26","60",0.727,60
"6749","3074","CWT+DWT","T26","67",0.725,67
"6750","3075","CWT+DWT","T26","11",0.239,11
"6751","3075","CWT+DWT","T26","18",0.223,18
"6752","3075","CWT+DWT","T26","24",0.197,24
"6753","3075","CWT+DWT","T26","38",0.305,38
"6754","3075","CWT+DWT","T26","46",0.531,46
"6755","3075","CWT+DWT","T26","54",0.842,54
"6756","3075","CWT+DWT","T26","60",1.151,60
"6757","3075","CWT+DWT","T26","67",1.286,67
"6758","3076","CWT+DWT","T26","11",0.222,11
"6759","3076","CWT+DWT","T26","18",0.143,18
"6760","3076","CWT+DWT","T26","24",0.258,24
"6761","3076","CWT+DWT","T26","38",0.561,38
"6762","3076","CWT+DWT","T26","46",1.48,46
"6763","3076","CWT+DWT","T26","54",1.694,54
"6764","3076","CWT+DWT","T26","60",2.047,60
"6765","3076","CWT+DWT","T26","67",2.295,67
"6766","3077","CWT+DWT","T26","11",0.219,11
"6767","3077","CWT+DWT","T26","18",0.156,18
"6768","3077","CWT+DWT","T26","24",0.22,24
"6769","3077","CWT+DWT","T26","38",0.446,38
"6770","3077","CWT+DWT","T26","46",0.969,46
"6771","3077","CWT+DWT","T26","54",1.42,54
"6772","3077","CWT+DWT","T26","60",1.361,60
"6773","3077","CWT+DWT","T26","67",1.52,67
"6774","3078","CWT+DWT","T26","11",0.22,11
"6775","3078","CWT+DWT","T26","18",0.207,18
"6776","3078","CWT+DWT","T26","24",0.275,24
"6777","3078","CWT+DWT","T26","38",0.458,38
"6778","3078","CWT+DWT","T26","46",0.543,46
"6779","3078","CWT+DWT","T26","54",0.756,54
"6780","3078","CWT+DWT","T26","60",1.272,60
"6781","3078","CWT+DWT","T26","67",1.395,67
"6782","3079","CWT+DWT","T26","11",0.163,11
"6783","3079","CWT+DWT","T26","18",0.099,18
"6784","3079","CWT+DWT","T26","24",0.205,24
"6785","3079","CWT+DWT","T26","38",0.352,38
"6786","3079","CWT+DWT","T26","46",0.833,46
"6787","3079","CWT+DWT","T26","54",0.985,54
"6788","3079","CWT+DWT","T26","60",1.158,60
"6789","3079","CWT+DWT","T26","67",1.199,67
"6790","3080","CWT+DWT","T26","11",0.199,11
"6791","3080","CWT+DWT","T26","18",0.149,18
"6792","3080","CWT+DWT","T26","24",0.166,24
"6793","3080","CWT+DWT","T26","38",0.322,38
"6794","3080","CWT+DWT","T26","46",0.649,46
"6795","3080","CWT+DWT","T26","54",0.931,54
"6796","3080","CWT+DWT","T26","60",1.147,60
"6797","3080","CWT+DWT","T26","67",1.132,67
"6798","3081","CWT+DWT","T26","11",0.145,11
"6799","3081","CWT+DWT","T26","18",0.229,18
"6800","3081","CWT+DWT","T26","24",0.184,24
"6801","3081","CWT+DWT","T26","38",0.263,38
"6802","3081","CWT+DWT","T26","46",0.341,46
"6803","3081","CWT+DWT","T26","54",0.224,54
"6804","3081","CWT+DWT","T26","60",0.086,60
"6805","3082","CWT+DWT","T26","11",0.134,11
"6806","3082","CWT+DWT","T26","18",0.115,18
"6807","3082","CWT+DWT","T26","24",0.185,24
"6808","3082","CWT+DWT","T26","38",0.242,38
"6809","3082","CWT+DWT","T26","46",0.266,46
"6810","3082","CWT+DWT","T26","54",0.338,54
"6811","3082","CWT+DWT","T26","60",0.268,60
"6812","3082","CWT+DWT","T26","67",0.317,67
"6813","3083","CWT+DWT","T26","11",0.233,11
"6814","3083","CWT+DWT","T26","18",0.234,18
"6815","3083","CWT+DWT","T26","24",0.297,24
"6816","3083","CWT+DWT","T26","38",0.581,38
"6817","3083","CWT+DWT","T26","46",1.526,46
"6818","3083","CWT+DWT","T26","54",1.813,54
"6819","3083","CWT+DWT","T26","60",2.737,60
"6820","3083","CWT+DWT","T26","67",3.124,67
"6821","3084","CWT+DWT","T26","11",0.157,11
"6822","3084","CWT+DWT","T26","18",0.158,18
"6823","3084","CWT+DWT","T26","24",0.228,24
"6824","3084","CWT+DWT","T26","38",0.654,38
"6825","3084","CWT+DWT","T26","46",1.105,46
"6826","3084","CWT+DWT","T26","54",1.511,54
"6827","3084","CWT+DWT","T26","60",1.904,60
"6828","3084","CWT+DWT","T26","67",1.937,67
"6829","3085","CWT+DWT","T26","11",0.208,11
"6830","3085","CWT+DWT","T26","18",0.226,18
"6831","3085","CWT+DWT","T26","24",0.318,24
"6832","3085","CWT+DWT","T26","38",0.887,38
"6833","3085","CWT+DWT","T26","46",1.771,46
"6834","3085","CWT+DWT","T26","54",2.17,54
"6835","3085","CWT+DWT","T26","60",2.478,60
"6836","3085","CWT+DWT","T26","67",2.278,67
"6837","3086","CWT+DWT","T26","11",0.28,11
"6838","3086","CWT+DWT","T26","18",0.173,18
"6839","3086","CWT+DWT","T26","24",0.343,24
"6840","3086","CWT+DWT","T26","38",0.596,38
"6841","3086","CWT+DWT","T26","46",1.399,46
"6842","3086","CWT+DWT","T26","54",1.926,54
"6843","3086","CWT+DWT","T26","60",2.612,60
"6844","3086","CWT+DWT","T26","67",2.534,67
"6845","3087","CWT+DWT","T26","11",0.202,11
"6846","3087","CWT+DWT","T26","18",0.207,18
"6847","3087","CWT+DWT","T26","24",0.257,24
"6848","3087","CWT+DWT","T26","38",0.688,38
"6849","3087","CWT+DWT","T26","46",1.279,46
"6850","3087","CWT+DWT","T26","54",1.807,54
"6851","3087","CWT+DWT","T26","60",2.899,60
"6852","3087","CWT+DWT","T26","67",3.208,67
"6853","3088","CWT+DWT","T26","11",0.146,11
"6854","3088","CWT+DWT","T26","18",0.08,18
"6855","3088","CWT+DWT","T26","24",0.161,24
"6856","3088","CWT+DWT","T26","38",0.302,38
"6857","3088","CWT+DWT","T26","46",0.611,46
"6858","3088","CWT+DWT","T26","54",0.989,54
"6859","3088","CWT+DWT","T26","60",1.604,60
"6860","3088","CWT+DWT","T26","67",1.318,67
"6861","3089","CWT+DWT","T26","11",0.241,11
"6862","3089","CWT+DWT","T26","18",0.087,18
"6863","3089","CWT+DWT","T26","24",0.163,24
"6864","3089","CWT+DWT","T26","38",0.186,38
"6865","3089","CWT+DWT","T26","46",0.327,46
"6866","3089","CWT+DWT","T26","54",0.655,54
"6867","3089","CWT+DWT","T26","60",0.805,60
"6868","3089","CWT+DWT","T26","67",0.571,67
"6869","3090","CWT+DWT","T26","11",0.216,11
"6870","3090","CWT+DWT","T26","18",0.165,18
"6871","3090","CWT+DWT","T26","24",0.274,24
"6872","3090","CWT+DWT","T26","38",0.509,38
"6873","3090","CWT+DWT","T26","46",1.098,46
"6874","3090","CWT+DWT","T26","54",1.717,54
"6875","3090","CWT+DWT","T26","60",2.569,60
"6876","3090","CWT+DWT","T26","67",2.33,67
"6877","3093","CWT+DWT","T26","11",0.254,11
"6878","3093","CWT+DWT","T26","18",0.237,18
"6879","3093","CWT+DWT","T26","24",0.337,24
"6880","3093","CWT+DWT","T26","38",0.836,38
"6881","3093","CWT+DWT","T26","46",1.677,46
"6882","3093","CWT+DWT","T26","54",2.209,54
"6883","3093","CWT+DWT","T26","60",2.721,60
"6884","3093","CWT+DWT","T26","67",2.668,67
"6885","3094","CWT+DWT","T26","11",0.249,11
"6886","3094","CWT+DWT","T26","18",0.237,18
"6887","3094","CWT+DWT","T26","24",0.341,24
"6888","3094","CWT+DWT","T26","38",0.598,38
"6889","3094","CWT+DWT","T26","46",1.547,46
"6890","3094","CWT+DWT","T26","54",1.82,54
"6891","3094","CWT+DWT","T26","60",2.465,60
"6892","3094","CWT+DWT","T26","67",2.053,67
"6893","3097","CWT+DWT","T26","11",0.21,11
"6894","3098","CWT+DWT","T26","11",0.234,11
"6895","3098","CWT+DWT","T26","18",0.226,18
"6896","3098","CWT+DWT","T26","24",0.429,24
"6897","3098","CWT+DWT","T26","38",0.408,38
"6898","3098","CWT+DWT","T26","46",0.585,46
"6899","3098","CWT+DWT","T26","54",0.356,54
"6900","3099","CWT+DWT","T26","18",0.137,18
"6901","3099","CWT+DWT","T26","24",0.193,24
"6902","3099","CWT+DWT","T26","38",0.356,38
"6903","3099","CWT+DWT","T26","46",0.632,46
"6904","3099","CWT+DWT","T26","54",0.887,54
"6905","3099","CWT+DWT","T26","60",0.836,60
"6906","3099","CWT+DWT","T26","67",1.198,67
"6907","3100","CWT+DWT","T26","24",0.087,24
"6908","3100","CWT+DWT","T26","38",0.128,38
"6909","3100","CWT+DWT","T26","46",0.203,46
"6910","3100","CWT+DWT","T26","54",0.325,54
"6911","3100","CWT+DWT","T26","60",0.428,60
"6912","3100","CWT+DWT","T26","67",0.428,67
"6913","3107","CWT+DWT","T26","11",0.224,11
"6914","3107","CWT+DWT","T26","18",0.193,18
"6915","3107","CWT+DWT","T26","24",0.292,24
"6916","3107","CWT+DWT","T26","38",1.077,38
"6917","3107","CWT+DWT","T26","46",2.026,46
"6918","3107","CWT+DWT","T26","54",2.505,54
"6919","3107","CWT+DWT","T26","60",3.103,60
"6920","3107","CWT+DWT","T26","67",3.229,67
"6921","3108","CWT+DWT","T26","11",0.173,11
"6922","3108","CWT+DWT","T26","18",0.15,18
"6923","3108","CWT+DWT","T26","24",0.198,24
"6924","3108","CWT+DWT","T26","38",0.46,38
"6925","3108","CWT+DWT","T26","46",1.028,46
"6926","3108","CWT+DWT","T26","54",1.316,54
"6927","3108","CWT+DWT","T26","60",1.49,60
"6928","3108","CWT+DWT","T26","67",1.565,67
"6929","3110","CWT+DWT","T26","11",0.205,11
"6930","3110","CWT+DWT","T26","18",0.205,18
"6931","3110","CWT+DWT","T26","24",0.22,24
"6932","3110","CWT+DWT","T26","38",0.375,38
"6933","3110","CWT+DWT","T26","46",0.715,46
"6934","3110","CWT+DWT","T26","54",0.945,54
"6935","3110","CWT+DWT","T26","60",1.056,60
"6936","3110","CWT+DWT","T26","67",0.25,67
"6937","3122","CWT+DWT","T26","11",0.194,11
"6938","3122","CWT+DWT","T26","18",0.159,18
"6939","3122","CWT+DWT","T26","24",0.21,24
"6940","3122","CWT+DWT","T26","38",0.377,38
"6941","3122","CWT+DWT","T26","46",0.654,46
"6942","3122","CWT+DWT","T26","54",0.36,54
"6943","3128","CWT+DWT","T26","11",0.174,11
"6944","3128","CWT+DWT","T26","18",0.187,18
"6945","3128","CWT+DWT","T26","24",0.318,24
"6946","3128","CWT+DWT","T26","38",0.469,38
"6947","3128","CWT+DWT","T26","46",0.705,46
"6948","3128","CWT+DWT","T26","54",0.868,54
"6949","3128","CWT+DWT","T26","60",1.005,60
"6950","3128","CWT+DWT","T26","67",0.596,67
"6951","3129","CWT+DWT","T26","11",0.202,11
"6952","3129","CWT+DWT","T26","18",0.194,18
"6953","3129","CWT+DWT","T26","24",0.197,24
"6954","3129","CWT+DWT","T26","38",0.442,38
"6955","3129","CWT+DWT","T26","46",0.728,46
"6956","3129","CWT+DWT","T26","54",0.986,54
"6957","3129","CWT+DWT","T26","60",1.079,60
"6958","3129","CWT+DWT","T26","67",0.997,67
"6959","3133","CWT+DWT","T26","11",0.171,11
"6960","3133","CWT+DWT","T26","18",0.16,18
"6961","3133","CWT+DWT","T26","24",0.242,24
"6962","3133","CWT+DWT","T26","38",0.2,38
"6963","3133","CWT+DWT","T26","46",0.272,46
"6964","3133","CWT+DWT","T26","54",0.3,54
"6965","3133","CWT+DWT","T26","60",0.436,60
"6966","3133","CWT+DWT","T26","67",0.447,67
"6967","3134","CWT+DWT","T26","11",0.309,11
"6968","3134","CWT+DWT","T26","18",0.344,18
"6969","3134","CWT+DWT","T26","24",0.541,24
"6970","3134","CWT+DWT","T26","38",1.154,38
"6971","3134","CWT+DWT","T26","46",2.281,46
"6972","3134","CWT+DWT","T26","54",2.353,54
"6973","3134","CWT+DWT","T26","60",2.811,60
"6974","3134","CWT+DWT","T26","67",2.892,67
"6975","3135","CWT+DWT","T26","11",0.279,11
"6976","3135","CWT+DWT","T26","18",0.253,18
"6977","3135","CWT+DWT","T26","24",0.374,24
"6978","3135","CWT+DWT","T26","38",0.691,38
"6979","3135","CWT+DWT","T26","46",1.584,46
"6980","3135","CWT+DWT","T26","54",2.04,54
"6981","3135","CWT+DWT","T26","60",2.687,60
"6982","3135","CWT+DWT","T26","67",2.365,67
"6983","3136","CWT+DWT","T26","11",0.231,11
"6984","3136","CWT+DWT","T26","18",0.092,18
"6985","3137","CWT+DWT","T26","11",0.216,11
"6986","3138","CWT+DWT","T26","11",0.297,11
"6987","3139","CWT+DWT","T26","11",0.292,11
"6988","3140","CWT+DWT","T26","11",0.177,11
"6989","3141","CWT+DWT","T26","11",0.222,11
"6990","3142","CWT+DWT","T26","11",0.222,11
"6991","3143","CWT+DWT","T26","11",0.096,11
"6992","3143","CWT+DWT","T26","18",0.092,18
"6993","3143","CWT+DWT","T26","24",0.167,24
"6994","3143","CWT+DWT","T26","38",0.259,38
"6995","3143","CWT+DWT","T26","46",0.531,46
"6996","3143","CWT+DWT","T26","54",0.793,54
"6997","3143","CWT+DWT","T26","60",0.933,60
"6998","3143","CWT+DWT","T26","67",0.999,67
"6999","3144","CWT+DWT","T26","11",0.038,11
"7000","3144","CWT+DWT","T26","18",0.21,18
"7001","3144","CWT+DWT","T26","24",0.376,24
"7002","3145","CWT+DWT","T26","11",0.08,11
"7003","3145","CWT+DWT","T26","18",0.117,18
"7004","3145","CWT+DWT","T26","24",0.146,24
"7005","3145","CWT+DWT","T26","38",0.21,38
"7006","3145","CWT+DWT","T26","46",0.283,46
"7007","3145","CWT+DWT","T26","54",0.248,54
"7008","3145","CWT+DWT","T26","60",0.334,60
"7009","3145","CWT+DWT","T26","67",0.263,67
"7010","3146","CWT+DWT","T26","11",0.186,11
"7011","3147","CWT+DWT","T26","11",0.123,11
"7012","3147","CWT+DWT","T26","18",0.236,18
"7013","3147","CWT+DWT","T26","24",0.164,24
"7014","3147","CWT+DWT","T26","38",0.586,38
"7015","3147","CWT+DWT","T26","46",1.129,46
"7016","3147","CWT+DWT","T26","54",1.785,54
"7017","3147","CWT+DWT","T26","60",1.618,60
"7018","3147","CWT+DWT","T26","67",1.59,67
"7019","3150","CWT+DWT","T26","11",0.185,11
"7020","3150","CWT+DWT","T26","18",0.615,18
"7021","3150","CWT+DWT","T26","24",0.61,24
"7022","3150","CWT+DWT","T26","38",0.585,38
"7023","3150","CWT+DWT","T26","46",0.821,46
"7024","3150","CWT+DWT","T26","54",0.935,54
"7025","3150","CWT+DWT","T26","60",1.142,60
"7026","3150","CWT+DWT","T26","67",1.053,67
"7027","3365","CWT+DWT","T26","11",0.125,11
"7028","3365","CWT+DWT","T26","18",0.257,18
"7029","3365","CWT+DWT","T26","24",0.291,24
"7030","3365","CWT+DWT","T26","38",0.515,38
"7031","3365","CWT+DWT","T26","46",1.082,46
"7032","3365","CWT+DWT","T26","54",1.486,54
"7033","3365","CWT+DWT","T26","60",2.083,60
"7034","3365","CWT+DWT","T26","67",1.984,67
"7035","3401","CHE+DWT","T28","11",0.102,11
"7036","3401","CHE+DWT","T28","18",0.17,18
"7037","3401","CHE+DWT","T28","24",0.242,24
"7038","3401","CHE+DWT","T28","38",0.227,38
"7039","3401","CHE+DWT","T28","46",0.297,46
"7040","3401","CHE+DWT","T28","54",0.407,54
"7041","3401","CHE+DWT","T28","60",0.491,60
"7042","3401","CHE+DWT","T28","67",0.639,67
"7043","3402","CHE+DWT","T28","11",0.233,11
"7044","3402","CHE+DWT","T28","18",0.245,18
"7045","3402","CHE+DWT","T28","24",0.236,24
"7046","3402","CHE+DWT","T28","38",0.282,38
"7047","3402","CHE+DWT","T28","46",0.361,46
"7048","3402","CHE+DWT","T28","54",0.792,54
"7049","3402","CHE+DWT","T28","60",0.843,60
"7050","3402","CHE+DWT","T28","67",1.126,67
"7051","3403","CHE+DWT","T28","11",0.181,11
"7052","3403","CHE+DWT","T28","18",0.29,18
"7053","3403","CHE+DWT","T28","24",0.407,24
"7054","3404","CHE+DWT","T28","11",0.148,11
"7055","3404","CHE+DWT","T28","18",0.206,18
"7056","3405","CHE+DWT","T28","11",0.233,11
"7057","3405","CHE+DWT","T28","18",0.221,18
"7058","3405","CHE+DWT","T28","24",0.267,24
"7059","3406","CHE+DWT","T28","11",0.243,11
"7060","3406","CHE+DWT","T28","18",0.251,18
"7061","3407","CHE+DWT","T28","11",0.175,11
"7062","3407","CHE+DWT","T28","18",0.378,18
"7063","3408","CHE+DWT","T28","11",0.221,11
"7064","3408","CHE+DWT","T28","18",0.093,18
"7065","3409","CHE+DWT","T28","11",0.214,11
"7066","3409","CHE+DWT","T28","18",0.193,18
"7067","3409","CHE+DWT","T28","24",0.324,24
"7068","3409","CHE+DWT","T28","38",0.358,38
"7069","3409","CHE+DWT","T28","46",0.498,46
"7070","3409","CHE+DWT","T28","54",0.634,54
"7071","3409","CHE+DWT","T28","60",0.684,60
"7072","3409","CHE+DWT","T28","67",0.814,67
"7073","3411","CHE+DWT","T28","11",0.156,11
"7074","3411","CHE+DWT","T28","18",0.157,18
"7075","3411","CHE+DWT","T28","24",0.154,24
"7076","3411","CHE+DWT","T28","38",0.301,38
"7077","3411","CHE+DWT","T28","46",0.479,46
"7078","3411","CHE+DWT","T28","54",0.477,54
"7079","3411","CHE+DWT","T28","60",0.444,60
"7080","3411","CHE+DWT","T28","67",0.524,67
"7081","3412","CHE+DWT","T28","11",0.196,11
"7082","3412","CHE+DWT","T28","18",0.205,18
"7083","3413","CHE+DWT","T28","11",0.19,11
"7084","3413","CHE+DWT","T28","18",0.253,18
"7085","3414","CHE+DWT","T28","11",0.179,11
"7086","3414","CHE+DWT","T28","18",0.19,18
"7087","3415","CHE+DWT","T28","11",0.167,11
"7088","3416","CHE+DWT","T28","11",0.077,11
"7089","3417","CHE+DWT","T28","11",0.147,11
"7090","3417","CHE+DWT","T28","18",0.137,18
"7091","3419","CHE+DWT","T28","11",0.255,11
"7092","3419","CHE+DWT","T28","18",0.271,18
"7093","3419","CHE+DWT","T28","24",0.277,24
"7094","3419","CHE+DWT","T28","38",0.471,38
"7095","3419","CHE+DWT","T28","46",0.464,46
"7096","3419","CHE+DWT","T28","54",0.752,54
"7097","3419","CHE+DWT","T28","60",0.884,60
"7098","3419","CHE+DWT","T28","67",0.932,67
"7099","3420","CHE+DWT","T28","11",0.118,11
"7100","3420","CHE+DWT","T28","18",0.101,18
"7101","3423","CHE+DWT","T28","11",0.197,11
"7102","3423","CHE+DWT","T28","18",0.285,18
"7103","3423","CHE+DWT","T28","24",0.265,24
"7104","3423","CHE+DWT","T28","38",0.473,38
"7105","3423","CHE+DWT","T28","46",0.547,46
"7106","3423","CHE+DWT","T28","54",0.761,54
"7107","3423","CHE+DWT","T28","60",0.926,60
"7108","3423","CHE+DWT","T28","67",1.027,67
"7109","3424","CHE+DWT","T28","11",0.255,11
"7110","3424","CHE+DWT","T28","18",0.305,18
"7111","3424","CHE+DWT","T28","24",0.09,24
"7112","3425","CHE+DWT","T28","11",0.074,11
"7113","3426","CHE+DWT","T28","11",0.145,11
"7114","3426","CHE+DWT","T28","18",0.224,18
"7115","3427","CHE+DWT","T28","11",0.162,11
"7116","3430","CHE+DWT","T28","11",0.258,11
"7117","3430","CHE+DWT","T28","18",0.22,18
"7118","3430","CHE+DWT","T28","24",0.226,24
"7119","3430","CHE+DWT","T28","38",0.463,38
"7120","3430","CHE+DWT","T28","46",0.815,46
"7121","3430","CHE+DWT","T28","54",1.111,54
"7122","3430","CHE+DWT","T28","60",1.341,60
"7123","3430","CHE+DWT","T28","67",1.888,67
"7124","3439","CHE+DWT","T28","11",0.152,11
"7125","3440","CHE+DWT","T28","11",0.206,11
"7126","3440","CHE+DWT","T28","18",0.27,18
"7127","3440","CHE+DWT","T28","24",0.281,24
"7128","3440","CHE+DWT","T28","38",0.359,38
"7129","3440","CHE+DWT","T28","46",0.577,46
"7130","3440","CHE+DWT","T28","54",0.963,54
"7131","3440","CHE+DWT","T28","60",1.143,60
"7132","3440","CHE+DWT","T28","67",1.375,67
"7133","3441","CHE+DWT","T28","11",0.158,11
"7134","3441","CHE+DWT","T28","18",0.225,18
"7135","3441","CHE+DWT","T28","24",0.251,24
"7136","3441","CHE+DWT","T28","38",0.495,38
"7137","3441","CHE+DWT","T28","46",0.624,46
"7138","3441","CHE+DWT","T28","54",1.163,54
"7139","3441","CHE+DWT","T28","60",1.24,60
"7140","3441","CHE+DWT","T28","67",1.689,67
"7141","3443","CHE+DWT","T28","11",0.107,11
"7142","3443","CHE+DWT","T28","18",0.07,18
"7143","3445","CHE+DWT","T28","11",0.259,11
"7144","3445","CHE+DWT","T28","18",0.295,18
"7145","3445","CHE+DWT","T28","24",0.333,24
"7146","3445","CHE+DWT","T28","38",0.594,38
"7147","3445","CHE+DWT","T28","46",1.315,46
"7148","3445","CHE+DWT","T28","54",1.689,54
"7149","3445","CHE+DWT","T28","60",1.441,60
"7150","3445","CHE+DWT","T28","67",1.867,67
"7151","3446","CHE+DWT","T28","11",0.164,11
"7152","3446","CHE+DWT","T28","18",0.21,18
"7153","3450","CHE+DWT","T28","11",0.139,11
"7154","3450","CHE+DWT","T28","18",0.141,18
"7155","3512","CHE+DWT","T29","11",0.307,11
"7156","3512","CHE+DWT","T29","18",0.264,18
"7157","3512","CHE+DWT","T29","24",0.267,24
"7158","3512","CHE+DWT","T29","38",0.467,38
"7159","3512","CHE+DWT","T29","46",0.67,46
"7160","3512","CHE+DWT","T29","54",1.15,54
"7161","3512","CHE+DWT","T29","60",1.132,60
"7162","3512","CHE+DWT","T29","67",1.232,67
"7163","3514","CHE+DWT","T29","11",0.273,11
"7164","3514","CHE+DWT","T29","18",0.288,18
"7165","3514","CHE+DWT","T29","24",0.388,24
"7166","3516","CHE+DWT","T29","11",0.298,11
"7167","3516","CHE+DWT","T29","18",0.272,18
"7168","3516","CHE+DWT","T29","24",0.364,24
"7169","3516","CHE+DWT","T29","38",0.974,38
"7170","3516","CHE+DWT","T29","46",1.426,46
"7171","3516","CHE+DWT","T29","54",1.499,54
"7172","3516","CHE+DWT","T29","60",1.683,60
"7173","3516","CHE+DWT","T29","67",1.938,67
"7174","3517","CHE+DWT","T29","11",0.34,11
"7175","3517","CHE+DWT","T29","18",0.391,18
"7176","3517","CHE+DWT","T29","24",0.548,24
"7177","3517","CHE+DWT","T29","38",0.808,38
"7178","3517","CHE+DWT","T29","46",1.208,46
"7179","3517","CHE+DWT","T29","54",1.422,54
"7180","3517","CHE+DWT","T29","60",1.777,60
"7181","3517","CHE+DWT","T29","67",2.107,67
"7182","3518","CHE+DWT","T29","11",0.077,11
"7183","3518","CHE+DWT","T29","18",0.175,18
"7184","3518","CHE+DWT","T29","24",0.251,24
"7185","3519","CHE+DWT","T29","11",0.39,11
"7186","3519","CHE+DWT","T29","18",0.404,18
"7187","3519","CHE+DWT","T29","24",0.491,24
"7188","3519","CHE+DWT","T29","38",0.922,38
"7189","3519","CHE+DWT","T29","46",1.34,46
"7190","3519","CHE+DWT","T29","54",1.497,54
"7191","3519","CHE+DWT","T29","60",1.687,60
"7192","3519","CHE+DWT","T29","67",1.78,67
"7193","3520","CHE+DWT","T29","11",0.334,11
"7194","3520","CHE+DWT","T29","18",0.343,18
"7195","3520","CHE+DWT","T29","24",0.377,24
"7196","3520","CHE+DWT","T29","38",0.884,38
"7197","3520","CHE+DWT","T29","46",1.452,46
"7198","3520","CHE+DWT","T29","54",1.687,54
"7199","3520","CHE+DWT","T29","60",1.737,60
"7200","3520","CHE+DWT","T29","67",1.75,67
"7201","3521","CHE+DWT","T29","11",0.344,11
"7202","3521","CHE+DWT","T29","18",0.392,18
"7203","3521","CHE+DWT","T29","24",0.448,24
"7204","3521","CHE+DWT","T29","38",0.59,38
"7205","3521","CHE+DWT","T29","46",1.153,46
"7206","3521","CHE+DWT","T29","54",0.846,54
"7207","3521","CHE+DWT","T29","60",1.264,60
"7208","3521","CHE+DWT","T29","67",1.494,67
"7209","3522","CHE+DWT","T29","11",0.123,11
"7210","3522","CHE+DWT","T29","18",0.114,18
"7211","3524","CHE+DWT","T29","11",0.073,11
"7212","3524","CHE+DWT","T29","18",0.075,18
"7213","3525","CHE+DWT","T29","11",0.244,11
"7214","3525","CHE+DWT","T29","18",0.215,18
"7215","3525","CHE+DWT","T29","24",0.207,24
"7216","3525","CHE+DWT","T29","38",0.322,38
"7217","3525","CHE+DWT","T29","46",0.424,46
"7218","3525","CHE+DWT","T29","54",0.545,54
"7219","3525","CHE+DWT","T29","60",0.674,60
"7220","3525","CHE+DWT","T29","67",0.71,67
"7221","3526","CHE+DWT","T29","11",0.237,11
"7222","3526","CHE+DWT","T29","18",0.232,18
"7223","3526","CHE+DWT","T29","24",0.265,24
"7224","3526","CHE+DWT","T29","38",0.36,38
"7225","3526","CHE+DWT","T29","46",0.514,46
"7226","3526","CHE+DWT","T29","54",0.667,54
"7227","3526","CHE+DWT","T29","60",0.872,60
"7228","3526","CHE+DWT","T29","67",1.183,67
"7229","3527","CHE+DWT","T29","11",0.256,11
"7230","3527","CHE+DWT","T29","18",0.322,18
"7231","3527","CHE+DWT","T29","24",0.426,24
"7232","3528","CHE+DWT","T29","11",0.337,11
"7233","3528","CHE+DWT","T29","18",0.334,18
"7234","3528","CHE+DWT","T29","24",0.413,24
"7235","3528","CHE+DWT","T29","38",0.495,38
"7236","3528","CHE+DWT","T29","46",0.669,46
"7237","3528","CHE+DWT","T29","54",0.544,54
"7238","3528","CHE+DWT","T29","60",0.827,60
"7239","3528","CHE+DWT","T29","67",0.909,67
"7240","3529","CHE+DWT","T29","11",0.239,11
"7241","3529","CHE+DWT","T29","18",0.286,18
"7242","3529","CHE+DWT","T29","24",0.297,24
"7243","3529","CHE+DWT","T29","38",0.445,38
"7244","3529","CHE+DWT","T29","46",0.774,46
"7245","3529","CHE+DWT","T29","54",0.518,54
"7246","3529","CHE+DWT","T29","60",0.795,60
"7247","3529","CHE+DWT","T29","67",0.906,67
"7248","3530","CHE+DWT","T29","11",0.171,11
"7249","3530","CHE+DWT","T29","18",0.358,18
"7250","3530","CHE+DWT","T29","24",0.303,24
"7251","3530","CHE+DWT","T29","38",0.273,38
"7252","3530","CHE+DWT","T29","46",0.412,46
"7253","3530","CHE+DWT","T29","54",0.444,54
"7254","3530","CHE+DWT","T29","60",0.521,60
"7255","3530","CHE+DWT","T29","67",0.64,67
"7256","3532","CHE+DWT","T29","11",0.181,11
"7257","3532","CHE+DWT","T29","18",0.071,18
"7258","3532","CHE+DWT","T29","24",0.135,24
"7259","3533","CHE+DWT","T29","11",0.171,11
"7260","3533","CHE+DWT","T29","18",0.117,18
"7261","3533","CHE+DWT","T29","24",0.048,24
"7262","3533","CHE+DWT","T29","38",0.082,38
"7263","3533","CHE+DWT","T29","46",0.114,46
"7264","3533","CHE+DWT","T29","54",0.178,54
"7265","3533","CHE+DWT","T29","60",0.235,60
"7266","3533","CHE+DWT","T29","67",0.278,67
"7267","3534","CHE+DWT","T29","11",0.192,11
"7268","3534","CHE+DWT","T29","18",0.192,18
"7269","3534","CHE+DWT","T29","24",0.225,24
"7270","3534","CHE+DWT","T29","38",0.22,38
"7271","3534","CHE+DWT","T29","46",0.282,46
"7272","3534","CHE+DWT","T29","54",0.613,54
"7273","3534","CHE+DWT","T29","60",0.649,60
"7274","3534","CHE+DWT","T29","67",0.643,67
"7275","3537","CHE+DWT","T29","11",0.201,11
"7276","3537","CHE+DWT","T29","18",0.193,18
"7277","3537","CHE+DWT","T29","24",0.193,24
"7278","3537","CHE+DWT","T29","38",0.178,38
"7279","3537","CHE+DWT","T29","46",0.199,46
"7280","3537","CHE+DWT","T29","54",0.419,54
"7281","3537","CHE+DWT","T29","60",0.489,60
"7282","3537","CHE+DWT","T29","67",0.664,67
"7283","3538","CHE+DWT","T29","11",0.251,11
"7284","3538","CHE+DWT","T29","18",0.237,18
"7285","3539","CHE+DWT","T29","11",0.356,11
"7286","3539","CHE+DWT","T29","18",0.353,18
"7287","3539","CHE+DWT","T29","24",0.474,24
"7288","3539","CHE+DWT","T29","38",0.6,38
"7289","3539","CHE+DWT","T29","46",1.165,46
"7290","3539","CHE+DWT","T29","54",0.997,54
"7291","3539","CHE+DWT","T29","60",1.387,60
"7292","3539","CHE+DWT","T29","67",1.59,67
"7293","3540","CHE+DWT","T29","11",0.199,11
"7294","3540","CHE+DWT","T29","18",0.218,18
"7295","3540","CHE+DWT","T29","24",0.363,24
"7296","3541","CHE+DWT","T29","11",0.232,11
"7297","3541","CHE+DWT","T29","18",0.143,18
"7298","3541","CHE+DWT","T29","24",0.108,24
"7299","3541","CHE+DWT","T29","38",0.16,38
"7300","3541","CHE+DWT","T29","46",0.219,46
"7301","3541","CHE+DWT","T29","54",0.224,54
"7302","3541","CHE+DWT","T29","60",0.267,60
"7303","3541","CHE+DWT","T29","67",0.53,67
"7304","3542","CHE+DWT","T29","11",0.109,11
"7305","3542","CHE+DWT","T29","18",0.123,18
"7306","3542","CHE+DWT","T29","24",0.129,24
"7307","3543","CHE+DWT","T29","11",0.236,11
"7308","3543","CHE+DWT","T29","18",0.237,18
"7309","3543","CHE+DWT","T29","24",0.246,24
"7310","3543","CHE+DWT","T29","38",0.358,38
"7311","3543","CHE+DWT","T29","46",0.494,46
"7312","3543","CHE+DWT","T29","54",0.651,54
"7313","3543","CHE+DWT","T29","60",1.407,60
"7314","3543","CHE+DWT","T29","67",1.684,67
"7315","3544","CHE+DWT","T29","11",0.133,11
"7316","3544","CHE+DWT","T29","18",0.279,18
"7317","3544","CHE+DWT","T29","24",0.322,24
"7318","3547","CHE+DWT","T29","11",0.281,11
"7319","3547","CHE+DWT","T29","18",0.285,18
"7320","3547","CHE+DWT","T29","24",0.308,24
"7321","3547","CHE+DWT","T29","38",0.426,38
"7322","3547","CHE+DWT","T29","46",0.776,46
"7323","3547","CHE+DWT","T29","54",1.485,54
"7324","3547","CHE+DWT","T29","60",1.843,60
"7325","3547","CHE+DWT","T29","67",1.933,67
"7326","3548","CHE+DWT","T29","11",0.327,11
"7327","3548","CHE+DWT","T29","18",0.341,18
"7328","3548","CHE+DWT","T29","24",0.346,24
"7329","3548","CHE+DWT","T29","38",0.761,38
"7330","3548","CHE+DWT","T29","46",1.595,46
"7331","3548","CHE+DWT","T29","54",1.867,54
"7332","3548","CHE+DWT","T29","60",2.115,60
"7333","3548","CHE+DWT","T29","67",2.503,67
"7334","3549","CHE+DWT","T29","11",0.252,11
"7335","3549","CHE+DWT","T29","18",0.238,18
"7336","3549","CHE+DWT","T29","24",0.207,24
"7337","3550","CHE+DWT","T29","11",0.233,11
"7338","3550","CHE+DWT","T29","18",0.236,18
"7339","3550","CHE+DWT","T29","24",0.231,24
"7340","3551","CHE+DWT","T29","11",0.153,11
"7341","3551","CHE+DWT","T29","18",0.197,18
"7342","3552","CHE+DWT","T29","11",0.097,11
"7343","3552","CHE+DWT","T29","18",0.161,18
"7344","3552","CHE+DWT","T29","24",0.068,24
"7345","3552","CHE+DWT","T29","38",0.127,38
"7346","3552","CHE+DWT","T29","46",0.177,46
"7347","3552","CHE+DWT","T29","54",0.211,54
"7348","3552","CHE+DWT","T29","60",0.273,60
"7349","3552","CHE+DWT","T29","67",0.355,67
"7350","3553","CHE+DWT","T29","11",0.206,11
"7351","3553","CHE+DWT","T29","18",0.209,18
"7352","3554","CHE+DWT","T29","11",0.273,11
"7353","3554","CHE+DWT","T29","18",0.306,18
"7354","3554","CHE+DWT","T29","24",0.38,24
"7355","3554","CHE+DWT","T29","38",0.626,38
"7356","3554","CHE+DWT","T29","46",1.025,46
"7357","3554","CHE+DWT","T29","54",1.364,54
"7358","3554","CHE+DWT","T29","60",1.652,60
"7359","3554","CHE+DWT","T29","67",1.812,67
"7360","3555","CHE+DWT","T29","11",0.204,11
"7361","3555","CHE+DWT","T29","18",0.243,18
"7362","3556","CHE+DWT","T29","11",0.287,11
"7363","3556","CHE+DWT","T29","18",0.302,18
"7364","3556","CHE+DWT","T29","24",0.39,24
"7365","3556","CHE+DWT","T29","38",0.604,38
"7366","3556","CHE+DWT","T29","46",1.13,46
"7367","3556","CHE+DWT","T29","54",1.622,54
"7368","3556","CHE+DWT","T29","60",1.943,60
"7369","3556","CHE+DWT","T29","67",2.249,67
"7370","3557","CHE+DWT","T29","11",0.125,11
"7371","3557","CHE+DWT","T29","18",0.169,18
"7372","3557","CHE+DWT","T29","24",0.158,24
"7373","3558","CHE+DWT","T29","11",0.627,11
"7374","3558","CHE+DWT","T29","18",0.577,18
"7375","3558","CHE+DWT","T29","24",0.581,24
"7376","3559","CHE+DWT","T29","11",0.237,11
"7377","3559","CHE+DWT","T29","18",0.209,18
"7378","3559","CHE+DWT","T29","24",0.205,24
"7379","3560","CHE+DWT","T29","11",0.228,11
"7380","3560","CHE+DWT","T29","18",0.19,18
"7381","3560","CHE+DWT","T29","24",0.111,24
"7382","3561","CHE+DWT","T29","11",0.239,11
"7383","3561","CHE+DWT","T29","18",0.226,18
"7384","3561","CHE+DWT","T29","24",0.259,24
"7385","3561","CHE+DWT","T29","38",0.352,38
"7386","3561","CHE+DWT","T29","46",0.57,46
"7387","3561","CHE+DWT","T29","54",0.364,54
"7388","3561","CHE+DWT","T29","60",0.759,60
"7389","3561","CHE+DWT","T29","67",1.151,67
"7390","3562","CHE+DWT","T29","11",0.214,11
"7391","3562","CHE+DWT","T29","18",0.197,18
"7392","3562","CHE+DWT","T29","24",0.321,24
"7393","3562","CHE+DWT","T29","38",0.877,38
"7394","3562","CHE+DWT","T29","46",1.284,46
"7395","3562","CHE+DWT","T29","54",1.52,54
"7396","3562","CHE+DWT","T29","60",1.764,60
"7397","3562","CHE+DWT","T29","67",2.039,67
"7398","3563","CHE+DWT","T29","11",0.103,11
"7399","3563","CHE+DWT","T29","18",0.106,18
"7400","3564","CHE+DWT","T29","11",0.214,11
"7401","3564","CHE+DWT","T29","18",0.171,18
"7402","3564","CHE+DWT","T29","24",0.183,24
"7403","3564","CHE+DWT","T29","38",0.281,38
"7404","3564","CHE+DWT","T29","46",0.404,46
"7405","3564","CHE+DWT","T29","54",0.318,54
"7406","3564","CHE+DWT","T29","60",0.538,60
"7407","3564","CHE+DWT","T29","67",0.62,67
"7408","3565","CHE+DWT","T29","11",0.057,11
"7409","3565","CHE+DWT","T29","18",0.159,18
"7410","3565","CHE+DWT","T29","24",0.087,24
"7411","3565","CHE+DWT","T29","38",0.168,38
"7412","3565","CHE+DWT","T29","46",0.216,46
"7413","3565","CHE+DWT","T29","54",0.205,54
"7414","3565","CHE+DWT","T29","60",0.166,60
"7415","3565","CHE+DWT","T29","67",0.261,67
"7416","3566","CHE+DWT","T29","11",0.213,11
"7417","3566","CHE+DWT","T29","18",0.226,18
"7418","3566","CHE+DWT","T29","24",0.336,24
"7419","3566","CHE+DWT","T29","38",0.336,38
"7420","3566","CHE+DWT","T29","46",0.46,46
"7421","3566","CHE+DWT","T29","54",0.501,54
"7422","3566","CHE+DWT","T29","60",0.823,60
"7423","3566","CHE+DWT","T29","67",0.885,67
"7424","3567","CHE+DWT","T29","11",0.06,11
"7425","3567","CHE+DWT","T29","18",0.071,18
"7426","3568","CHE+DWT","T29","11",0.236,11
"7427","3568","CHE+DWT","T29","18",0.247,18
"7428","3568","CHE+DWT","T29","24",0.207,24
"7429","3568","CHE+DWT","T29","38",0.235,38
"7430","3568","CHE+DWT","T29","46",0.304,46
"7431","3568","CHE+DWT","T29","54",0.302,54
"7432","3568","CHE+DWT","T29","60",0.395,60
"7433","3568","CHE+DWT","T29","67",0.545,67
"7434","3569","CHE+DWT","T29","11",0.226,11
"7435","3569","CHE+DWT","T29","18",0.24,18
"7436","3569","CHE+DWT","T29","24",0.292,24
"7437","3569","CHE+DWT","T29","38",0.424,38
"7438","3569","CHE+DWT","T29","46",0.632,46
"7439","3569","CHE+DWT","T29","54",0.999,54
"7440","3569","CHE+DWT","T29","60",1.138,60
"7441","3569","CHE+DWT","T29","67",1.299,67
"7442","3570","CHE+DWT","T29","11",0.257,11
"7443","3570","CHE+DWT","T29","18",0.255,18
"7444","3570","CHE+DWT","T29","24",0.288,24
"7445","3570","CHE+DWT","T29","38",0.525,38
"7446","3570","CHE+DWT","T29","46",0.623,46
"7447","3570","CHE+DWT","T29","54",0.667,54
"7448","3570","CHE+DWT","T29","60",1.342,60
"7449","3570","CHE+DWT","T29","67",1.601,67
"7450","3571","CHE+DWT","T29","11",0.176,11
"7451","3571","CHE+DWT","T29","18",0.172,18
"7452","3571","CHE+DWT","T29","24",0.157,24
"7453","3572","CHE+DWT","T29","11",0.037,11
"7454","3572","CHE+DWT","T29","18",0.027,18
"7455","3573","CHE+DWT","T29","11",0.123,11
"7456","3573","CHE+DWT","T29","18",0.185,18
"7457","3574","CHE+DWT","T29","11",0.261,11
"7458","3574","CHE+DWT","T29","18",0.189,18
"7459","3574","CHE+DWT","T29","24",0.095,24
"7460","3575","CHE+DWT","T29","11",0.247,11
"7461","3575","CHE+DWT","T29","18",0.217,18
"7462","3575","CHE+DWT","T29","24",0.255,24
"7463","3575","CHE+DWT","T29","38",0.425,38
"7464","3575","CHE+DWT","T29","46",0.653,46
"7465","3575","CHE+DWT","T29","54",0.868,54
"7466","3575","CHE+DWT","T29","60",1.048,60
"7467","3575","CHE+DWT","T29","67",1.546,67
"7468","3576","CHE+DWT","T29","11",0.074,11
"7469","3576","CHE+DWT","T29","18",0.059,18
"7470","3577","CHE+DWT","T29","11",0.35,11
"7471","3578","CHE+DWT","T29","11",0.245,11
"7472","3579","CHE+DWT","T29","11",0.284,11
"7473","3580","CHE+DWT","T29","11",0.242,11
"7474","3581","CHE+DWT","T29","11",0.263,11
"7475","3582","CHE+DWT","T29","11",0.158,11
"7476","3583","CHE+DWT","T29","11",0.167,11
"7477","3584","CHE+DWT","T29","11",0.302,11
"7478","3585","CHE+DWT","T29","11",0.099,11
"7479","3586","CHE+DWT","T29","11",0.069,11
"7480","3587","CHE+DWT","T29","11",0.201,11
"7481","3588","CHE+DWT","T29","11",0.134,11
"7482","3589","CHE+DWT","T29","11",0.07,11
"7483","3590","CHE+DWT","T29","11",0.099,11
"7484","3591","CHE+DWT","T29","11",0.146,11
"7485","3592","CHE+DWT","T29","11",0.085,11
"7486","3593","CHE+DWT","T29","11",0.073,11
"7487","2077","CWT+DWT","T8","11",0.184,11
"7488","2077","CWT+DWT","T8","18",0.033,18
"7489","2078","CWT+DWT","T8","11",0.159,11
"7490","2079","CWT+DWT","T8","11",0.166,11
"7491","2123","CWT+DWT","T8","11",0.168,11
"7492","2124","CWT+DWT","T8","11",0.23,11
"7493","2126","CWT+DWT","T8","11",0.064,11
"7494","2126","CWT+DWT","T8","18",0.068,18
"7495","2127","CWT+DWT","T8","11",0.21,11
"7496","2128","CWT+DWT","T8","11",0.221,11
"7497","2128","CWT+DWT","T8","18",0.206,18
"7498","2128","CWT+DWT","T8","24",0.295,24
"7499","2128","CWT+DWT","T8","38",0.451,38
"7500","2128","CWT+DWT","T8","46",1.305,46
"7501","2128","CWT+DWT","T8","54",2.149,54
"7502","2128","CWT+DWT","T8","60",2.859,60
"7503","2128","CWT+DWT","T8","67",3.428,67
"7504","2129","CWT+DWT","T8","11",0.119,11
"7505","2129","CWT+DWT","T8","18",0.154,18
"7506","2129","CWT+DWT","T8","24",0.218,24
"7507","2129","CWT+DWT","T8","38",0.282,38
"7508","2129","CWT+DWT","T8","46",0.533,46
"7509","2129","CWT+DWT","T8","54",0.794,54
"7510","2129","CWT+DWT","T8","60",1.418,60
"7511","2129","CWT+DWT","T8","67",1.848,67
"7512","2130","CWT+DWT","T8","11",0.269,11
"7513","2130","CWT+DWT","T8","18",0.337,18
"7514","2130","CWT+DWT","T8","24",0.479,24
"7515","2130","CWT+DWT","T8","38",0.791,38
"7516","2130","CWT+DWT","T8","46",1.298,46
"7517","2130","CWT+DWT","T8","54",1.651,54
"7518","2130","CWT+DWT","T8","60",2.469,60
"7519","2130","CWT+DWT","T8","67",3.355,67
"7520","2131","CWT+DWT","T8","11",0.121,11
"7521","2131","CWT+DWT","T8","18",0.148,18
"7522","2131","CWT+DWT","T8","24",0.238,24
"7523","2131","CWT+DWT","T8","38",0.509,38
"7524","2131","CWT+DWT","T8","46",0.745,46
"7525","2131","CWT+DWT","T8","54",0.631,54
"7526","2131","CWT+DWT","T8","60",0.954,60
"7527","2131","CWT+DWT","T8","67",1.4,67
"7528","2132","CWT+DWT","T8","11",0.267,11
"7529","2132","CWT+DWT","T8","18",0.197,18
"7530","2132","CWT+DWT","T8","24",0.423,24
"7531","2132","CWT+DWT","T8","38",0.538,38
"7532","2132","CWT+DWT","T8","46",1.26,46
"7533","2132","CWT+DWT","T8","54",2.217,54
"7534","2132","CWT+DWT","T8","60",3.59,60
"7535","2132","CWT+DWT","T8","67",4.604,67
"7536","2133","CWT+DWT","T8","11",0.253,11
"7537","2133","CWT+DWT","T8","18",0.307,18
"7538","2133","CWT+DWT","T8","24",0.419,24
"7539","2133","CWT+DWT","T8","38",0.851,38
"7540","2133","CWT+DWT","T8","46",1.627,46
"7541","2133","CWT+DWT","T8","54",2.164,54
"7542","2133","CWT+DWT","T8","60",2.279,60
"7543","2133","CWT+DWT","T8","67",3.837,67
"7544","2134","CWT+DWT","T8","11",0.1,11
"7545","2134","CWT+DWT","T8","18",0.148,18
"7546","2134","CWT+DWT","T8","24",0.159,24
"7547","2134","CWT+DWT","T8","38",0.379,38
"7548","2134","CWT+DWT","T8","46",0.625,46
"7549","2134","CWT+DWT","T8","54",0.958,54
"7550","2134","CWT+DWT","T8","60",1.495,60
"7551","2134","CWT+DWT","T8","67",1.979,67
"7552","2135","CWT+DWT","T8","11",0.116,11
"7553","2135","CWT+DWT","T8","18",0.17,18
"7554","2135","CWT+DWT","T8","24",0.201,24
"7555","2135","CWT+DWT","T8","38",0.342,38
"7556","2135","CWT+DWT","T8","46",0.591,46
"7557","2135","CWT+DWT","T8","54",1.048,54
"7558","2135","CWT+DWT","T8","60",1.521,60
"7559","2135","CWT+DWT","T8","67",2.032,67
"7560","2136","CWT+DWT","T8","11",0.219,11
"7561","2136","CWT+DWT","T8","18",0.232,18
"7562","2136","CWT+DWT","T8","24",0.364,24
"7563","2136","CWT+DWT","T8","38",0.868,38
"7564","2136","CWT+DWT","T8","46",1.937,46
"7565","2136","CWT+DWT","T8","54",2.859,54
"7566","2136","CWT+DWT","T8","60",4.136,60
"7567","2136","CWT+DWT","T8","67",4.904,67
"7568","2137","CWT+DWT","T8","11",0.205,11
"7569","2137","CWT+DWT","T8","18",0.24,18
"7570","2137","CWT+DWT","T8","24",0.315,24
"7571","2137","CWT+DWT","T8","38",0.636,38
"7572","2137","CWT+DWT","T8","46",1.007,46
"7573","2137","CWT+DWT","T8","54",1.898,54
"7574","2137","CWT+DWT","T8","60",1.979,60
"7575","2137","CWT+DWT","T8","67",3.068,67
"7576","2138","CWT+DWT","T8","11",0.149,11
"7577","2138","CWT+DWT","T8","18",0.207,18
"7578","2138","CWT+DWT","T8","24",0.286,24
"7579","2138","CWT+DWT","T8","38",0.643,38
"7580","2138","CWT+DWT","T8","46",1.002,46
"7581","2138","CWT+DWT","T8","54",1.445,54
"7582","2138","CWT+DWT","T8","60",2,60
"7583","2138","CWT+DWT","T8","67",2.59,67
"7584","2139","CWT+DWT","T8","11",0.166,11
"7585","2139","CWT+DWT","T8","18",0.123,18
"7586","2139","CWT+DWT","T8","24",0.189,24
"7587","2139","CWT+DWT","T8","38",0.226,38
"7588","2139","CWT+DWT","T8","46",0.63,46
"7589","2139","CWT+DWT","T8","54",0.841,54
"7590","2139","CWT+DWT","T8","60",1.11,60
"7591","2139","CWT+DWT","T8","67",1.731,67
"7592","2142","CWT+DWT","T8","11",0.218,11
"7593","2142","CWT+DWT","T8","18",0.218,18
"7594","2142","CWT+DWT","T8","24",0.247,24
"7595","2142","CWT+DWT","T8","38",0.498,38
"7596","2142","CWT+DWT","T8","46",0.713,46
"7597","2142","CWT+DWT","T8","54",1.503,54
"7598","2142","CWT+DWT","T8","60",2.074,60
"7599","2142","CWT+DWT","T8","67",2.45,67
"7600","2145","CWT+DWT","T8","18",0.217,18
"7601","2145","CWT+DWT","T8","24",0.178,24
"7602","2145","CWT+DWT","T8","38",0.379,38
"7603","2145","CWT+DWT","T8","46",0.637,46
"7604","2145","CWT+DWT","T8","54",1.414,54
"7605","2145","CWT+DWT","T8","60",1.682,60
"7606","2145","CWT+DWT","T8","67",2.25,67
"7607","2148","CWT+DWT","T8","11",0.117,11
"7608","2148","CWT+DWT","T8","18",0.191,18
"7609","2148","CWT+DWT","T8","24",0.275,24
"7610","2148","CWT+DWT","T8","38",0.735,38
"7611","2148","CWT+DWT","T8","46",1.298,46
"7612","2148","CWT+DWT","T8","54",1.884,54
"7613","2148","CWT+DWT","T8","60",2.623,60
"7614","2148","CWT+DWT","T8","67",3.324,67
"7615","2150","CWT+DWT","T8","11",0.144,11
"7616","2151","CWT+DWT","T8","11",0.275,11
"7617","2151","CWT+DWT","T8","18",0.167,18
"7618","2151","CWT+DWT","T8","24",0.239,24
"7619","2151","CWT+DWT","T8","38",0.444,38
"7620","2151","CWT+DWT","T8","46",0.688,46
"7621","2151","CWT+DWT","T8","54",1.703,54
"7622","2151","CWT+DWT","T8","60",2.264,60
"7623","2151","CWT+DWT","T8","67",2.718,67
"7624","2152","CWT+DWT","T8","11",0.264,11
"7625","2152","CWT+DWT","T8","18",0.257,18
"7626","2152","CWT+DWT","T8","24",0.406,24
"7627","2152","CWT+DWT","T8","38",0.378,38
"7628","2152","CWT+DWT","T8","46",0.625,46
"7629","2152","CWT+DWT","T8","54",1.562,54
"7630","2152","CWT+DWT","T8","60",2.038,60
"7631","2152","CWT+DWT","T8","67",2.467,67
"7632","2153","CWT+DWT","T8","11",0.17,11
"7633","2153","CWT+DWT","T8","18",0.199,18
"7634","2153","CWT+DWT","T8","24",0.25,24
"7635","2153","CWT+DWT","T8","38",0.491,38
"7636","2153","CWT+DWT","T8","46",1.014,46
"7637","2153","CWT+DWT","T8","54",1.447,54
"7638","2153","CWT+DWT","T8","60",1.818,60
"7639","2153","CWT+DWT","T8","67",2.008,67
"7640","2154","CWT+DWT","T8","11",0.235,11
"7641","2154","CWT+DWT","T8","18",0.28,18
"7642","2154","CWT+DWT","T8","24",0.33,24
"7643","2154","CWT+DWT","T8","38",0.487,38
"7644","2154","CWT+DWT","T8","46",0.848,46
"7645","2154","CWT+DWT","T8","54",1.645,54
"7646","2154","CWT+DWT","T8","60",2.565,60
"7647","2154","CWT+DWT","T8","67",3.12,67
"7648","2156","CWT+DWT","T8","11",0.179,11
"7649","2156","CWT+DWT","T8","18",0.168,18
"7650","2156","CWT+DWT","T8","24",0.174,24
"7651","2157","CWT+DWT","T8","11",0.083,11
"7652","2157","CWT+DWT","T8","18",0.035,18
"7653","2157","CWT+DWT","T8","24",0.054,24
"7654","2157","CWT+DWT","T8","38",0.086,38
"7655","2157","CWT+DWT","T8","46",0.152,46
"7656","2157","CWT+DWT","T8","54",0.178,54
"7657","2157","CWT+DWT","T8","60",0.289,60
"7658","2157","CWT+DWT","T8","67",0.452,67
"7659","2158","CWT+DWT","T8","11",0.262,11
"7660","2158","CWT+DWT","T8","18",0.149,18
"7661","2158","CWT+DWT","T8","24",0.459,24
"7662","2158","CWT+DWT","T8","38",0.906,38
"7663","2158","CWT+DWT","T8","46",1.67,46
"7664","2158","CWT+DWT","T8","54",2.364,54
"7665","2158","CWT+DWT","T8","60",2.843,60
"7666","2158","CWT+DWT","T8","67",3.424,67
"7667","2159","CWT+DWT","T8","11",0.078,11
"7668","2159","CWT+DWT","T8","18",0.123,18
"7669","2159","CWT+DWT","T8","24",0.115,24
"7670","2159","CWT+DWT","T8","38",0.456,38
"7671","2159","CWT+DWT","T8","46",0.883,46
"7672","2159","CWT+DWT","T8","54",1.379,54
"7673","2159","CWT+DWT","T8","60",2.128,60
"7674","2159","CWT+DWT","T8","67",2.683,67
"7675","2160","CWT+DWT","T8","11",0.173,11
"7676","2160","CWT+DWT","T8","18",0.181,18
"7677","2160","CWT+DWT","T8","24",0.397,24
"7678","2160","CWT+DWT","T8","38",0.723,38
"7679","2160","CWT+DWT","T8","46",1.04,46
"7680","2160","CWT+DWT","T8","54",1.923,54
"7681","2160","CWT+DWT","T8","60",2.977,60
"7682","2160","CWT+DWT","T8","67",3.731,67
"7683","2161","CWT+DWT","T8","11",0.244,11
"7684","2161","CWT+DWT","T8","18",0.305,18
"7685","2161","CWT+DWT","T8","24",0.401,24
"7686","2161","CWT+DWT","T8","38",0.612,38
"7687","2161","CWT+DWT","T8","46",0.781,46
"7688","2161","CWT+DWT","T8","54",1.04,54
"7689","2161","CWT+DWT","T8","60",1.692,60
"7690","2161","CWT+DWT","T8","67",2.527,67
"7691","2162","CWT+DWT","T8","11",0.181,11
"7692","2162","CWT+DWT","T8","18",0.199,18
"7693","2163","CWT+DWT","T8","11",0.094,11
"7694","2163","CWT+DWT","T8","18",0.157,18
"7695","2163","CWT+DWT","T8","24",0.201,24
"7696","2163","CWT+DWT","T8","38",0.276,38
"7697","2163","CWT+DWT","T8","46",0.449,46
"7698","2163","CWT+DWT","T8","54",0.545,54
"7699","2163","CWT+DWT","T8","60",0.936,60
"7700","2163","CWT+DWT","T8","67",1.229,67
"7701","2164","CWT+DWT","T8","11",0.091,11
"7702","2164","CWT+DWT","T8","18",0.104,18
"7703","2164","CWT+DWT","T8","24",0.33,24
"7704","2164","CWT+DWT","T8","38",0.397,38
"7705","2164","CWT+DWT","T8","46",0.76,46
"7706","2164","CWT+DWT","T8","54",1.244,54
"7707","2164","CWT+DWT","T8","60",2.056,60
"7708","2164","CWT+DWT","T8","67",2.603,67
"7709","2165","CWT+DWT","T8","11",0.134,11
"7710","2165","CWT+DWT","T8","18",0.13,18
"7711","2165","CWT+DWT","T8","24",0.16,24
"7712","2165","CWT+DWT","T8","38",0.213,38
"7713","2165","CWT+DWT","T8","46",0.389,46
"7714","2165","CWT+DWT","T8","54",0.877,54
"7715","2165","CWT+DWT","T8","60",1.281,60
"7716","2165","CWT+DWT","T8","67",1.588,67
"7717","2166","CWT+DWT","T8","11",0.185,11
"7718","2166","CWT+DWT","T8","18",0.192,18
"7719","2166","CWT+DWT","T8","24",0.174,24
"7720","2166","CWT+DWT","T8","38",0.385,38
"7721","2166","CWT+DWT","T8","46",0.54,46
"7722","2166","CWT+DWT","T8","54",1.141,54
"7723","2166","CWT+DWT","T8","60",1.945,60
"7724","2166","CWT+DWT","T8","67",2.581,67
"7725","2169","CWT+DWT","T8","11",0.042,11
"7726","2169","CWT+DWT","T8","18",0.089,18
"7727","2169","CWT+DWT","T8","24",0.098,24
"7728","2169","CWT+DWT","T8","38",0.128,38
"7729","2169","CWT+DWT","T8","46",0.212,46
"7730","2169","CWT+DWT","T8","54",0.224,54
"7731","2169","CWT+DWT","T8","60",0.295,60
"7732","2169","CWT+DWT","T8","67",0.34,67
"7733","2170","CWT+DWT","T8","11",0.141,11
"7734","2170","CWT+DWT","T8","18",0.217,18
"7735","2170","CWT+DWT","T8","24",0.286,24
"7736","2170","CWT+DWT","T8","38",0.648,38
"7737","2170","CWT+DWT","T8","46",1.152,46
"7738","2170","CWT+DWT","T8","54",1.514,54
"7739","2170","CWT+DWT","T8","60",1.832,60
"7740","2170","CWT+DWT","T8","67",1.976,67
"7741","2171","CWT+DWT","T8","11",0.219,11
"7742","2171","CWT+DWT","T8","18",0.33,18
"7743","2171","CWT+DWT","T8","24",0.477,24
"7744","2171","CWT+DWT","T8","38",1.138,38
"7745","2171","CWT+DWT","T8","46",1.947,46
"7746","2171","CWT+DWT","T8","54",3.026,54
"7747","2171","CWT+DWT","T8","60",3.638,60
"7748","2171","CWT+DWT","T8","67",4.068,67
"7749","2172","CWT+DWT","T8","11",0.267,11
"7750","2172","CWT+DWT","T8","18",0.329,18
"7751","2172","CWT+DWT","T8","24",0.45,24
"7752","2172","CWT+DWT","T8","38",1.144,38
"7753","2172","CWT+DWT","T8","46",1.908,46
"7754","2172","CWT+DWT","T8","54",2.357,54
"7755","2172","CWT+DWT","T8","60",3.244,60
"7756","2172","CWT+DWT","T8","67",4.171,67
"7757","2173","CWT+DWT","T8","11",0.265,11
"7758","2173","CWT+DWT","T8","18",0.301,18
"7759","2173","CWT+DWT","T8","24",0.306,24
"7760","2173","CWT+DWT","T8","38",0.633,38
"7761","2173","CWT+DWT","T8","46",1.09,46
"7762","2173","CWT+DWT","T8","54",1.777,54
"7763","2173","CWT+DWT","T8","60",2.17,60
"7764","2173","CWT+DWT","T8","67",2.725,67
"7765","2175","CWT+DWT","T8","11",0.047,11
"7766","2175","CWT+DWT","T8","18",0.107,18
"7767","2175","CWT+DWT","T8","24",0.158,24
"7768","2175","CWT+DWT","T8","38",0.265,38
"7769","2175","CWT+DWT","T8","46",0.436,46
"7770","2175","CWT+DWT","T8","54",0.714,54
"7771","2175","CWT+DWT","T8","60",0.971,60
"7772","2175","CWT+DWT","T8","67",1.173,67
"7773","2177","CWT+DWT","T8","11",0.117,11
"7774","2179","CWT+DWT","T8","11",0.16,11
"7775","2179","CWT+DWT","T8","18",0.305,18
"7776","2179","CWT+DWT","T8","24",0.361,24
"7777","2179","CWT+DWT","T8","38",0.74,38
"7778","2179","CWT+DWT","T8","46",1.596,46
"7779","2179","CWT+DWT","T8","54",2.341,54
"7780","2179","CWT+DWT","T8","60",2.7,60
"7781","2179","CWT+DWT","T8","67",3.019,67
"7782","2181","CWT+DWT","T8","11",0.249,11
"7783","2181","CWT+DWT","T8","18",0.224,18
"7784","2181","CWT+DWT","T8","24",0.288,24
"7785","2181","CWT+DWT","T8","38",0.402,38
"7786","2181","CWT+DWT","T8","46",1.182,46
"7787","2181","CWT+DWT","T8","54",1.647,54
"7788","2181","CWT+DWT","T8","60",2.396,60
"7789","2181","CWT+DWT","T8","67",2.9,67
"7790","2183","CWT+DWT","T8","11",0.184,11
"7791","2183","CWT+DWT","T8","18",0.242,18
"7792","2183","CWT+DWT","T8","24",0.223,24
"7793","2183","CWT+DWT","T8","38",0.634,38
"7794","2183","CWT+DWT","T8","46",1.081,46
"7795","2183","CWT+DWT","T8","54",1.904,54
"7796","2183","CWT+DWT","T8","60",2.575,60
"7797","2183","CWT+DWT","T8","67",3.044,67
"7798","2184","CWT+DWT","T8","11",0.286,11
"7799","2184","CWT+DWT","T8","18",0.384,18
"7800","2184","CWT+DWT","T8","24",0.412,24
"7801","2184","CWT+DWT","T8","38",0.777,38
"7802","2184","CWT+DWT","T8","46",1.78,46
"7803","2184","CWT+DWT","T8","54",3.141,54
"7804","2184","CWT+DWT","T8","60",4.245,60
"7805","2184","CWT+DWT","T8","67",4.948,67
"7806","2185","CWT+DWT","T8","11",0.185,11
"7807","2185","CWT+DWT","T8","18",0.167,18
"7808","2185","CWT+DWT","T8","24",0.153,24
"7809","2185","CWT+DWT","T8","38",0.505,38
"7810","2185","CWT+DWT","T8","46",1.149,46
"7811","2185","CWT+DWT","T8","54",1.992,54
"7812","2185","CWT+DWT","T8","60",2.49,60
"7813","2185","CWT+DWT","T8","67",2.841,67
"7814","2186","CWT+DWT","T8","11",0.17,11
"7815","2186","CWT+DWT","T8","18",0.144,18
"7816","2186","CWT+DWT","T8","24",0.155,24
"7817","2186","CWT+DWT","T8","38",0.417,38
"7818","2186","CWT+DWT","T8","46",1.003,46
"7819","2186","CWT+DWT","T8","54",1.357,54
"7820","2186","CWT+DWT","T8","60",1.714,60
"7821","2186","CWT+DWT","T8","67",1.929,67
"7822","2187","CWT+DWT","T8","11",0.036,11
"7823","2187","CWT+DWT","T8","18",0.159,18
"7824","2187","CWT+DWT","T8","24",0.124,24
"7825","2188","CWT+DWT","T8","11",0.227,11
"7826","2188","CWT+DWT","T8","18",0.265,18
"7827","2188","CWT+DWT","T8","24",0.23,24
"7828","2188","CWT+DWT","T8","38",0.679,38
"7829","2188","CWT+DWT","T8","46",1.206,46
"7830","2188","CWT+DWT","T8","54",2.052,54
"7831","2188","CWT+DWT","T8","60",2.3,60
"7832","2188","CWT+DWT","T8","67",3.208,67
"7833","2189","CWT+DWT","T8","11",0.106,11
"7834","2189","CWT+DWT","T8","18",0.118,18
"7835","2189","CWT+DWT","T8","24",0.17,24
"7836","2189","CWT+DWT","T8","38",0.346,38
"7837","2189","CWT+DWT","T8","46",0.696,46
"7838","2189","CWT+DWT","T8","54",1.337,54
"7839","2189","CWT+DWT","T8","60",1.826,60
"7840","2189","CWT+DWT","T8","67",2.226,67
"7841","2190","CWT+DWT","T8","11",0.164,11
"7842","2190","CWT+DWT","T8","18",0.139,18
"7843","2190","CWT+DWT","T8","24",0.197,24
"7844","2190","CWT+DWT","T8","38",0.397,38
"7845","2190","CWT+DWT","T8","46",0.747,46
"7846","2190","CWT+DWT","T8","54",1.552,54
"7847","2190","CWT+DWT","T8","60",1.941,60
"7848","2190","CWT+DWT","T8","67",2.179,67
"7849","2191","CWT+DWT","T8","11",0.172,11
"7850","2191","CWT+DWT","T8","18",0.201,18
"7851","2191","CWT+DWT","T8","24",0.19,24
"7852","2191","CWT+DWT","T8","38",0.323,38
"7853","2191","CWT+DWT","T8","46",0.486,46
"7854","2191","CWT+DWT","T8","54",0.937,54
"7855","2191","CWT+DWT","T8","60",1.797,60
"7856","2191","CWT+DWT","T8","67",2.072,67
"7857","2192","CWT+DWT","T8","11",0.052,11
"7858","2192","CWT+DWT","T8","18",0.048,18
"7859","2193","CWT+DWT","T8","11",0.167,11
"7860","2193","CWT+DWT","T8","18",0.236,18
"7861","2193","CWT+DWT","T8","24",0.351,24
"7862","2193","CWT+DWT","T8","38",0.477,38
"7863","2193","CWT+DWT","T8","46",1.041,46
"7864","2193","CWT+DWT","T8","54",2.17,54
"7865","2193","CWT+DWT","T8","60",2.531,60
"7866","2193","CWT+DWT","T8","67",3.027,67
"7867","2194","CWT+DWT","T8","11",0.068,11
"7868","2194","CWT+DWT","T8","18",0.264,18
"7869","2194","CWT+DWT","T8","24",0.28,24
"7870","2194","CWT+DWT","T8","38",0.368,38
"7871","2194","CWT+DWT","T8","46",0.679,46
"7872","2194","CWT+DWT","T8","54",1.149,54
"7873","2194","CWT+DWT","T8","60",1.528,60
"7874","2194","CWT+DWT","T8","67",1.63,67
"7875","2195","CWT+DWT","T8","11",0.227,11
"7876","2195","CWT+DWT","T8","18",0.22,18
"7877","2220","CWT+DWT","T8","11",0.24,11
"7878","2220","CWT+DWT","T8","18",0.246,18
"7879","2220","CWT+DWT","T8","24",0.241,24
"7880","2220","CWT+DWT","T8","38",0.321,38
"7881","2220","CWT+DWT","T8","46",0.641,46
"7882","2220","CWT+DWT","T8","54",1.343,54
"7883","2220","CWT+DWT","T8","60",2.459,60
"7884","2220","CWT+DWT","T8","67",3.216,67
"7885","2222","CWT+DWT","T8","11",0.025,11
"7886","2222","CWT+DWT","T8","18",0.083,18
"7887","2222","CWT+DWT","T8","24",0.034,24
"7888","2222","CWT+DWT","T8","38",0.052,38
"7889","2222","CWT+DWT","T8","46",0.084,46
"7890","2222","CWT+DWT","T8","54",0.129,54
"7891","2222","CWT+DWT","T8","60",0.295,60
"7892","2222","CWT+DWT","T8","67",0.375,67
"7893","2223","CWT+DWT","T8","18",0.117,18
"7894","2223","CWT+DWT","T8","24",0.068,24
"7895","2223","CWT+DWT","T8","38",0.269,38
"7896","2223","CWT+DWT","T8","46",0.708,46
"7897","2223","CWT+DWT","T8","54",1.396,54
"7898","2223","CWT+DWT","T8","60",2.02,60
"7899","2223","CWT+DWT","T8","67",2.297,67
"7900","2224","CWT+DWT","T8","11",0.063,11
"7901","2224","CWT+DWT","T8","18",0.074,18
"7902","2224","CWT+DWT","T8","24",0.101,24
"7903","2224","CWT+DWT","T8","38",0.07,38
"7904","2224","CWT+DWT","T8","46",0.083,46
"7905","2224","CWT+DWT","T8","54",0.115,54
"7906","2224","CWT+DWT","T8","60",0.172,60
"7907","2224","CWT+DWT","T8","67",0.214,67
"7908","2225","CWT+DWT","T8","11",0.094,11
"7909","2225","CWT+DWT","T8","18",0.073,18
"7910","2225","CWT+DWT","T8","24",0.227,24
"7911","2225","CWT+DWT","T8","38",0.354,38
"7912","2225","CWT+DWT","T8","46",0.768,46
"7913","2225","CWT+DWT","T8","54",1.108,54
"7914","2225","CWT+DWT","T8","60",1.611,60
"7915","2225","CWT+DWT","T8","67",0.917,67
"7916","2230","CWT+DWT","T8","11",0.18,11
"7917","2231","CWT+DWT","T8","11",0.154,11
"7918","3595","DWT","T25","11",0.113,11
"7919","3595","DWT","T25","18",0.175,18
"7920","3595","DWT","T25","24",0.204,24
"7921","3595","DWT","T25","38",0.347,38
"7922","3595","DWT","T25","46",0.337,46
"7923","3595","DWT","T25","54",0.429,54
"7924","3595","DWT","T25","60",0.555,60
"7925","3595","DWT","T25","67",0.482,67
"7926","3596","DWT","T25","11",0.339,11
"7927","3596","DWT","T25","18",0.356,18
"7928","3596","DWT","T25","24",0.566,24
"7929","3596","DWT","T25","38",1.195,38
"7930","3596","DWT","T25","46",1.293,46
"7931","3596","DWT","T25","54",1.87,54
"7932","3596","DWT","T25","60",2.091,60
"7933","3596","DWT","T25","67",2.479,67
"7934","3597","DWT","T25","11",0.147,11
"7935","3597","DWT","T25","18",0.174,18
"7936","3597","DWT","T25","24",0.183,24
"7937","3597","DWT","T25","38",0.361,38
"7938","3597","DWT","T25","46",0.493,46
"7939","3597","DWT","T25","54",0.626,54
"7940","3597","DWT","T25","60",0.756,60
"7941","3597","DWT","T25","67",0.628,67
"7942","3598","DWT","T25","11",0.157,11
"7943","3598","DWT","T25","18",0.185,18
"7944","3598","DWT","T25","24",0.257,24
"7945","3598","DWT","T25","38",0.419,38
"7946","3598","DWT","T25","46",0.553,46
"7947","3598","DWT","T25","54",0.923,54
"7948","3598","DWT","T25","60",1.014,60
"7949","3598","DWT","T25","67",1.151,67
"7950","3599","DWT","T25","11",0.105,11
"7951","3599","DWT","T25","18",0.112,18
"7952","3599","DWT","T25","24",0.093,24
"7953","3600","DWT","T25","11",0.073,11
"7954","3600","DWT","T25","18",0.119,18
"7955","3600","DWT","T25","24",0.138,24
"7956","3600","DWT","T25","38",0.216,38
"7957","3600","DWT","T25","46",0.252,46
"7958","3600","DWT","T25","54",0.301,54
"7959","3600","DWT","T25","60",0.431,60
"7960","3600","DWT","T25","67",0.356,67
"7961","3602","DWT","T25","11",0.109,11
"7962","3602","DWT","T25","18",0.139,18
"7963","3602","DWT","T25","24",0.269,24
"7964","3603","DWT","T25","11",0.109,11
"7965","3603","DWT","T25","18",0.177,18
"7966","3603","DWT","T25","24",0.244,24
"7967","3603","DWT","T25","38",0.162,38
"7968","3603","DWT","T25","46",0.286,46
"7969","3603","DWT","T25","54",0.581,54
"7970","3603","DWT","T25","60",0.471,60
"7971","3603","DWT","T25","67",0.412,67
"7972","3604","DWT","T25","11",0.056,11
"7973","3604","DWT","T25","18",0.106,18
"7974","3604","DWT","T25","24",0.12,24
"7975","3604","DWT","T25","38",0.236,38
"7976","3604","DWT","T25","46",0.252,46
"7977","3604","DWT","T25","54",0.455,54
"7978","3604","DWT","T25","60",0.525,60
"7979","3604","DWT","T25","67",0.695,67
"7980","3605","DWT","T25","11",0.219,11
"7981","3605","DWT","T25","18",0.304,18
"7982","3605","DWT","T25","24",0.302,24
"7983","3605","DWT","T25","38",0.462,38
"7984","3605","DWT","T25","46",0.858,46
"7985","3605","DWT","T25","54",1.429,54
"7986","3605","DWT","T25","60",1.565,60
"7987","3605","DWT","T25","67",2.235,67
"7988","3608","DWT","T25","11",0.084,11
"7989","3608","DWT","T25","18",0.068,18
"7990","3608","DWT","T25","24",0.305,24
"7991","3608","DWT","T25","38",0.305,38
"7992","3608","DWT","T25","46",0.455,46
"7993","3608","DWT","T25","54",0.326,54
"7994","3608","DWT","T25","60",0.411,60
"7995","3608","DWT","T25","67",0.405,67
"7996","3609","DWT","T25","11",0.065,11
"7997","3609","DWT","T25","18",0.129,18
"7998","3609","DWT","T25","24",0.142,24
"7999","3611","DWT","T25","11",0.294,11
"8000","3611","DWT","T25","18",0.314,18
"8001","3611","DWT","T25","24",0.43,24
"8002","3611","DWT","T25","38",0.889,38
"8003","3611","DWT","T25","46",1.512,46
"8004","3611","DWT","T25","54",2.749,54
"8005","3611","DWT","T25","60",2.688,60
"8006","3611","DWT","T25","67",2.828,67
"8007","3612","DWT","T25","11",0.235,11
"8008","3612","DWT","T25","18",0.343,18
"8009","3612","DWT","T25","24",0.39,24
"8010","3612","DWT","T25","38",0.872,38
"8011","3612","DWT","T25","46",0.888,46
"8012","3613","DWT","T25","11",0.167,11
"8013","3613","DWT","T25","18",0.297,18
"8014","3613","DWT","T25","24",0.325,24
"8015","3613","DWT","T25","38",0.528,38
"8016","3613","DWT","T25","46",1.046,46
"8017","3614","DWT","T25","11",0.184,11
"8018","3614","DWT","T25","18",0.248,18
"8019","3614","DWT","T25","24",0.263,24
"8020","3614","DWT","T25","38",0.305,38
"8021","3614","DWT","T25","46",0.562,46
"8022","3614","DWT","T25","54",1.068,54
"8023","3614","DWT","T25","60",0.952,60
"8024","3614","DWT","T25","67",1.074,67
"8025","3616","DWT","T25","11",0.076,11
"8026","3616","DWT","T25","18",0.12,18
"8027","3616","DWT","T25","24",0.133,24
"8028","3616","DWT","T25","38",0.264,38
"8029","3616","DWT","T25","46",0.092,46
"8030","3621","DWT","T25","11",0.149,11
"8031","3621","DWT","T25","18",0.24,18
"8032","3621","DWT","T25","24",0.204,24
"8033","3621","DWT","T25","38",0.452,38
"8034","3621","DWT","T25","46",0.693,46
"8035","3621","DWT","T25","54",0.953,54
"8036","3621","DWT","T25","60",1.133,60
"8037","3621","DWT","T25","67",1.231,67
"8038","3622","DWT","T25","11",0.224,11
"8039","3622","DWT","T25","18",0.404,18
"8040","3622","DWT","T25","24",0.471,24
"8041","3622","DWT","T25","38",0.551,38
"8042","3622","DWT","T25","46",0.727,46
"8043","3622","DWT","T25","54",1.432,54
"8044","3622","DWT","T25","60",1.416,60
"8045","3622","DWT","T25","67",1.565,67
"8046","3623","DWT","T25","11",0.324,11
"8047","3623","DWT","T25","18",0.371,18
"8048","3623","DWT","T25","24",0.549,24
"8049","3623","DWT","T25","38",0.643,38
"8050","3623","DWT","T25","46",1.388,46
"8051","3623","DWT","T25","54",2.068,54
"8052","3623","DWT","T25","60",1.85,60
"8053","3623","DWT","T25","67",2.173,67
"8054","3624","DWT","T25","11",0.206,11
"8055","3624","DWT","T25","18",0.437,18
"8056","3624","DWT","T25","24",0.598,24
"8057","3624","DWT","T25","38",0.62,38
"8058","3624","DWT","T25","46",0.748,46
"8059","3625","DWT","T25","11",0.19,11
"8060","3625","DWT","T25","18",0.338,18
"8061","3625","DWT","T25","24",0.723,24
"8062","3625","DWT","T25","38",0.843,38
"8063","3625","DWT","T25","46",0.666,46
"8064","3625","DWT","T25","54",1.972,54
"8065","3625","DWT","T25","60",2.337,60
"8066","3625","DWT","T25","67",2.675,67
"8067","3626","DWT","T25","11",0.23,11
"8068","3626","DWT","T25","18",0.315,18
"8069","3626","DWT","T25","24",0.431,24
"8070","3626","DWT","T25","38",0.819,38
"8071","3626","DWT","T25","46",0.957,46
"8072","3626","DWT","T25","54",2.117,54
"8073","3626","DWT","T25","60",2.191,60
"8074","3626","DWT","T25","67",2.736,67
"8075","3627","DWT","T25","11",0.033,11
"8076","3627","DWT","T25","18",0.069,18
"8077","3627","DWT","T25","24",0.08,24
"8078","3627","DWT","T25","38",0.042,38
"8079","3628","DWT","T25","11",0.305,11
"8080","3628","DWT","T25","18",0.36,18
"8081","3628","DWT","T25","24",0.418,24
"8082","3628","DWT","T25","38",0.525,38
"8083","3628","DWT","T25","46",0.663,46
"8084","3628","DWT","T25","54",1.065,54
"8085","3628","DWT","T25","60",1.04,60
"8086","3628","DWT","T25","67",1.523,67
"8087","3629","DWT","T25","11",0.235,11
"8088","3629","DWT","T25","18",0.324,18
"8089","3629","DWT","T25","24",0.471,24
"8090","3630","DWT","T25","11",0.213,11
"8091","3630","DWT","T25","18",0.291,18
"8092","3630","DWT","T25","24",0.526,24
"8093","3630","DWT","T25","38",0.612,38
"8094","3630","DWT","T25","46",0.967,46
"8095","3631","DWT","T25","11",0.21,11
"8096","3631","DWT","T25","18",0.193,18
"8097","3631","DWT","T25","24",0.206,24
"8098","3631","DWT","T25","38",0.325,38
"8099","3631","DWT","T25","46",0.374,46
"8100","3631","DWT","T25","54",0.551,54
"8101","3631","DWT","T25","60",0.592,60
"8102","3631","DWT","T25","67",0.693,67
"8103","3632","DWT","T25","11",0.16,11
"8104","3632","DWT","T25","18",0.346,18
"8105","3632","DWT","T25","24",0.382,24
"8106","3632","DWT","T25","38",0.512,38
"8107","3632","DWT","T25","46",1.002,46
"8108","3632","DWT","T25","54",1.819,54
"8109","3632","DWT","T25","60",1.788,60
"8110","3632","DWT","T25","67",1.862,67
"8111","3633","DWT","T25","11",0.086,11
"8112","3633","DWT","T25","18",0.09,18
"8113","3633","DWT","T25","24",0.106,24
"8114","3633","DWT","T25","38",0.223,38
"8115","3633","DWT","T25","46",0.235,46
"8116","3634","DWT","T25","11",0.319,11
"8117","3634","DWT","T25","18",0.352,18
"8118","3634","DWT","T25","24",0.36,24
"8119","3634","DWT","T25","38",0.58,38
"8120","3634","DWT","T25","46",0.856,46
"8121","3634","DWT","T25","54",1.656,54
"8122","3634","DWT","T25","60",1.985,60
"8123","3634","DWT","T25","67",2.304,67
"8124","3636","DWT","T25","11",0.112,11
"8125","3636","DWT","T25","18",0.133,18
"8126","3636","DWT","T25","24",0.227,24
"8127","3637","DWT","T25","11",0.248,11
"8128","3637","DWT","T25","18",0.462,18
"8129","3637","DWT","T25","24",0.512,24
"8130","3637","DWT","T25","38",1.541,38
"8131","3637","DWT","T25","46",1.545,46
"8132","3637","DWT","T25","54",2.086,54
"8133","3637","DWT","T25","60",2.501,60
"8134","3637","DWT","T25","67",2.714,67
"8135","3638","DWT","T25","11",0.116,11
"8136","3638","DWT","T25","18",0.122,18
"8137","3638","DWT","T25","24",0.328,24
"8138","3638","DWT","T25","38",0.75,38
"8139","3638","DWT","T25","46",1.059,46
"8140","3638","DWT","T25","54",1.477,54
"8141","3638","DWT","T25","60",1.535,60
"8142","3638","DWT","T25","67",1.714,67
"8143","3639","DWT","T25","11",0.087,11
"8144","3639","DWT","T25","18",0.124,18
"8145","3639","DWT","T25","24",0.17,24
"8146","3639","DWT","T25","38",0.239,38
"8147","3639","DWT","T25","46",0.352,46
"8148","3639","DWT","T25","54",0.606,54
"8149","3639","DWT","T25","60",0.501,60
"8150","3639","DWT","T25","67",0.622,67
"8151","3640","DWT","T25","11",0.233,11
"8152","3640","DWT","T25","18",0.459,18
"8153","3640","DWT","T25","24",0.45,24
"8154","3640","DWT","T25","38",0.973,38
"8155","3640","DWT","T25","46",1.122,46
"8156","3640","DWT","T25","54",1.995,54
"8157","3640","DWT","T25","60",2.454,60
"8158","3640","DWT","T25","67",2.716,67
"8159","3641","DWT","T25","11",0.225,11
"8160","3641","DWT","T25","18",0.408,18
"8161","3641","DWT","T25","24",0.588,24
"8162","3641","DWT","T25","38",0.53,38
"8163","3641","DWT","T25","46",0.612,46
"8164","3641","DWT","T25","54",1.531,54
"8165","3641","DWT","T25","60",1.725,60
"8166","3641","DWT","T25","67",1.666,67
"8167","3642","DWT","T25","11",0.204,11
"8168","3642","DWT","T25","18",0.29,18
"8169","3642","DWT","T25","24",0.405,24
"8170","3642","DWT","T25","38",0.954,38
"8171","3642","DWT","T25","46",1.302,46
"8172","3643","DWT","T25","11",0.074,11
"8173","3643","DWT","T25","18",0.135,18
"8174","3643","DWT","T25","24",0.142,24
"8175","3644","DWT","T25","11",0.127,11
"8176","3644","DWT","T25","18",0.124,18
"8177","3644","DWT","T25","24",0.27,24
"8178","3644","DWT","T25","38",0.693,38
"8179","3644","DWT","T25","46",1.242,46
"8180","3644","DWT","T25","54",1.975,54
"8181","3644","DWT","T25","60",2.321,60
"8182","3644","DWT","T25","67",1.5,67
"8183","3645","DWT","T25","11",0.226,11
"8184","3645","DWT","T25","18",0.309,18
"8185","3645","DWT","T25","24",0.382,24
"8186","3645","DWT","T25","38",0.56,38
"8187","3645","DWT","T25","46",0.654,46
"8188","3645","DWT","T25","54",1.008,54
"8189","3645","DWT","T25","60",1.095,60
"8190","3645","DWT","T25","67",1.203,67
"8191","3647","DWT","T25","11",0.082,11
"8192","3648","DWT","T25","11",0.107,11
"8193","3649","DWT","T25","11",0.2,11
"8194","3650","DWT","T25","11",0.178,11
"8195","3651","DWT","T25","11",0.087,11
"8196","3652","DWT","T25","11",0.1,11
"8197","3656","CWT+DHE","T23","11",0.109,11
"8198","3656","CWT+DHE","T23","18",0.165,18
"8199","3656","CWT+DHE","T23","24",0.173,24
"8200","3656","CWT+DHE","T23","38",0.577,38
"8201","3656","CWT+DHE","T23","46",1.024,46
"8202","3656","CWT+DHE","T23","54",1.262,54
"8203","3656","CWT+DHE","T23","60",0.916,60
"8204","3656","CWT+DHE","T23","67",1.001,67
"8205","3657","CWT+DHE","T23","11",0.124,11
"8206","3657","CWT+DHE","T23","18",0.139,18
"8207","3658","CWT+DHE","T23","11",0.057,11
"8208","3658","CWT+DHE","T23","18",0.07,18
"8209","3658","CWT+DHE","T23","24",0.104,24
"8210","3659","CWT+DHE","T23","11",0.094,11
"8211","3659","CWT+DHE","T23","18",0.086,18
"8212","3659","CWT+DHE","T23","24",0.148,24
"8213","3660","CWT+DHE","T23","11",0.087,11
"8214","3660","CWT+DHE","T23","18",0.168,18
"8215","3660","CWT+DHE","T23","24",0.181,24
"8216","3660","CWT+DHE","T23","38",0.549,38
"8217","3660","CWT+DHE","T23","46",0.641,46
"8218","3660","CWT+DHE","T23","54",0.805,54
"8219","3660","CWT+DHE","T23","60",0.737,60
"8220","3660","CWT+DHE","T23","67",0.805,67
"8221","3662","CWT+DHE","T23","11",0.091,11
"8222","3662","CWT+DHE","T23","18",0.18,18
"8223","3662","CWT+DHE","T23","24",0.151,24
"8224","3662","CWT+DHE","T23","38",0.36,38
"8225","3662","CWT+DHE","T23","46",0.449,46
"8226","3662","CWT+DHE","T23","54",0.611,54
"8227","3662","CWT+DHE","T23","60",0.645,60
"8228","3662","CWT+DHE","T23","67",0.766,67
"8229","3663","CWT+DHE","T23","11",0.128,11
"8230","3663","CWT+DHE","T23","18",0.176,18
"8231","3663","CWT+DHE","T23","24",0.267,24
"8232","3663","CWT+DHE","T23","38",0.473,38
"8233","3663","CWT+DHE","T23","46",0.933,46
"8234","3663","CWT+DHE","T23","54",1.186,54
"8235","3663","CWT+DHE","T23","60",1.044,60
"8236","3663","CWT+DHE","T23","67",1.128,67
"8237","3664","CWT+DHE","T23","11",0.166,11
"8238","3664","CWT+DHE","T23","18",0.297,18
"8239","3664","CWT+DHE","T23","24",0.241,24
"8240","3664","CWT+DHE","T23","38",0.935,38
"8241","3664","CWT+DHE","T23","46",1.39,46
"8242","3664","CWT+DHE","T23","54",1.565,54
"8243","3664","CWT+DHE","T23","60",1.189,60
"8244","3665","CWT+DHE","T23","11",0.228,11
"8245","3665","CWT+DHE","T23","18",0.248,18
"8246","3665","CWT+DHE","T23","24",0.326,24
"8247","3665","CWT+DHE","T23","38",0.969,38
"8248","3666","CWT+DHE","T23","11",0.256,11
"8249","3666","CWT+DHE","T23","18",0.32,18
"8250","3666","CWT+DHE","T23","24",0.445,24
"8251","3666","CWT+DHE","T23","38",0.975,38
"8252","3666","CWT+DHE","T23","46",1.618,46
"8253","3666","CWT+DHE","T23","54",2.192,54
"8254","3666","CWT+DHE","T23","60",1.962,60
"8255","3666","CWT+DHE","T23","67",1.864,67
"8256","3667","CWT+DHE","T23","11",0.12,11
"8257","3667","CWT+DHE","T23","18",0.155,18
"8258","3667","CWT+DHE","T23","24",0.08,24
"8259","3667","CWT+DHE","T23","38",0.219,38
"8260","3667","CWT+DHE","T23","46",0.396,46
"8261","3667","CWT+DHE","T23","54",0.517,54
"8262","3667","CWT+DHE","T23","60",0.422,60
"8263","3667","CWT+DHE","T23","67",0.313,67
"8264","3668","CWT+DHE","T23","11",0.07,11
"8265","3668","CWT+DHE","T23","18",0.087,18
"8266","3668","CWT+DHE","T23","24",0.121,24
"8267","3668","CWT+DHE","T23","38",0.245,38
"8268","3668","CWT+DHE","T23","46",0.259,46
"8269","3668","CWT+DHE","T23","54",0.375,54
"8270","3668","CWT+DHE","T23","60",0.374,60
"8271","3668","CWT+DHE","T23","67",0.403,67
"8272","3669","CWT+DHE","T23","11",0.055,11
"8273","3669","CWT+DHE","T23","18",0.04,18
"8274","3669","CWT+DHE","T23","24",0.059,24
"8275","3669","CWT+DHE","T23","38",0.16,38
"8276","3669","CWT+DHE","T23","46",0.157,46
"8277","3669","CWT+DHE","T23","54",0.182,54
"8278","3669","CWT+DHE","T23","60",0.162,60
"8279","3669","CWT+DHE","T23","67",0.185,67
"8280","3670","CWT+DHE","T23","11",0.097,11
"8281","3670","CWT+DHE","T23","18",0.096,18
"8282","3670","CWT+DHE","T23","24",0.099,24
"8283","3670","CWT+DHE","T23","38",0.334,38
"8284","3670","CWT+DHE","T23","46",0.551,46
"8285","3670","CWT+DHE","T23","54",0.641,54
"8286","3670","CWT+DHE","T23","60",0.664,60
"8287","3670","CWT+DHE","T23","67",0.677,67
"8288","3672","CWT+DHE","T23","11",0.085,11
"8289","3672","CWT+DHE","T23","18",0.085,18
"8290","3673","CWT+DHE","T23","11",0.126,11
"8291","3673","CWT+DHE","T23","18",0.106,18
"8292","3673","CWT+DHE","T23","24",0.098,24
"8293","3673","CWT+DHE","T23","38",0.149,38
"8294","3673","CWT+DHE","T23","46",0.355,46
"8295","3673","CWT+DHE","T23","54",0.34,54
"8296","3673","CWT+DHE","T23","60",0.401,60
"8297","3673","CWT+DHE","T23","67",0.445,67
"8298","3674","CWT+DHE","T23","11",0.172,11
"8299","3674","CWT+DHE","T23","18",0.166,18
"8300","3674","CWT+DHE","T23","24",0.161,24
"8301","3674","CWT+DHE","T23","38",0.461,38
"8302","3674","CWT+DHE","T23","46",0.647,46
"8303","3674","CWT+DHE","T23","54",1.042,54
"8304","3674","CWT+DHE","T23","60",0.854,60
"8305","3674","CWT+DHE","T23","67",0.919,67
"8306","3677","CWT+DHE","T23","11",0.086,11
"8307","3677","CWT+DHE","T23","18",0.051,18
"8308","3677","CWT+DHE","T23","24",0.144,24
"8309","3677","CWT+DHE","T23","38",0.409,38
"8310","3677","CWT+DHE","T23","46",0.483,46
"8311","3677","CWT+DHE","T23","54",0.479,54
"8312","3677","CWT+DHE","T23","60",0.449,60
"8313","3677","CWT+DHE","T23","67",0.525,67
"8314","3678","CWT+DHE","T23","11",0.065,11
"8315","3678","CWT+DHE","T23","18",0.092,18
"8316","3678","CWT+DHE","T23","24",0.101,24
"8317","3678","CWT+DHE","T23","38",0.478,38
"8318","3679","CWT+DHE","T23","11",0.086,11
"8319","3679","CWT+DHE","T23","18",0.093,18
"8320","3679","CWT+DHE","T23","24",0.107,24
"8321","3679","CWT+DHE","T23","38",0.31,38
"8322","3680","CWT+DHE","T23","11",0.167,11
"8323","3680","CWT+DHE","T23","18",0.284,18
"8324","3680","CWT+DHE","T23","24",0.33,24
"8325","3680","CWT+DHE","T23","38",0.765,38
"8326","3680","CWT+DHE","T23","46",1.34,46
"8327","3680","CWT+DHE","T23","54",1.541,54
"8328","3680","CWT+DHE","T23","60",1.556,60
"8329","3680","CWT+DHE","T23","67",1.555,67
"8330","3682","CWT+DHE","T23","11",0.121,11
"8331","3682","CWT+DHE","T23","18",0.149,18
"8332","3682","CWT+DHE","T23","24",0.201,24
"8333","3682","CWT+DHE","T23","38",0.507,38
"8334","3682","CWT+DHE","T23","46",0.62,46
"8335","3682","CWT+DHE","T23","54",0.534,54
"8336","3682","CWT+DHE","T23","60",0.597,60
"8337","3682","CWT+DHE","T23","67",0.721,67
"8338","3683","CWT+DHE","T23","11",0.133,11
"8339","3683","CWT+DHE","T23","18",0.288,18
"8340","3683","CWT+DHE","T23","24",0.247,24
"8341","3683","CWT+DHE","T23","38",0.593,38
"8342","3683","CWT+DHE","T23","46",0.82,46
"8343","3683","CWT+DHE","T23","54",1.074,54
"8344","3683","CWT+DHE","T23","60",1.112,60
"8345","3683","CWT+DHE","T23","67",1.164,67
"8346","3684","CWT+DHE","T23","11",0.104,11
"8347","3684","CWT+DHE","T23","18",0.157,18
"8348","3684","CWT+DHE","T23","24",0.134,24
"8349","3684","CWT+DHE","T23","38",0.303,38
"8350","3684","CWT+DHE","T23","46",0.443,46
"8351","3684","CWT+DHE","T23","54",0.566,54
"8352","3684","CWT+DHE","T23","60",0.506,60
"8353","3684","CWT+DHE","T23","67",0.721,67
"8354","3685","CWT+DHE","T23","11",0.134,11
"8355","3685","CWT+DHE","T23","18",0.235,18
"8356","3685","CWT+DHE","T23","24",0.329,24
"8357","3685","CWT+DHE","T23","38",0.65,38
"8358","3685","CWT+DHE","T23","46",0.952,46
"8359","3685","CWT+DHE","T23","54",0.976,54
"8360","3685","CWT+DHE","T23","60",1.176,60
"8361","3685","CWT+DHE","T23","67",1.364,67
"8362","3686","CWT+DHE","T23","11",0.109,11
"8363","3686","CWT+DHE","T23","18",0.178,18
"8364","3686","CWT+DHE","T23","24",0.203,24
"8365","3686","CWT+DHE","T23","38",0.456,38
"8366","3686","CWT+DHE","T23","46",0.758,46
"8367","3686","CWT+DHE","T23","54",0.598,54
"8368","3686","CWT+DHE","T23","60",0.399,60
"8369","3686","CWT+DHE","T23","67",0.441,67
"8370","3688","CWT+DHE","T23","11",0.062,11
"8371","3688","CWT+DHE","T23","18",0.05,18
"8372","3688","CWT+DHE","T23","24",0.058,24
"8373","3689","CWT+DHE","T23","11",0.078,11
"8374","3689","CWT+DHE","T23","18",0.138,18
"8375","3689","CWT+DHE","T23","24",0.112,24
"8376","3689","CWT+DHE","T23","38",0.271,38
"8377","3689","CWT+DHE","T23","46",0.516,46
"8378","3689","CWT+DHE","T23","54",0.637,54
"8379","3689","CWT+DHE","T23","60",0.646,60
"8380","3689","CWT+DHE","T23","67",0.773,67
"8381","3690","CWT+DHE","T23","11",0.025,11
"8382","3690","CWT+DHE","T23","18",0.038,18
"8383","3690","CWT+DHE","T23","24",0.061,24
"8384","3690","CWT+DHE","T23","38",0.068,38
"8385","3690","CWT+DHE","T23","46",0.071,46
"8386","3690","CWT+DHE","T23","54",0.037,54
"8387","3690","CWT+DHE","T23","60",0.051,60
"8388","3690","CWT+DHE","T23","67",0.053,67
"8389","3691","CWT+DHE","T23","11",0.085,11
"8390","3691","CWT+DHE","T23","18",0.094,18
"8391","3691","CWT+DHE","T23","24",0.085,24
"8392","3691","CWT+DHE","T23","38",0.308,38
"8393","3691","CWT+DHE","T23","46",0.452,46
"8394","3691","CWT+DHE","T23","54",0.557,54
"8395","3691","CWT+DHE","T23","60",0.719,60
"8396","3691","CWT+DHE","T23","67",1.015,67
"8397","3692","CWT+DHE","T23","11",0.265,11
"8398","3692","CWT+DHE","T23","18",0.24,18
"8399","3692","CWT+DHE","T23","24",0.374,24
"8400","3692","CWT+DHE","T23","38",0.606,38
"8401","3692","CWT+DHE","T23","46",1.094,46
"8402","3692","CWT+DHE","T23","54",1.559,54
"8403","3692","CWT+DHE","T23","60",1.559,60
"8404","3692","CWT+DHE","T23","67",1.612,67
"8405","3693","CWT+DHE","T23","11",0.25,11
"8406","3693","CWT+DHE","T23","18",0.263,18
"8407","3693","CWT+DHE","T23","24",0.391,24
"8408","3693","CWT+DHE","T23","38",0.593,38
"8409","3693","CWT+DHE","T23","46",0.662,46
"8410","3693","CWT+DHE","T23","54",0.845,54
"8411","3693","CWT+DHE","T23","60",1.035,60
"8412","3693","CWT+DHE","T23","67",1.139,67
"8413","3694","CWT+DHE","T23","11",0.052,11
"8414","3694","CWT+DHE","T23","18",0.097,18
"8415","3694","CWT+DHE","T23","24",0.157,24
"8416","3694","CWT+DHE","T23","38",0.196,38
"8417","3695","CWT+DHE","T23","11",0.042,11
"8418","3695","CWT+DHE","T23","18",0.076,18
"8419","3695","CWT+DHE","T23","24",0.142,24
"8420","3695","CWT+DHE","T23","38",0.181,38
"8421","3696","CWT+DHE","T23","11",0.023,11
"8422","3696","CWT+DHE","T23","18",0.033,18
"8423","3696","CWT+DHE","T23","24",0.068,24
"8424","3696","CWT+DHE","T23","38",0.068,38
"8425","3697","CWT+DHE","T23","11",0.122,11
"8426","3697","CWT+DHE","T23","18",0.15,18
"8427","3697","CWT+DHE","T23","24",0.217,24
"8428","3697","CWT+DHE","T23","38",0.821,38
"8429","3697","CWT+DHE","T23","46",1.298,46
"8430","3697","CWT+DHE","T23","54",1.553,54
"8431","3697","CWT+DHE","T23","60",1.725,60
"8432","3697","CWT+DHE","T23","67",1.747,67
"8433","3698","CWT+DHE","T23","11",0.094,11
"8434","3698","CWT+DHE","T23","18",0.136,18
"8435","3698","CWT+DHE","T23","24",0.201,24
"8436","3698","CWT+DHE","T23","38",0.552,38
"8437","3698","CWT+DHE","T23","46",0.718,46
"8438","3698","CWT+DHE","T23","54",0.971,54
"8439","3698","CWT+DHE","T23","60",0.999,60
"8440","3698","CWT+DHE","T23","67",1.003,67
"8441","3699","CWT+DHE","T23","11",0.07,11
"8442","3699","CWT+DHE","T23","18",0.122,18
"8443","3699","CWT+DHE","T23","24",0.149,24
"8444","3699","CWT+DHE","T23","38",0.289,38
"8445","3700","CWT+DHE","T23","11",0.13,11
"8446","3700","CWT+DHE","T23","18",0.175,18
"8447","3700","CWT+DHE","T23","24",0.246,24
"8448","3700","CWT+DHE","T23","38",0.387,38
"8449","3700","CWT+DHE","T23","46",0.787,46
"8450","3700","CWT+DHE","T23","54",0.989,54
"8451","3700","CWT+DHE","T23","60",0.928,60
"8452","3700","CWT+DHE","T23","67",0.97,67
"8453","3704","CWT+DHE","T23","11",0.102,11
"8454","3704","CWT+DHE","T23","18",0.11,18
"8455","3704","CWT+DHE","T23","24",0.113,24
"8456","3709","CWT+DHE","T23","11",0.142,11
"8457","3709","CWT+DHE","T23","18",0.1,18
"8458","3709","CWT+DHE","T23","24",0.102,24
"8459","3709","CWT+DHE","T23","38",0.254,38
"8460","3709","CWT+DHE","T23","46",0.229,46
"8461","3709","CWT+DHE","T23","54",0.317,54
"8462","3709","CWT+DHE","T23","60",0.382,60
"8463","3709","CWT+DHE","T23","67",0.422,67
"8464","3710","CWT+DHE","T23","11",0.047,11
"8465","3710","CWT+DHE","T23","18",0.149,18
"8466","3710","CWT+DHE","T23","24",0.152,24
"8467","3710","CWT+DHE","T23","38",0.354,38
"8468","3710","CWT+DHE","T23","46",0.465,46
"8469","3710","CWT+DHE","T23","54",0.512,54
"8470","3710","CWT+DHE","T23","60",0.654,60
"8471","3710","CWT+DHE","T23","67",0.644,67
"8472","3711","CWT+DHE","T23","11",0.062,11
"8473","3711","CWT+DHE","T23","18",0.083,18
"8474","3711","CWT+DHE","T23","24",0.139,24
"8475","3711","CWT+DHE","T23","38",0.226,38
"8476","3711","CWT+DHE","T23","46",0.307,46
"8477","3711","CWT+DHE","T23","54",0.378,54
"8478","3711","CWT+DHE","T23","60",0.446,60
"8479","3711","CWT+DHE","T23","67",0.538,67
"8480","3712","CWT+DHE","T23","11",0.067,11
"8481","3712","CWT+DHE","T23","18",0.041,18
"8482","3712","CWT+DHE","T23","24",0.049,24
"8483","3712","CWT+DHE","T23","38",0.149,38
"8484","3712","CWT+DHE","T23","46",0.162,46
"8485","3712","CWT+DHE","T23","54",0.21,54
"8486","3712","CWT+DHE","T23","60",0.186,60
"8487","3712","CWT+DHE","T23","67",0.21,67
"8488","3713","CWT+DHE","T23","11",0.061,11
"8489","3713","CWT+DHE","T23","18",0.178,18
"8490","3713","CWT+DHE","T23","24",0.108,24
"8491","3713","CWT+DHE","T23","38",0.24,38
"8492","3713","CWT+DHE","T23","46",0.214,46
"8493","3713","CWT+DHE","T23","54",0.211,54
"8494","3713","CWT+DHE","T23","60",0.219,60
"8495","3713","CWT+DHE","T23","67",0.21,67
"8496","3714","CWT+DHE","T23","11",0.065,11
"8497","3714","CWT+DHE","T23","18",0.098,18
"8498","3714","CWT+DHE","T23","24",0.102,24
"8499","3714","CWT+DHE","T23","38",0.217,38
"8500","3714","CWT+DHE","T23","46",0.248,46
"8501","3714","CWT+DHE","T23","54",0.365,54
"8502","3714","CWT+DHE","T23","60",0.477,60
"8503","3714","CWT+DHE","T23","67",0.556,67
"8504","3715","CWT+DHE","T23","11",0.142,11
"8505","3715","CWT+DHE","T23","18",0.191,18
"8506","3715","CWT+DHE","T23","24",0.353,24
"8507","3715","CWT+DHE","T23","38",0.715,38
"8508","3718","CWT+DHE","T23","11",0.149,11
"8509","3718","CWT+DHE","T23","18",0.184,18
"8510","3718","CWT+DHE","T23","24",0.266,24
"8511","3718","CWT+DHE","T23","38",0.507,38
"8512","3718","CWT+DHE","T23","46",0.66,46
"8513","3718","CWT+DHE","T23","54",0.909,54
"8514","3718","CWT+DHE","T23","60",0.771,60
"8515","3718","CWT+DHE","T23","67",0.889,67
"8516","3719","CWT+DHE","T23","11",0.19,11
"8517","3719","CWT+DHE","T23","18",0.156,18
"8518","3719","CWT+DHE","T23","24",0.23,24
"8519","3719","CWT+DHE","T23","38",0.451,38
"8520","3720","CWT+DHE","T23","11",0.058,11
"8521","3720","CWT+DHE","T23","18",0.121,18
"8522","3720","CWT+DHE","T23","24",0.151,24
"8523","3720","CWT+DHE","T23","38",0.39,38
"8524","3721","CWT+DHE","T23","11",0.078,11
"8525","3721","CWT+DHE","T23","18",0.099,18
"8526","3721","CWT+DHE","T23","24",0.11,24
"8527","3721","CWT+DHE","T23","38",0.346,38
"8528","3722","CWT+DHE","T23","11",0.311,11
"8529","3722","CWT+DHE","T23","18",0.308,18
"8530","3722","CWT+DHE","T23","24",0.432,24
"8531","3722","CWT+DHE","T23","38",1.212,38
"8532","3723","CWT+DHE","T23","11",0.273,11
"8533","3723","CWT+DHE","T23","18",0.275,18
"8534","3723","CWT+DHE","T23","24",0.287,24
"8535","3723","CWT+DHE","T23","38",0.777,38
"8536","3724","CWT+DHE","T23","11",0.171,11
"8537","3724","CWT+DHE","T23","18",0.261,18
"8538","3724","CWT+DHE","T23","24",0.252,24
"8539","3724","CWT+DHE","T23","38",0.497,38
"8540","3726","CWT+DHE","T23","11",0.067,11
"8541","3726","CWT+DHE","T23","18",0.105,18
"8542","3726","CWT+DHE","T23","24",0.129,24
"8543","3726","CWT+DHE","T23","38",0.201,38
"8544","3726","CWT+DHE","T23","46",0.173,46
"8545","3726","CWT+DHE","T23","54",0.338,54
"8546","3726","CWT+DHE","T23","60",0.368,60
"8547","3726","CWT+DHE","T23","67",0.416,67
"8548","3728","CWT+DHE","T23","11",0.183,11
"8549","3728","CWT+DHE","T23","18",0.165,18
"8550","3728","CWT+DHE","T23","24",0.115,24
"8551","3728","CWT+DHE","T23","38",0.227,38
"8552","3728","CWT+DHE","T23","46",0.29,46
"8553","3728","CWT+DHE","T23","54",0.422,54
"8554","3728","CWT+DHE","T23","60",0.393,60
"8555","3728","CWT+DHE","T23","67",0.417,67
"8556","3729","CWT+DHE","T23","11",0.27,11
"8557","3729","CWT+DHE","T23","18",0.236,18
"8558","3729","CWT+DHE","T23","24",0.197,24
"8559","3729","CWT+DHE","T23","38",0.422,38
"8560","3729","CWT+DHE","T23","46",0.442,46
"8561","3729","CWT+DHE","T23","54",0.717,54
"8562","3729","CWT+DHE","T23","60",0.715,60
"8563","3729","CWT+DHE","T23","67",0.838,67
"8564","3730","CWT+DHE","T23","11",0.077,11
"8565","3730","CWT+DHE","T23","18",0.105,18
"8566","3730","CWT+DHE","T23","24",0.111,24
"8567","3730","CWT+DHE","T23","38",0.185,38
"8568","3730","CWT+DHE","T23","46",0.121,46
"8569","3730","CWT+DHE","T23","54",0.201,54
"8570","3730","CWT+DHE","T23","60",0.256,60
"8571","3730","CWT+DHE","T23","67",0.203,67
"8572","3731","CWT+DHE","T23","11",0.106,11
"8573","3731","CWT+DHE","T23","18",0.156,18
"8574","3731","CWT+DHE","T23","24",0.183,24
"8575","3731","CWT+DHE","T23","38",0.26,38
"8576","3731","CWT+DHE","T23","46",0.236,46
"8577","3731","CWT+DHE","T23","54",0.365,54
"8578","3731","CWT+DHE","T23","60",0.267,60
"8579","3731","CWT+DHE","T23","67",0.412,67
"8580","3732","CWT+DHE","T23","11",0.074,11
"8581","3732","CWT+DHE","T23","18",0.122,18
"8582","3732","CWT+DHE","T23","24",0.121,24
"8583","3732","CWT+DHE","T23","38",0.159,38
"8584","3732","CWT+DHE","T23","46",0.179,46
"8585","3732","CWT+DHE","T23","54",0.263,54
"8586","3732","CWT+DHE","T23","60",0.288,60
"8587","3732","CWT+DHE","T23","67",0.285,67
"8588","3733","CWT+DHE","T23","11",0.039,11
"8589","3733","CWT+DHE","T23","18",0.05,18
"8590","3733","CWT+DHE","T23","24",0.064,24
"8591","3733","CWT+DHE","T23","38",0.155,38
"8592","3734","CWT+DHE","T23","11",0.082,11
"8593","3734","CWT+DHE","T23","18",0.149,18
"8594","3734","CWT+DHE","T23","24",0.142,24
"8595","3734","CWT+DHE","T23","38",0.277,38
"8596","3737","CWT+DHE","T23","11",0.104,11
"8597","3737","CWT+DHE","T23","18",0.137,18
"8598","3737","CWT+DHE","T23","24",0.132,24
"8599","3737","CWT+DHE","T23","38",0.191,38
"8600","3737","CWT+DHE","T23","46",0.188,46
"8601","3737","CWT+DHE","T23","54",0.293,54
"8602","3737","CWT+DHE","T23","60",0.362,60
"8603","3737","CWT+DHE","T23","67",0.401,67
"8604","3738","CWT+DHE","T23","11",0.198,11
"8605","3738","CWT+DHE","T23","18",0.246,18
"8606","3738","CWT+DHE","T23","24",0.333,24
"8607","3738","CWT+DHE","T23","38",0.632,38
"8608","3738","CWT+DHE","T23","46",0.707,46
"8609","3738","CWT+DHE","T23","54",1.054,54
"8610","3738","CWT+DHE","T23","60",1.241,60
"8611","3738","CWT+DHE","T23","67",1.521,67
"8612","3739","CWT+DHE","T23","11",0.154,11
"8613","3739","CWT+DHE","T23","18",0.198,18
"8614","3739","CWT+DHE","T23","24",0.246,24
"8615","3739","CWT+DHE","T23","38",0.512,38
"8616","3740","CWT+DHE","T23","11",0.114,11
"8617","3740","CWT+DHE","T23","18",0.153,18
"8618","3740","CWT+DHE","T23","24",0.134,24
"8619","3740","CWT+DHE","T23","38",0.34,38
"8620","3741","CWT+DHE","T23","11",0.094,11
"8621","3741","CWT+DHE","T23","18",0.159,18
"8622","3741","CWT+DHE","T23","24",0.209,24
"8623","3741","CWT+DHE","T23","38",0.419,38
"8624","3742","CWT+DHE","T23","11",0.049,11
"8625","3742","CWT+DHE","T23","18",0.104,18
"8626","3742","CWT+DHE","T23","24",0.119,24
"8627","3742","CWT+DHE","T23","38",0.25,38
"8628","3745","CWT+DHE","T23","11",0.077,11
"8629","3745","CWT+DHE","T23","18",0.128,18
"8630","3745","CWT+DHE","T23","24",0.135,24
"8631","3745","CWT+DHE","T23","38",0.356,38
"8632","3745","CWT+DHE","T23","46",0.436,46
"8633","3745","CWT+DHE","T23","54",0.464,54
"8634","3745","CWT+DHE","T23","60",0.501,60
"8635","3745","CWT+DHE","T23","67",0.525,67
"8636","3746","CWT+DHE","T23","11",0.202,11
"8637","3746","CWT+DHE","T23","18",0.272,18
"8638","3746","CWT+DHE","T23","24",0.268,24
"8639","3746","CWT+DHE","T23","38",0.788,38
"8640","3746","CWT+DHE","T23","46",1.046,46
"8641","3746","CWT+DHE","T23","54",1.284,54
"8642","3746","CWT+DHE","T23","60",1.322,60
"8643","3746","CWT+DHE","T23","67",1.327,67
"8644","3747","CWT+DHE","T23","11",0.058,11
"8645","3747","CWT+DHE","T23","18",0.053,18
"8646","3747","CWT+DHE","T23","24",0.096,24
"8647","3747","CWT+DHE","T23","38",0.123,38
"8648","3750","CWT+DHE","T23","11",0.18,11
"8649","3750","CWT+DHE","T23","18",0.206,18
"8650","3750","CWT+DHE","T23","24",0.291,24
"8651","3750","CWT+DHE","T23","38",0.511,38
"8652","3750","CWT+DHE","T23","46",0.81,46
"8653","3750","CWT+DHE","T23","54",1.082,54
"8654","3750","CWT+DHE","T23","60",1.107,60
"8655","3750","CWT+DHE","T23","67",1.037,67
"8656","3751","CWT+DHE","T23","11",0.178,11
"8657","3751","CWT+DHE","T23","18",0.199,18
"8658","3751","CWT+DHE","T23","24",0.195,24
"8659","3752","CWT+DHE","T23","11",0.161,11
"8660","3752","CWT+DHE","T23","18",0.186,18
"8661","3752","CWT+DHE","T23","24",0.308,24
"8662","3752","CWT+DHE","T23","38",0.687,38
"8663","3752","CWT+DHE","T23","46",0.848,46
"8664","3752","CWT+DHE","T23","54",1.038,54
"8665","3752","CWT+DHE","T23","60",1.207,60
"8666","3752","CWT+DHE","T23","67",1.248,67
"8667","3753","CWT+DHE","T23","11",0.105,11
"8668","3753","CWT+DHE","T23","18",0.125,18
"8669","3753","CWT+DHE","T23","24",0.131,24
"8670","3753","CWT+DHE","T23","38",0.472,38
"8671","3753","CWT+DHE","T23","46",0.598,46
"8672","3753","CWT+DHE","T23","54",0.825,54
"8673","3753","CWT+DHE","T23","60",0.728,60
"8674","3753","CWT+DHE","T23","67",0.728,67
"8675","3756","CWT+DHE","T23","11",0.17,11
"8676","3756","CWT+DHE","T23","18",0.286,18
"8677","3756","CWT+DHE","T23","24",0.401,24
"8678","3756","CWT+DHE","T23","38",0.683,38
"8679","3756","CWT+DHE","T23","46",1.046,46
"8680","3756","CWT+DHE","T23","54",1.43,54
"8681","3756","CWT+DHE","T23","60",1.542,60
"8682","3756","CWT+DHE","T23","67",1.575,67
"8683","3757","CWT+DHE","T23","11",0.117,11
"8684","3757","CWT+DHE","T23","18",0.228,18
"8685","3757","CWT+DHE","T23","24",0.37,24
"8686","3757","CWT+DHE","T23","38",0.905,38
"8687","3757","CWT+DHE","T23","46",1.102,46
"8688","3757","CWT+DHE","T23","54",1.576,54
"8689","3757","CWT+DHE","T23","60",1.933,60
"8690","3757","CWT+DHE","T23","67",2.066,67
"8691","3758","CWT+DHE","T23","11",0.078,11
"8692","3758","CWT+DHE","T23","18",0.131,18
"8693","3758","CWT+DHE","T23","24",0.135,24
"8694","3758","CWT+DHE","T23","38",0.238,38
"8695","3758","CWT+DHE","T23","46",0.309,46
"8696","3758","CWT+DHE","T23","54",0.363,54
"8697","3758","CWT+DHE","T23","60",0.37,60
"8698","3758","CWT+DHE","T23","67",0.439,67
"8699","3759","CWT+DHE","T23","11",0.148,11
"8700","3759","CWT+DHE","T23","18",0.181,18
"8701","3759","CWT+DHE","T23","24",0.291,24
"8702","3759","CWT+DHE","T23","38",0.71,38
"8703","3762","CWT+DHE","T23","11",0.248,11
"8704","3762","CWT+DHE","T23","18",0.18,18
"8705","3762","CWT+DHE","T23","24",0.141,24
"8706","3762","CWT+DHE","T23","38",0.266,38
"8707","3763","CWT+DHE","T23","11",0.157,11
"8708","3763","CWT+DHE","T23","18",0.208,18
"8709","3763","CWT+DHE","T23","24",0.243,24
"8710","3763","CWT+DHE","T23","38",0.577,38
"8711","3764","CWT+DHE","T23","11",0.188,11
"8712","3764","CWT+DHE","T23","18",0.265,18
"8713","3764","CWT+DHE","T23","24",0.446,24
"8714","3764","CWT+DHE","T23","38",0.746,38
"8715","3765","CWT+DHE","T23","11",0.086,11
"8716","3765","CWT+DHE","T23","18",0.176,18
"8717","3765","CWT+DHE","T23","24",0.209,24
"8718","3765","CWT+DHE","T23","38",0.447,38
"8719","3765","CWT+DHE","T23","46",0.389,46
"8720","3765","CWT+DHE","T23","54",0.545,54
"8721","3765","CWT+DHE","T23","60",0.85,60
"8722","3765","CWT+DHE","T23","67",0.926,67
"8723","3766","CWT+DHE","T23","11",0.086,11
"8724","3766","CWT+DHE","T23","18",0.104,18
"8725","3766","CWT+DHE","T23","24",0.157,24
"8726","3766","CWT+DHE","T23","38",0.381,38
"8727","3767","CWT+DHE","T23","11",0.062,11
"8728","3767","CWT+DHE","T23","18",0.1,18
"8729","3767","CWT+DHE","T23","24",0.131,24
"8730","3767","CWT+DHE","T23","38",0.265,38
"8731","3768","CWT+DHE","T23","11",0.117,11
"8732","3768","CWT+DHE","T23","18",0.157,18
"8733","3768","CWT+DHE","T23","24",0.178,24
"8734","3768","CWT+DHE","T23","38",0.551,38
"8735","3769","CWT+DHE","T23","11",0.149,11
"8736","3769","CWT+DHE","T23","18",0.075,18
"8737","3769","CWT+DHE","T23","24",0.106,24
"8738","3769","CWT+DHE","T23","38",0.319,38
"8739","3770","CWT+DHE","T23","11",0.174,11
"8740","3770","CWT+DHE","T23","18",0.245,18
"8741","3770","CWT+DHE","T23","24",0.341,24
"8742","3770","CWT+DHE","T23","38",0.95,38
"8743","3771","CWT+DHE","T23","11",0.1,11
"8744","3771","CWT+DHE","T23","18",0.189,18
"8745","3771","CWT+DHE","T23","24",0.252,24
"8746","3771","CWT+DHE","T23","38",0.629,38
"8747","3772","CWT+DHE","T23","11",0.102,11
"8748","3772","CWT+DHE","T23","18",0.121,18
"8749","3772","CWT+DHE","T23","24",0.124,24
"8750","3772","CWT+DHE","T23","38",0.219,38
"8751","3772","CWT+DHE","T23","46",0.186,46
"8752","3772","CWT+DHE","T23","54",0.295,54
"8753","3772","CWT+DHE","T23","60",0.277,60
"8754","3772","CWT+DHE","T23","67",0.304,67
"8755","3773","CWT+DHE","T23","11",0.136,11
"8756","3773","CWT+DHE","T23","18",0.205,18
"8757","3773","CWT+DHE","T23","24",0.47,24
"8758","3773","CWT+DHE","T23","38",0.771,38
"8759","3774","CWT+DHE","T23","11",0.113,11
"8760","3774","CWT+DHE","T23","18",0.164,18
"8761","3774","CWT+DHE","T23","24",0.283,24
"8762","3774","CWT+DHE","T23","38",0.445,38
"8763","3775","CWT+DHE","T23","11",0.168,11
"8764","3775","CWT+DHE","T23","18",0.136,18
"8765","3775","CWT+DHE","T23","24",0.171,24
"8766","3775","CWT+DHE","T23","38",0.356,38
"8767","3776","CWT+DHE","T23","11",0.117,11
"8768","3776","CWT+DHE","T23","18",0.118,18
"8769","3776","CWT+DHE","T23","24",0.16,24
"8770","3776","CWT+DHE","T23","38",0.351,38
"8771","3778","CWT+DHE","T23","11",0.194,11
"8772","3778","CWT+DHE","T23","18",0.082,18
"8773","3779","CWT+DHE","T23","11",0.166,11
"8774","3779","CWT+DHE","T23","18",0.189,18
"8775","3779","CWT+DHE","T23","24",0.271,24
"8776","3779","CWT+DHE","T23","38",0.518,38
"8777","3780","CWT+DHE","T23","11",0.24,11
"8778","3780","CWT+DHE","T23","18",0.321,18
"8779","3780","CWT+DHE","T23","24",0.393,24
"8780","3780","CWT+DHE","T23","38",0.942,38
"8781","3780","CWT+DHE","T23","46",0.699,46
"8782","3780","CWT+DHE","T23","54",1.015,54
"8783","3780","CWT+DHE","T23","60",1.266,60
"8784","3780","CWT+DHE","T23","67",1.208,67
"8785","3781","CWT+DHE","T23","11",0.16,11
"8786","3781","CWT+DHE","T23","18",0.194,18
"8787","3781","CWT+DHE","T23","24",0.272,24
"8788","3781","CWT+DHE","T23","38",0.549,38
"8789","3782","CWT+DHE","T23","11",0.086,11
"8790","3782","CWT+DHE","T23","18",0.223,18
"8791","3782","CWT+DHE","T23","24",0.149,24
"8792","3782","CWT+DHE","T23","38",0.333,38
"8793","3785","CWT+DHE","T23","11",0.106,11
"8794","3785","CWT+DHE","T23","18",0.167,18
"8795","3785","CWT+DHE","T23","24",0.178,24
"8796","3785","CWT+DHE","T23","38",0.497,38
"8797","3787","CWT+DHE","T23","11",0.223,11
"8798","3787","CWT+DHE","T23","18",0.259,18
"8799","3787","CWT+DHE","T23","24",0.372,24
"8800","3787","CWT+DHE","T23","38",0.675,38
"8801","3787","CWT+DHE","T23","46",0.977,46
"8802","3787","CWT+DHE","T23","54",1.866,54
"8803","3787","CWT+DHE","T23","60",1.96,60
"8804","3787","CWT+DHE","T23","67",2.007,67
"8805","3789","CWT+DHE","T23","11",0.225,11
"8806","3789","CWT+DHE","T23","18",0.177,18
"8807","3789","CWT+DHE","T23","24",0.258,24
"8808","3789","CWT+DHE","T23","38",0.539,38
"8809","3789","CWT+DHE","T23","46",0.625,46
"8810","3789","CWT+DHE","T23","54",1.13,54
"8811","3789","CWT+DHE","T23","60",1.359,60
"8812","3789","CWT+DHE","T23","67",1.488,67
"8813","3790","CWT+DHE","T23","11",0.163,11
"8814","3790","CWT+DHE","T23","18",0.211,18
"8815","3790","CWT+DHE","T23","24",0.292,24
"8816","3790","CWT+DHE","T23","38",1.099,38
"8817","3790","CWT+DHE","T23","46",0.572,46
"8818","3790","CWT+DHE","T23","54",1.357,54
"8819","3790","CWT+DHE","T23","60",1.355,60
"8820","3790","CWT+DHE","T23","67",1.336,67
"8821","3791","CWT+DHE","T23","11",0.23,11
"8822","3791","CWT+DHE","T23","18",0.399,18
"8823","3791","CWT+DHE","T23","24",0.444,24
"8824","3791","CWT+DHE","T23","38",1.073,38
"8825","3793","CWT+DHE","T23","11",0.15,11
"8826","3793","CWT+DHE","T23","18",0.278,18
"8827","3793","CWT+DHE","T23","24",0.247,24
"8828","3793","CWT+DHE","T23","38",0.524,38
"8829","3794","CWT+DHE","T23","11",0.111,11
"8830","3794","CWT+DHE","T23","18",0.085,18
"8831","3794","CWT+DHE","T23","24",0.063,24
"8832","3795","CWT+DHE","T23","11",0.05,11
"8833","3795","CWT+DHE","T23","18",0.061,18
"8834","3795","CWT+DHE","T23","24",0.081,24
"8835","3795","CWT+DHE","T23","38",0.123,38
"8836","3796","CWT+DHE","T23","11",0.203,11
"8837","3796","CWT+DHE","T23","18",0.176,18
"8838","3796","CWT+DHE","T23","24",0.192,24
"8839","3796","CWT+DHE","T23","38",0.381,38
"8840","3799","CWT+DHE","T23","11",0.216,11
"8841","3799","CWT+DHE","T23","18",0.236,18
"8842","3799","CWT+DHE","T23","24",0.373,24
"8843","3799","CWT+DHE","T23","38",0.81,38
"8844","3799","CWT+DHE","T23","46",0.568,46
"8845","3799","CWT+DHE","T23","54",0.956,54
"8846","3799","CWT+DHE","T23","60",1.028,60
"8847","3799","CWT+DHE","T23","67",1.395,67
"8848","3801","CWT+DHE","T23","11",0.095,11
"8849","3801","CWT+DHE","T23","18",0.161,18
"8850","3801","CWT+DHE","T23","24",0.126,24
"8851","3801","CWT+DHE","T23","38",0.313,38
"8852","3805","CWT+DHE","T23","11",0.147,11
"8853","3805","CWT+DHE","T23","18",0.124,18
"8854","3805","CWT+DHE","T23","24",0.146,24
"8855","3806","CWT+DHE","T23","11",0.064,11
"8856","3806","CWT+DHE","T23","18",0.1,18
"8857","3806","CWT+DHE","T23","24",0.099,24
"8858","3806","CWT+DHE","T23","38",0.191,38
"8859","3806","CWT+DHE","T23","46",0.235,46
"8860","3806","CWT+DHE","T23","54",0.318,54
"8861","3806","CWT+DHE","T23","60",0.492,60
"8862","3806","CWT+DHE","T23","67",0.419,67
"8863","3807","CWT+DHE","T23","11",0.191,11
"8864","3807","CWT+DHE","T23","18",0.225,18
"8865","3807","CWT+DHE","T23","24",0.272,24
"8866","3807","CWT+DHE","T23","38",0.492,38
"8867","3808","CWT+DHE","T23","11",0.194,11
"8868","3808","CWT+DHE","T23","18",0.272,18
"8869","3808","CWT+DHE","T23","24",0.329,24
"8870","3808","CWT+DHE","T23","38",0.496,38
"8871","3808","CWT+DHE","T23","46",0.569,46
"8872","3808","CWT+DHE","T23","54",1.048,54
"8873","3808","CWT+DHE","T23","60",0.946,60
"8874","3808","CWT+DHE","T23","67",0.829,67
"8875","3809","CWT+DHE","T23","11",0.169,11
"8876","3809","CWT+DHE","T23","18",0.178,18
"8877","3809","CWT+DHE","T23","24",0.205,24
"8878","3809","CWT+DHE","T23","38",0.405,38
"8879","3809","CWT+DHE","T23","46",0.559,46
"8880","3809","CWT+DHE","T23","54",0.864,54
"8881","3809","CWT+DHE","T23","60",0.992,60
"8882","3809","CWT+DHE","T23","67",0.842,67
"8883","3810","CWT+DHE","T23","11",0.235,11
"8884","3810","CWT+DHE","T23","18",0.325,18
"8885","3810","CWT+DHE","T23","24",0.45,24
"8886","3810","CWT+DHE","T23","38",0.897,38
"8887","3810","CWT+DHE","T23","46",0.643,46
"8888","3810","CWT+DHE","T23","54",1.098,54
"8889","3810","CWT+DHE","T23","60",1.104,60
"8890","3810","CWT+DHE","T23","67",1.163,67
"8891","3811","CWT+DHE","T23","11",0.232,11
"8892","3811","CWT+DHE","T23","18",0.26,18
"8893","3811","CWT+DHE","T23","24",0.333,24
"8894","3812","CWT+DHE","T23","11",0.164,11
"8895","3812","CWT+DHE","T23","18",0.174,18
"8896","3812","CWT+DHE","T23","24",0.322,24
"8897","3815","CWT+DHE","T23","11",0.18,11
"8898","3815","CWT+DHE","T23","18",0.191,18
"8899","3815","CWT+DHE","T23","24",0.281,24
"8900","3815","CWT+DHE","T23","38",0.832,38
"8901","3815","CWT+DHE","T23","46",1.537,46
"8902","3815","CWT+DHE","T23","54",1.577,54
"8903","3815","CWT+DHE","T23","60",1.453,60
"8904","3815","CWT+DHE","T23","67",1.337,67
"8905","3816","CWT+DHE","T23","11",0.108,11
"8906","3816","CWT+DHE","T23","18",0.086,18
"8907","3816","CWT+DHE","T23","24",0.1,24
"8908","3816","CWT+DHE","T23","38",0.259,38
"8909","3816","CWT+DHE","T23","46",0.282,46
"8910","3816","CWT+DHE","T23","54",0.362,54
"8911","3816","CWT+DHE","T23","60",0.42,60
"8912","3816","CWT+DHE","T23","67",0.451,67
"8913","3817","CWT+DHE","T23","11",0.108,11
"8914","3817","CWT+DHE","T23","18",0.155,18
"8915","3817","CWT+DHE","T23","24",0.131,24
"8916","3817","CWT+DHE","T23","38",0.314,38
"8917","3817","CWT+DHE","T23","46",0.433,46
"8918","3817","CWT+DHE","T23","54",0.679,54
"8919","3817","CWT+DHE","T23","60",0.533,60
"8920","3817","CWT+DHE","T23","67",0.78,67
"8921","3819","CWT+DHE","T23","11",0.16,11
"8922","3819","CWT+DHE","T23","18",0.232,18
"8923","3819","CWT+DHE","T23","24",0.457,24
"8924","3819","CWT+DHE","T23","38",0.91,38
"8925","3819","CWT+DHE","T23","46",1.752,46
"8926","3819","CWT+DHE","T23","54",1.868,54
"8927","3819","CWT+DHE","T23","60",1.735,60
"8928","3819","CWT+DHE","T23","67",1.822,67
"8929","3834","CWT+DHE","T23","11",0.185,11
"8930","3834","CWT+DHE","T23","18",0.231,18
"8931","3834","CWT+DHE","T23","24",0.48,24
"8932","3834","CWT+DHE","T23","38",0.648,38
"8933","3834","CWT+DHE","T23","46",1.077,46
"8934","3834","CWT+DHE","T23","54",1.711,54
"8935","3834","CWT+DHE","T23","60",1.883,60
"8936","3834","CWT+DHE","T23","67",2.089,67
"8937","3835","CWT+DHE","T23","11",0.167,11
"8938","3835","CWT+DHE","T23","18",0.238,18
"8939","3835","CWT+DHE","T23","24",0.344,24
"8940","3835","CWT+DHE","T23","38",0.924,38
"8941","3835","CWT+DHE","T23","46",1.561,46
"8942","3835","CWT+DHE","T23","54",1.403,54
"8943","3835","CWT+DHE","T23","60",1.686,60
"8944","3835","CWT+DHE","T23","67",1.742,67
"8945","3840","CWT+DHE","T23","11",0.226,11
"8946","3840","CWT+DHE","T23","18",0.255,18
"8947","3840","CWT+DHE","T23","24",0.388,24
"8948","3840","CWT+DHE","T23","38",0.688,38
"8949","3840","CWT+DHE","T23","46",1.054,46
"8950","3840","CWT+DHE","T23","54",1.442,54
"8951","3840","CWT+DHE","T23","60",1.257,60
"8952","3840","CWT+DHE","T23","67",1.269,67
"8953","3843","CWT+DHE","T23","11",0.225,11
"8954","3843","CWT+DHE","T23","18",0.235,18
"8955","3843","CWT+DHE","T23","24",0.483,24
"8956","3843","CWT+DHE","T23","38",0.687,38
"8957","3843","CWT+DHE","T23","46",0.69,46
"8958","3843","CWT+DHE","T23","54",0.979,54
"8959","3843","CWT+DHE","T23","60",1.336,60
"8960","3843","CWT+DHE","T23","67",0.998,67
"8961","3850","CWT+DHE","T23","11",0.198,11
"8962","3850","CWT+DHE","T23","18",0.257,18
"8963","3850","CWT+DHE","T23","24",0.343,24
"8964","3850","CWT+DHE","T23","38",0.727,38
"8965","3853","CWT+DHE","T23","11",0.138,11
"8966","3853","CWT+DHE","T23","18",0.253,18
"8967","3853","CWT+DHE","T23","24",0.302,24
"8968","3853","CWT+DHE","T23","38",0.53,38
"8969","3854","CWT+DHE","T23","11",0.216,11
"8970","3854","CWT+DHE","T23","18",0.276,18
"8971","3854","CWT+DHE","T23","24",0.464,24
"8972","3854","CWT+DHE","T23","38",0.625,38
"8973","3854","CWT+DHE","T23","46",0.788,46
"8974","3854","CWT+DHE","T23","54",1.216,54
"8975","3854","CWT+DHE","T23","60",1.367,60
"8976","3854","CWT+DHE","T23","67",1.481,67
"8977","3855","CWT+DHE","T23","11",0.219,11
"8978","3855","CWT+DHE","T23","18",0.124,18
"8979","3855","CWT+DHE","T23","24",0.098,24
"8980","3855","CWT+DHE","T23","38",0.19,38
"8981","3855","CWT+DHE","T23","46",0.199,46
"8982","3855","CWT+DHE","T23","54",0.205,54
"8983","3855","CWT+DHE","T23","60",0.218,60
"8984","3855","CWT+DHE","T23","67",0.225,67
"8985","3856","CWT+DHE","T23","11",0.203,11
"8986","3856","CWT+DHE","T23","18",0.175,18
"8987","3856","CWT+DHE","T23","24",0.235,24
"8988","3856","CWT+DHE","T23","38",0.487,38
"8989","3856","CWT+DHE","T23","46",0.613,46
"8990","3856","CWT+DHE","T23","54",0.737,54
"8991","3856","CWT+DHE","T23","60",1.291,60
"8992","3856","CWT+DHE","T23","67",1.278,67
"8993","3857","CWT+DHE","T23","11",0.234,11
"8994","3857","CWT+DHE","T23","18",0.139,18
"8995","3857","CWT+DHE","T23","24",0.123,24
"8996","3857","CWT+DHE","T23","38",0.14,38
"8997","3857","CWT+DHE","T23","46",0.25,46
"8998","3857","CWT+DHE","T23","54",0.282,54
"8999","3857","CWT+DHE","T23","60",0.492,60
"9000","3857","CWT+DHE","T23","67",0.534,67
"9001","3858","CWT+DHE","T23","11",0.326,11
"9002","3858","CWT+DHE","T23","18",0.375,18
"9003","3858","CWT+DHE","T23","24",0.345,24
"9004","3858","CWT+DHE","T23","38",0.498,38
"9005","3858","CWT+DHE","T23","46",0.659,46
"9006","3858","CWT+DHE","T23","54",0.763,54
"9007","3858","CWT+DHE","T23","60",0.839,60
"9008","3858","CWT+DHE","T23","67",0.924,67
"9009","3859","CWT+DHE","T23","11",0.264,11
"9010","3859","CWT+DHE","T23","18",0.379,18
"9011","3859","CWT+DHE","T23","24",0.489,24
"9012","3859","CWT+DHE","T23","38",1.142,38
"9013","3859","CWT+DHE","T23","54",1.879,54
"9014","3859","CWT+DHE","T23","60",1.943,60
"9015","3862","CWT+DHE","T23","11",0.067,11
"9016","3862","CWT+DHE","T23","18",0.215,18
"9017","3862","CWT+DHE","T23","24",0.264,24
"9018","3862","CWT+DHE","T23","38",0.652,38
"9019","3862","CWT+DHE","T23","46",0.814,46
"9020","3862","CWT+DHE","T23","54",0.971,54
"9021","3862","CWT+DHE","T23","60",0.987,60
"9022","3862","CWT+DHE","T23","67",0.952,67
"9023","3863","CWT+DHE","T23","11",0.167,11
"9024","3863","CWT+DHE","T23","18",0.255,18
"9025","3863","CWT+DHE","T23","24",0.378,24
"9026","3863","CWT+DHE","T23","38",0.82,38
"9027","3863","CWT+DHE","T23","46",1.08,46
"9028","3863","CWT+DHE","T23","54",1.521,54
"9029","3863","CWT+DHE","T23","60",1.116,60
"9030","3863","CWT+DHE","T23","67",1.153,67
"9031","3864","CWT+DHE","T23","11",0.118,11
"9032","3864","CWT+DHE","T23","18",0.125,18
"9033","3864","CWT+DHE","T23","24",0.16,24
"9034","3864","CWT+DHE","T23","38",0.289,38
"9035","3865","CWT+DHE","T23","11",0.148,11
"9036","3865","CWT+DHE","T23","18",0.112,18
"9037","3865","CWT+DHE","T23","24",0.15,24
"9038","3865","CWT+DHE","T23","38",0.129,38
"9039","3865","CWT+DHE","T23","46",0.235,46
"9040","3865","CWT+DHE","T23","54",0.233,54
"9041","3865","CWT+DHE","T23","60",0.185,60
"9042","3865","CWT+DHE","T23","67",0.173,67
"9043","3866","CWT+DHE","T23","11",0.135,11
"9044","3866","CWT+DHE","T23","18",0.303,18
"9045","3866","CWT+DHE","T23","24",0.503,24
"9046","3866","CWT+DHE","T23","38",0.691,38
"9047","3866","CWT+DHE","T23","46",0.862,46
"9048","3866","CWT+DHE","T23","54",1.016,54
"9049","3866","CWT+DHE","T23","60",0.939,60
"9050","3866","CWT+DHE","T23","67",0.858,67
"9051","3868","CWT+DHE","T23","11",0.107,11
"9052","3868","CWT+DHE","T23","18",0.156,18
"9053","3868","CWT+DHE","T23","24",0.11,24
"9054","3869","CWT+DHE","T23","11",0.082,11
"9055","3869","CWT+DHE","T23","18",0.04,18
"9056","3869","CWT+DHE","T23","24",0.053,24
"9057","3869","CWT+DHE","T23","38",0.21,38
"9058","3873","CWT+DHE","T23","11",0.221,11
"9059","3876","CWT+DHE","T23","11",0.104,11
"9060","3877","CWT+DHE","T23","11",0.127,11
"9061","3878","CWT+DHE","T23","11",0.115,11
"9062","3880","CWT+DHE","T23","11",0.09,11
"9063","3881","CWT+DHE","T23","11",0.135,11
"9064","3882","CWT+DHE","T23","11",0.119,11
"9065","3883","CWT+DHE","T23","11",0.148,11
"9066","3884","CWT+DHE","T23","11",0.16,11
"9067","3886","CWT+DHE","T23","11",0.068,11
"9068","3887","CWT+DHE","T23","11",0.096,11
"9069","3888","CWT+DHE","T23","11",0.116,11
"9070","3891","CWT+DHE","T23","11",0.171,11
"9071","3892","CWT+DHE","T23","11",0.059,11
"9072","3893","CWT+DHE","T23","11",0.096,11
"9073","3894","CWT+DHE","T23","11",0.084,11
"9074","3895","CWT+DHE","T23","11",0.179,11
"9075","3896","CHE","T30","11",0.126,11
"9076","3896","CHE","T30","18",0.164,18
"9077","3896","CHE","T30","24",0.22,24
"9078","3896","CHE","T30","38",0.232,38
"9079","3896","CHE","T30","46",0.367,46
"9080","3896","CHE","T30","54",0.607,54
"9081","3896","CHE","T30","60",0.728,60
"9082","3896","CHE","T30","67",0.783,67
"9083","3897","CHE","T30","11",0.136,11
"9084","3897","CHE","T30","18",0.145,18
"9085","3897","CHE","T30","24",0.116,24
"9086","3898","CHE","T30","11",0.128,11
"9087","3898","CHE","T30","18",0.103,18
"9088","3899","CHE","T30","11",0.209,11
"9089","3899","CHE","T30","18",0.167,18
"9090","3902","CHE","T30","11",0.11,11
"9091","3902","CHE","T30","18",0.194,18
"9092","3903","CHE","T30","11",0.175,11
"9093","3903","CHE","T30","18",0.232,18
"9094","3903","CHE","T30","24",0.251,24
"9095","3903","CHE","T30","38",0.269,38
"9096","3903","CHE","T30","46",0.442,46
"9097","3903","CHE","T30","54",0.669,54
"9098","3903","CHE","T30","60",0.87,60
"9099","3903","CHE","T30","67",1.393,67
"9100","3904","CHE","T30","11",0.11,11
"9101","3904","CHE","T30","18",0.145,18
"9102","3904","CHE","T30","24",0.098,24
"9103","3904","CHE","T30","38",0.12,38
"9104","3904","CHE","T30","46",0.162,46
"9105","3904","CHE","T30","54",0.263,54
"9106","3904","CHE","T30","60",0.183,60
"9107","3904","CHE","T30","67",0.213,67
"9108","3905","CHE","T30","11",0.134,11
"9109","3905","CHE","T30","18",0.102,18
"9110","3905","CHE","T30","24",0.096,24
"9111","3906","CHE","T30","11",0.097,11
"9112","3906","CHE","T30","18",0.08,18
"9113","3906","CHE","T30","24",0.057,24
"9114","3909","CHE","T30","11",0.17,11
"9115","3909","CHE","T30","18",0.132,18
"9116","3909","CHE","T30","24",0.081,24
"9117","3911","CHE","T30","11",0.097,11
"9118","3911","CHE","T30","18",0.103,18
"9119","3911","CHE","T30","24",0.069,24
"9120","3912","CHE","T30","11",0.119,11
"9121","3912","CHE","T30","18",0.08,18
"9122","3912","CHE","T30","24",0.072,24
"9123","3912","CHE","T30","38",0.088,38
"9124","3912","CHE","T30","46",0.12,46
"9125","3912","CHE","T30","54",0.143,54
"9126","3912","CHE","T30","60",0.124,60
"9127","3912","CHE","T30","67",0.122,67
"9128","3913","CHE","T30","11",0.118,11
"9129","3913","CHE","T30","18",0.124,18
"9130","3913","CHE","T30","24",0.152,24
"9131","3915","CHE","T30","11",0.103,11
"9132","3915","CHE","T30","18",0.173,18
"9133","3915","CHE","T30","24",0.117,24
"9134","3915","CHE","T30","38",0.213,38
"9135","3915","CHE","T30","46",0.403,46
"9136","3915","CHE","T30","54",0.789,54
"9137","3915","CHE","T30","60",1.044,60
"9138","3915","CHE","T30","67",1.084,67
"9139","3916","CHE","T30","11",0.096,11
"9140","3916","CHE","T30","18",0.119,18
"9141","3916","CHE","T30","24",0.145,24
"9142","3917","CHE","T30","11",0.138,11
"9143","3917","CHE","T30","18",0.168,18
"9144","3917","CHE","T30","24",0.234,24
"9145","3917","CHE","T30","38",0.342,38
"9146","3917","CHE","T30","46",0.475,46
"9147","3917","CHE","T30","54",0.587,54
"9148","3917","CHE","T30","60",0.713,60
"9149","3917","CHE","T30","67",0.844,67
"9150","3918","CHE","T30","11",0.116,11
"9151","3918","CHE","T30","18",0.135,18
"9152","3918","CHE","T30","24",0.167,24
"9153","3920","CHE","T30","11",0.11,11
"9154","3920","CHE","T30","18",0.139,18
"9155","3920","CHE","T30","24",0.142,24
"9156","3920","CHE","T30","38",0.166,38
"9157","3920","CHE","T30","46",0.332,46
"9158","3920","CHE","T30","54",0.514,54
"9159","3920","CHE","T30","60",0.794,60
"9160","3920","CHE","T30","67",0.648,67
"9161","3921","CHE","T30","11",0.032,11
"9162","3921","CHE","T30","18",0.076,18
"9163","3921","CHE","T30","24",0.064,24
"9164","3921","CHE","T30","38",0.059,38
"9165","3921","CHE","T30","46",0.096,46
"9166","3921","CHE","T30","54",0.1,54
"9167","3921","CHE","T30","60",0.148,60
"9168","3921","CHE","T30","67",0.167,67
"9169","3922","CHE","T30","11",0.075,11
"9170","3922","CHE","T30","18",0.054,18
"9171","3922","CHE","T30","24",0.081,24
"9172","3922","CHE","T30","38",0.098,38
"9173","3922","CHE","T30","46",0.104,46
"9174","3922","CHE","T30","54",0.147,54
"9175","3922","CHE","T30","60",0.115,60
"9176","3922","CHE","T30","67",0.124,67
"9177","3923","CHE","T30","11",0.104,11
"9178","3923","CHE","T30","18",0.172,18
"9179","3923","CHE","T30","24",0.234,24
"9180","3923","CHE","T30","38",0.233,38
"9181","3923","CHE","T30","46",0.279,46
"9182","3923","CHE","T30","54",0.317,54
"9183","3923","CHE","T30","60",0.439,60
"9184","3923","CHE","T30","67",0.515,67
"9185","3924","CHE","T30","11",0.13,11
"9186","3924","CHE","T30","18",0.094,18
"9187","3924","CHE","T30","24",0.071,24
"9188","3924","CHE","T30","38",0.152,38
"9189","3924","CHE","T30","46",0.153,46
"9190","3924","CHE","T30","54",0.171,54
"9191","3924","CHE","T30","60",0.216,60
"9192","3924","CHE","T30","67",0.172,67
"9193","3927","CHE","T30","11",0.119,11
"9194","3927","CHE","T30","18",0.115,18
"9195","3927","CHE","T30","24",0.132,24
"9196","3928","CHE","T30","11",0.12,11
"9197","3928","CHE","T30","18",0.16,18
"9198","3928","CHE","T30","24",0.138,24
"9199","3928","CHE","T30","38",0.153,38
"9200","3928","CHE","T30","46",0.274,46
"9201","3928","CHE","T30","54",0.364,54
"9202","3928","CHE","T30","60",0.457,60
"9203","3928","CHE","T30","67",0.419,67
"9204","3929","CHE","T30","11",0.139,11
"9205","3929","CHE","T30","18",0.15,18
"9206","3929","CHE","T30","24",0.125,24
"9207","3929","CHE","T30","38",0.21,38
"9208","3929","CHE","T30","46",0.375,46
"9209","3929","CHE","T30","54",0.547,54
"9210","3929","CHE","T30","60",0.717,60
"9211","3929","CHE","T30","67",0.567,67
"9212","3930","CHE","T30","11",0.127,11
"9213","3930","CHE","T30","18",0.194,18
"9214","3932","CHE","T30","11",0.258,11
"9215","3932","CHE","T30","18",0.121,18
"9216","3933","CHE","T30","11",0.122,11
"9217","3933","CHE","T30","18",0.198,18
"9218","3934","CHE","T30","11",0.117,11
"9219","3934","CHE","T30","18",0.16,18
"9220","3934","CHE","T30","24",0.139,24
"9221","3935","CHE","T30","11",0.126,11
"9222","3935","CHE","T30","18",0.19,18
"9223","3936","CHE","T30","11",0.09,11
"9224","3936","CHE","T30","18",0.119,18
"9225","3936","CHE","T30","24",0.161,24
"9226","3937","CHE","T30","11",0.088,11
"9227","3937","CHE","T30","18",0.068,18
"9228","3937","CHE","T30","24",0.062,24
"9229","3937","CHE","T30","38",0.07,38
"9230","3937","CHE","T30","46",0.095,46
"9231","3937","CHE","T30","54",0.065,54
"9232","3937","CHE","T30","60",0.068,60
"9233","3937","CHE","T30","67",0.085,67
"9234","3938","CHE","T30","11",0.16,11
"9235","3938","CHE","T30","18",0.088,18
"9236","3938","CHE","T30","24",0.141,24
"9237","3938","CHE","T30","38",0.253,38
"9238","3938","CHE","T30","46",0.406,46
"9239","3938","CHE","T30","54",0.405,54
"9240","3938","CHE","T30","60",0.741,60
"9241","3938","CHE","T30","67",0.813,67
"9242","3939","CHE","T30","11",0.154,11
"9243","3939","CHE","T30","18",0.128,18
"9244","3940","CHE","T30","11",0.093,11
"9245","3940","CHE","T30","18",0.039,18
"9246","3940","CHE","T30","24",0.046,24
"9247","3940","CHE","T30","38",0.124,38
"9248","3940","CHE","T30","46",0.13,46
"9249","3940","CHE","T30","54",0.179,54
"9250","3940","CHE","T30","60",0.147,60
"9251","3940","CHE","T30","67",0.112,67
"9252","3941","CHE","T30","11",0.09,11
"9253","3941","CHE","T30","18",0.157,18
"9254","3941","CHE","T30","24",0.125,24
"9255","3941","CHE","T30","38",0.141,38
"9256","3941","CHE","T30","46",0.137,46
"9257","3941","CHE","T30","54",0.256,54
"9258","3941","CHE","T30","60",0.257,60
"9259","3941","CHE","T30","67",0.218,67
"9260","3942","CHE","T30","11",0.088,11
"9261","3942","CHE","T30","18",0.113,18
"9262","3942","CHE","T30","24",0.134,24
"9263","3942","CHE","T30","38",0.217,38
"9264","3942","CHE","T30","46",0.312,46
"9265","3942","CHE","T30","54",0.37,54
"9266","3942","CHE","T30","60",0.463,60
"9267","3942","CHE","T30","67",0.451,67
"9268","3943","CHE","T30","11",0.048,11
"9269","3943","CHE","T30","18",0.08,18
"9270","3944","CHE","T30","11",0.159,11
"9271","3944","CHE","T30","18",0.19,18
"9272","3945","CHE","T30","11",0.112,11
"9273","3945","CHE","T30","18",0.143,18
"9274","3945","CHE","T30","24",0.143,24
"9275","3945","CHE","T30","38",0.147,38
"9276","3945","CHE","T30","46",0.312,46
"9277","3945","CHE","T30","54",0.43,54
"9278","3945","CHE","T30","60",0.511,60
"9279","3945","CHE","T30","67",0.584,67
"9280","3946","CHE","T30","11",0.147,11
"9281","3946","CHE","T30","18",0.165,18
"9282","3946","CHE","T30","24",0.121,24
"9283","3946","CHE","T30","38",0.11,38
"9284","3946","CHE","T30","46",0.282,46
"9285","3946","CHE","T30","54",0.385,54
"9286","3946","CHE","T30","60",0.353,60
"9287","3946","CHE","T30","67",0.354,67
"9288","3949","CHE","T30","11",0.436,11
"9289","3949","CHE","T30","18",0.212,18
"9290","3949","CHE","T30","24",0.22,24
"9291","3950","CHE","T30","11",0.152,11
"9292","3951","CHE","T30","11",0.089,11
"9293","3952","CHE","T30","11",0.082,11
"9294","3953","CHE","T30","11",0.015,11
"9295","3953","CHE","T30","18",0.025,18
"9296","3953","CHE","T30","24",0.036,24
"9297","3953","CHE","T30","38",0.064,38
"9298","3953","CHE","T30","46",0.073,46
"9299","3953","CHE","T30","54",0.056,54
"9300","3953","CHE","T30","60",0.058,60
"9301","3953","CHE","T30","67",0.048,67
