"","Recruit_ID","Treatment","Tank","Day","polyp_area","nDay","last"
"1","31","CWT+DHE","T1","11",0.189,11,"False"
"2","52","CWT+DHE","T1","11",0.507,11,"False"
"3","53","CWT+DHE","T1","11",0.42,11,"False"
"4","65","CWT+DHE","T1","11",0.237,11,"False"
"5","78","CWT+DHE","T1","11",0.129,11,"False"
"6","79","CWT+DHE","T1","11",0.053,11,"False"
"7","80","CWT+DHE","T1","11",0.283,11,"False"
"8","81","CWT+DHE","T1","11",0.246,11,"False"
"9","117","CWT+DHE","T1","11",0.265,11,"False"
"10","132","CWT+DHE","T1","11",0.394,11,"False"
"11","137","CWT+DHE","T1","11",0.416,11,"False"
"12","156","CWT+DHE","T1","11",0.354,11,"False"
"13","157","CWT+DHE","T1","11",0.467,11,"False"
"14","1000","CWT+DHE","T1","11",0.312,11,"False"
"15","1001","CWT+DHE","T1","11",0.415,11,"False"
"16","1002","CWT+DHE","T1","11",0.115,11,"False"
"17","1003","CWT+DHE","T1","11",0.138,11,"False"
"18","1005","CWT+DHE","T1","11",0.29,11,"False"
"19","1006","CWT+DHE","T1","11",0.464,11,"False"
"20","1007","CWT+DHE","T1","11",0.395,11,"False"
"21","1008","CWT+DHE","T1","11",0.086,11,"False"
"22","1010","CWT+DHE","T1","11",0.13,11,"False"
"23","1011","CWT+DHE","T1","11",0.467,11,"False"
"24","1013","CWT+DHE","T1","11",0.189,11,"False"
"25","1014","CWT+DHE","T1","11",0.313,11,"False"
"26","1016","CWT+DHE","T1","11",0.17,11,"False"
"27","1017","CWT+DHE","T1","11",0.301,11,"True"
"28","1018","CWT+DHE","T1","11",0.385,11,"True"
"29","1020","CWT+DHE","T1","11",0.147,11,"False"
"30","1021","CWT+DHE","T1","11",0.062,11,"False"
"31","1022","CWT+DHE","T1","11",0.343,11,"True"
"32","1023","CWT+DHE","T1","11",0.33,11,"True"
"33","1024","CWT+DHE","T1","11",0.265,11,"True"
"34","1025","CWT+DHE","T1","11",0.173,11,"True"
"35","164","CWT","T2","11",0.354,11,"False"
"36","165a","CWT","T2","11",0.266,11,"False"
"37","165b","CWT","T2","11",0.248,11,"False"
"38","168","CWT","T2","11",0.353,11,"False"
"39","183","CWT","T2","11",0.265,11,"False"
"40","187","CWT","T2","11",0.396,11,"False"
"41","222","CWT","T2","11",0.24,11,"False"
"42","250","CWT","T2","11",0.269,11,"False"
"43","1026","CWT","T2","11",0.122,11,"False"
"44","1029","CWT","T2","11",0.254,11,"False"
"45","1033","CWT","T2","11",0.099,11,"False"
"46","1034","CWT","T2","11",0.097,11,"False"
"47","1035","CWT","T2","11",0.374,11,"False"
"48","1036","CWT","T2","11",0.278,11,"False"
"49","1037","CWT","T2","11",0.166,11,"False"
"50","1038","CWT","T2","11",0.101,11,"False"
"51","1040","CWT","T2","11",0.244,11,"False"
"52","1042","CWT","T2","11",0.084,11,"False"
"53","1043","CWT","T2","11",0.072,11,"False"
"54","1045","CWT","T2","11",0.246,11,"False"
"55","1047","CWT","T2","11",0.33,11,"False"
"56","1048","CWT","T2","11",0.28,11,"False"
"57","1049","CWT","T2","11",0.151,11,"False"
"58","1050","CWT","T2","11",0.221,11,"False"
"59","1051","CWT","T2","11",0.477,11,"False"
"60","1052","CWT","T2","11",0.162,11,"False"
"61","1054","CWT","T2","11",0.03,11,"False"
"62","709","DHE","T3","11",0.112,11,"False"
"63","766","DHE","T3","11",0.03,11,"False"
"64","1055","DHE","T3","11",0.103,11,"False"
"65","1056","DHE","T3","11",0.151,11,"False"
"66","1057","DHE","T3","11",0.075,11,"False"
"67","1058","DHE","T3","11",0.062,11,"False"
"68","1059","DHE","T3","11",0.174,11,"False"
"69","1060","DHE","T3","11",0.162,11,"False"
"70","1061","DHE","T3","11",0.313,11,"False"
"71","1062","DHE","T3","11",0.266,11,"False"
"72","1063","DHE","T3","11",0.081,11,"False"
"73","1065","DHE","T3","11",0.185,11,"False"
"74","1067","DHE","T3","11",0.109,11,"False"
"75","1068","DHE","T3","11",0.118,11,"False"
"76","1069","DHE","T3","11",0.169,11,"False"
"77","1070","DHE","T3","11",0.226,11,"False"
"78","1071","DHE","T3","11",0.07,11,"False"
"79","1072","DHE","T3","11",0.097,11,"False"
"80","1073","DHE","T3","11",0.37,11,"False"
"81","1074","DHE","T3","11",0.077,11,"False"
"82","1075","DHE","T3","11",0.3,11,"False"
"83","1076","DHE","T3","11",0.045,11,"False"
"84","1077","DHE","T3","11",0.391,11,"False"
"85","1078","DHE","T3","11",0.277,11,"False"
"86","1079","DHE","T3","11",0.436,11,"False"
"87","1080","DHE","T3","11",0.138,11,"False"
"88","1081","DHE","T3","11",0.246,11,"False"
"89","1082","DHE","T3","11",0.191,11,"False"
"90","1083","DHE","T3","11",0.358,11,"False"
"91","1084","DHE","T3","11",0.3,11,"False"
"92","1085","DHE","T3","11",0.207,11,"False"
"93","1086","DHE","T3","11",0.192,11,"False"
"94","1087","DHE","T3","11",0.269,11,"False"
"95","1088","DHE","T3","11",0.176,11,"False"
"96","1089","DHE","T3","11",0.196,11,"False"
"97","1090","DHE","T3","11",0.064,11,"False"
"98","1091","DHE","T3","11",0.131,11,"False"
"99","1092","DHE","T3","11",0.277,11,"False"
"100","1093","DHE","T3","11",0.087,11,"False"
"101","1100","DHE","T3","11",0.135,11,"True"
"102","1101","DHE","T3","11",0.123,11,"True"
"103","1103","DHE","T3","11",0.324,11,"True"
"104","1104","DHE","T3","11",0.146,11,"True"
"105","1105","DHE","T3","11",0.129,11,"True"
"106","1106","DHE","T3","11",0.481,11,"True"
"107","1107","DHE","T3","11",0.218,11,"True"
"108","1108","DHE","T3","11",0.172,11,"True"
"109","1109","DHE","T3","11",0.316,11,"True"
"110","1110","DHE","T3","11",0.167,11,"True"
"111","160","CWT","T4","11",0.367,11,"False"
"112","161","CWT","T4","11",0.329,11,"False"
"113","163","CWT","T4","11",0.16,11,"False"
"114","166","CWT","T4","11",0.328,11,"False"
"115","170","CWT","T4","11",0.119,11,"False"
"116","171","CWT","T4","11",0.079,11,"False"
"117","178","CWT","T4","11",0.283,11,"False"
"118","179","CWT","T4","11",0.197,11,"False"
"119","180","CWT","T4","11",0.272,11,"False"
"120","186","CWT","T4","11",0.292,11,"False"
"121","189","CWT","T4","11",0.325,11,"False"
"122","193","CWT","T4","11",0.513,11,"False"
"123","194","CWT","T4","11",0.248,11,"False"
"124","197","CWT","T4","11",0.381,11,"False"
"125","198","CWT","T4","11",0.281,11,"False"
"126","199","CWT","T4","11",0.292,11,"False"
"127","200","CWT","T4","11",0.183,11,"False"
"128","201","CWT","T4","11",0.213,11,"False"
"129","202","CWT","T4","11",0.13,11,"False"
"130","203","CWT","T4","11",0.3,11,"False"
"131","205","CWT","T4","11",0.294,11,"False"
"132","206","CWT","T4","11",0.273,11,"False"
"133","212","CWT","T4","11",0.326,11,"False"
"134","213","CWT","T4","11",0.374,11,"False"
"135","214","CWT","T4","11",0.118,11,"False"
"136","220","CWT","T4","11",0.301,11,"False"
"137","221","CWT","T4","11",0.356,11,"False"
"138","223","CWT","T4","11",0.275,11,"False"
"139","225","CWT","T4","11",0.259,11,"False"
"140","226","CWT","T4","11",0.307,11,"False"
"141","227","CWT","T4","11",0.321,11,"False"
"142","228","CWT","T4","11",0.144,11,"False"
"143","229","CWT","T4","11",0.291,11,"False"
"144","230","CWT","T4","11",0.201,11,"False"
"145","231","CWT","T4","11",0.094,11,"False"
"146","232","CWT","T4","11",0.325,11,"False"
"147","233","CWT","T4","11",0.074,11,"False"
"148","236","CWT","T4","11",0.28,11,"False"
"149","237","CWT","T4","11",0.276,11,"False"
"150","238","CWT","T4","11",0.274,11,"False"
"151","241","CWT","T4","11",0.328,11,"False"
"152","242","CWT","T4","11",0.302,11,"False"
"153","246","CWT","T4","11",0.308,11,"False"
"154","247","CWT","T4","11",0.237,11,"False"
"155","248","CWT","T4","11",0.173,11,"False"
"156","255","CWT","T4","11",0.097,11,"False"
"157","256","CWT","T4","11",0.399,11,"False"
"158","262","CWT","T4","11",0.259,11,"False"
"159","263","CWT","T4","11",0.287,11,"False"
"160","267","CWT","T4","11",0.13,11,"False"
"161","268","CWT","T4","11",0.252,11,"False"
"162","272","CWT","T4","11",0.64,11,"False"
"163","276","CWT","T4","11",0.238,11,"False"
"164","278","CWT","T4","11",0.188,11,"False"
"165","1111","CWT","T4","11",0.114,11,"False"
"166","1112","CWT","T4","11",0.253,11,"False"
"167","1113","CWT","T4","11",0.229,11,"False"
"168","1114","CWT","T4","11",0.147,11,"False"
"169","1115","CWT","T4","11",0.274,11,"False"
"170","1117","CWT","T4","11",0.154,11,"False"
"171","1118","CWT","T4","11",0.128,11,"False"
"172","1120","CWT","T4","11",0.198,11,"False"
"173","1121","CWT","T4","11",0.126,11,"False"
"174","1122","CWT","T4","11",0.222,11,"False"
"175","1123","CWT","T4","11",0.078,11,"False"
"176","1124","CWT","T4","11",0.38,11,"False"
"177","1125","CWT","T4","11",0.268,11,"False"
"178","1126","CWT","T4","11",0.35,11,"False"
"179","1128","CWT","T4","11",0.21,11,"False"
"180","1129","CWT","T4","11",0.188,11,"False"
"181","1130","CWT","T4","11",0.372,11,"False"
"182","1131","CWT","T4","11",0.35,11,"False"
"183","1132","CWT","T4","11",0.301,11,"False"
"184","1133","CWT","T4","11",0.11,11,"False"
"185","1134","CWT","T4","11",0.399,11,"False"
"186","1135","CWT","T4","11",0.195,11,"False"
"187","1136","CWT","T4","11",0.225,11,"False"
"188","1137","CWT","T4","11",0.303,11,"False"
"189","1138","CWT","T4","11",0.39,11,"False"
"190","1139","CWT","T4","11",0.172,11,"False"
"191","1140","CWT","T4","11",0.278,11,"False"
"192","1141","CWT","T4","11",0.317,11,"False"
"193","1142","CWT","T4","11",0.188,11,"False"
"194","1143","CWT","T4","11",0.383,11,"False"
"195","1144","CWT","T4","11",0.261,11,"False"
"196","1145","CWT","T4","11",0.241,11,"False"
"197","1146","CWT","T4","11",0.167,11,"False"
"198","1147","CWT","T4","11",0.198,11,"False"
"199","1148","CWT","T4","11",0.363,11,"False"
"200","1149","CWT","T4","11",0.252,11,"False"
"201","1150","CWT","T4","11",0.346,11,"False"
"202","1151","CWT","T4","11",0.19,11,"False"
"203","1152","CWT","T4","11",0.336,11,"False"
"204","1153","CWT","T4","11",0.264,11,"False"
"205","1154","CWT","T4","11",0.267,11,"False"
"206","1155","CWT","T4","11",0.111,11,"False"
"207","1156","CWT","T4","11",0.322,11,"False"
"208","1157","CWT","T4","11",0.217,11,"False"
"209","1158","CWT","T4","11",0.228,11,"False"
"210","1159","CWT","T4","11",0.174,11,"False"
"211","1160","CWT","T4","11",0.309,11,"False"
"212","1161","CWT","T4","11",0.232,11,"False"
"213","1162","CWT","T4","11",0.089,11,"False"
"214","1163","CWT","T4","11",0.153,11,"False"
"215","1164","CWT","T4","11",0.154,11,"False"
"216","1165","CWT","T4","11",0.288,11,"False"
"217","1167","CWT","T4","11",0.41,11,"False"
"218","1170","CWT","T4","11",1.692,11,"False"
"219","1171","CWT","T4","11",0.242,11,"True"
"220","1172","CWT","T4","11",0.119,11,"True"
"221","1174","CWT","T4","11",0.369,11,"True"
"222","1175","CWT","T4","11",0.415,11,"False"
"223","1176","CWT","T4","11",0.14,11,"True"
"224","1177","CWT","T4","11",0.317,11,"True"
"225","1178","CWT","T4","11",0.153,11,"True"
"226","1179","CWT","T4","11",0.069,11,"False"
"227","1180","CWT","T4","11",0.35,11,"False"
"228","1181","CWT","T4","11",0.052,11,"False"
"229","1183","CHE+DWT","T5","11",0.19,11,"False"
"230","1184","CHE+DWT","T5","11",0.194,11,"False"
"231","1187","CHE+DWT","T5","11",0.066,11,"False"
"232","1188","CHE+DWT","T5","11",0.125,11,"False"
"233","1189","CHE+DWT","T5","11",0.08,11,"False"
"234","1190","CHE+DWT","T5","11",0.106,11,"False"
"235","1191","CHE+DWT","T5","11",0.252,11,"False"
"236","1192","CHE+DWT","T5","11",0.094,11,"False"
"237","1194","CHE+DWT","T5","11",0.174,11,"False"
"238","1195","CHE+DWT","T5","11",0.197,11,"False"
"239","1196","CHE+DWT","T5","11",0.306,11,"False"
"240","1197","CHE+DWT","T5","11",0.077,11,"False"
"241","1198","CHE+DWT","T5","11",0.291,11,"False"
"242","1199","CHE+DWT","T5","11",0.325,11,"False"
"243","1200","CHE+DWT","T5","11",0.129,11,"False"
"244","1201","CHE+DWT","T5","11",0.275,11,"False"
"245","1204","CHE+DWT","T5","11",0.206,11,"False"
"246","1207","CHE+DWT","T5","11",0.273,11,"False"
"247","1208","CHE+DWT","T5","11",0.243,11,"False"
"248","1209","CHE+DWT","T5","11",0.227,11,"False"
"249","1210","CHE+DWT","T5","11",0.272,11,"False"
"250","1213","CHE+DWT","T5","11",0.208,11,"False"
"251","1223","CHE+DWT","T5","11",0.206,11,"False"
"252","1224","CHE+DWT","T5","11",0.247,11,"False"
"253","1225","CHE+DWT","T5","11",0.278,11,"False"
"254","1228","CHE+DWT","T5","11",0.212,11,"False"
"255","1229","CHE+DWT","T5","11",0.252,11,"False"
"256","1231","CHE+DWT","T5","11",0.365,11,"False"
"257","1232","CHE+DWT","T5","11",0.311,11,"False"
"258","1233","CHE+DWT","T5","11",0.39,11,"False"
"259","1234","CHE+DWT","T5","11",0.296,11,"False"
"260","1237","CHE+DWT","T5","11",0.212,11,"False"
"261","1239","CHE+DWT","T5","11",0.353,11,"False"
"262","1240","CHE+DWT","T5","11",0.286,11,"False"
"263","1241","CHE+DWT","T5","11",0.386,11,"False"
"264","1242","CHE+DWT","T5","11",0.265,11,"False"
"265","1245","CHE+DWT","T5","11",0.26,11,"False"
"266","1246","CHE+DWT","T5","11",0.27,11,"False"
"267","1250","CHE+DWT","T5","11",0.144,11,"False"
"268","1251","CHE+DWT","T5","11",0.21,11,"False"
"269","1252","CHE+DWT","T5","11",0.259,11,"False"
"270","1254","CHE+DWT","T5","11",0.262,11,"False"
"271","1256","CHE+DWT","T5","11",0.12,11,"False"
"272","1257","CHE+DWT","T5","11",0.248,11,"False"
"273","1261","CHE+DWT","T5","11",0.31,11,"False"
"274","1263","CHE+DWT","T5","11",0.178,11,"False"
"275","1264","CHE+DWT","T5","11",0.242,11,"False"
"276","1266","CHE+DWT","T5","11",0.192,11,"False"
"277","1269","CHE+DWT","T5","11",0.309,11,"False"
"278","1270","CHE+DWT","T5","11",0.214,11,"False"
"279","1271","CHE+DWT","T5","11",0.047,11,"False"
"280","1272","CHE+DWT","T5","11",0.215,11,"False"
"281","1275","CHE+DWT","T5","11",0.415,11,"False"
"282","1276","CHE+DWT","T5","11",0.086,11,"False"
"283","1277","CHE+DWT","T5","11",0.242,11,"False"
"284","1278","CHE+DWT","T5","11",0.116,11,"True"
"285","1279","CHE+DWT","T5","11",0.292,11,"True"
"286","1280","CHE+DWT","T5","11",0.185,11,"True"
"287","1282","CHE+DWT","T5","11",0.234,11,"True"
"288","1283","CHE+DWT","T5","11",0.336,11,"True"
"289","1284","CHE+DWT","T5","11",0.245,11,"True"
"290","1285","CHE+DWT","T5","11",0.098,11,"True"
"291","1286","CHE+DWT","T5","11",0.162,11,"True"
"292","1287","CHE+DWT","T5","11",0.265,11,"True"
"293","1288","CHE+DWT","T5","11",0.303,11,"True"
"294","1289","CHE+DWT","T5","11",0.367,11,"True"
"295","1291","CHE+DWT","T5","11",0.257,11,"True"
"296","1293","CHE+DWT","T5","11",0.037,11,"True"
"297","1294","CHE+DWT","T5","11",0.312,11,"True"
"298","1296","CHE+DWT","T5","11",0.097,11,"True"
"299","1298","CHE+DWT","T5","11",0.194,11,"True"
"300","1299","CHE+DWT","T5","11",0.185,11,"True"
"301","1300","CHE+DWT","T5","11",0.327,11,"True"
"302","1301","CHE+DWT","T5","11",0.284,11,"True"
"303","1302","CHE+DWT","T5","11",0.184,11,"False"
"304","1303","CHE+DWT","T5","11",0.317,11,"False"
"305","1304","CHE+DWT","T5","11",0.252,11,"True"
"306","1305","CHE+DWT","T5","11",0.253,11,"False"
"307","1307","CHE","T7","11",0.049,11,"False"
"308","1308","CHE","T7","11",0.187,11,"False"
"309","1309","CHE","T7","11",0.078,11,"False"
"310","1310","CHE","T7","11",0.16,11,"False"
"311","1311","CHE","T7","11",0.226,11,"False"
"312","1316","CHE","T7","11",0.098,11,"False"
"313","1317","CHE","T7","11",0.12,11,"False"
"314","1318","CHE","T7","11",0.199,11,"False"
"315","1319","CHE","T7","11",0.069,11,"False"
"316","1320","CHE","T7","11",0.102,11,"False"
"317","1321","CHE","T7","11",0.074,11,"False"
"318","1322","CHE","T7","11",0.101,11,"False"
"319","1325","CHE","T7","11",0.121,11,"False"
"320","1326","CHE","T7","11",0.354,11,"False"
"321","1327","CHE","T7","11",0.203,11,"False"
"322","1328","CHE","T7","11",0.143,11,"False"
"323","1329","CHE","T7","11",0.075,11,"False"
"324","1331","CHE","T7","11",0.173,11,"False"
"325","1332","CHE","T7","11",0.24,11,"False"
"326","1333","CHE","T7","11",0.246,11,"False"
"327","1334","CHE","T7","11",0.214,11,"False"
"328","1335","CHE","T7","11",0.103,11,"False"
"329","1336","CHE","T7","11",0.168,11,"False"
"330","1337","CHE","T7","11",0.074,11,"False"
"331","1338","CHE","T7","11",0.211,11,"False"
"332","1339","CHE","T7","11",0.032,11,"False"
"333","1340","CHE","T7","11",0.139,11,"False"
"334","1341","CHE","T7","11",0.228,11,"False"
"335","1342","CHE","T7","11",0.099,11,"False"
"336","1343","CHE","T7","11",0.137,11,"False"
"337","1344","CHE","T7","11",0.127,11,"False"
"338","1345","CHE","T7","11",0.113,11,"False"
"339","1346","CHE","T7","11",0.088,11,"False"
"340","1347","CHE","T7","11",0.179,11,"False"
"341","1348","CHE","T7","11",0.155,11,"False"
"342","1349","CHE","T7","11",0.13,11,"False"
"343","1350","CHE","T7","11",0.144,11,"False"
"344","1351","CHE","T7","11",0.093,11,"False"
"345","1352","CHE","T7","11",0.172,11,"True"
"346","1353","CHE","T7","11",0.118,11,"True"
"347","1354","CHE","T7","11",0.119,11,"True"
"348","1424","CWT+DHE","T11","11",0.294,11,"False"
"349","1425","CWT+DHE","T11","11",0.301,11,"False"
"350","1426","CWT+DHE","T11","11",0.281,11,"False"
"351","1427","CWT+DHE","T11","11",0.21,11,"False"
"352","1428","CWT+DHE","T11","11",0.33,11,"False"
"353","1429","CWT+DHE","T11","11",0.209,11,"False"
"354","1430","CWT+DHE","T11","11",0.267,11,"False"
"355","1431","CWT+DHE","T11","11",0.266,11,"False"
"356","1432","CWT+DHE","T11","11",0.224,11,"False"
"357","1434","CWT+DHE","T11","11",0.276,11,"False"
"358","1435","CWT+DHE","T11","11",0.32,11,"False"
"359","1436","CWT+DHE","T11","11",0.193,11,"False"
"360","1437","CWT+DHE","T11","11",0.277,11,"False"
"361","1441","CWT+DHE","T11","11",0.263,11,"False"
"362","1442","CWT+DHE","T11","11",0.258,11,"False"
"363","1443","CWT+DHE","T11","11",0.103,11,"False"
"364","1444","CWT+DHE","T11","11",0.077,11,"False"
"365","1445","CWT+DHE","T11","11",0.283,11,"False"
"366","1446","CWT+DHE","T11","11",0.284,11,"False"
"367","1447","CWT+DHE","T11","11",0.266,11,"False"
"368","1449","CWT+DHE","T11","11",0.248,11,"False"
"369","1450","CWT+DHE","T11","11",0.285,11,"False"
"370","1451","CWT+DHE","T11","11",0.185,11,"False"
"371","1452","CWT+DHE","T11","11",0.176,11,"False"
"372","1455","CWT+DHE","T11","11",0.255,11,"False"
"373","1456","CWT+DHE","T11","11",0.034,11,"False"
"374","1459","CWT+DHE","T11","11",0.07,11,"False"
"375","1460","CWT+DHE","T11","11",0.186,11,"False"
"376","1461","CWT+DHE","T11","11",0.034,11,"False"
"377","1465","CWT+DHE","T11","11",0.065,11,"False"
"378","1466","CWT+DHE","T11","11",0.187,11,"False"
"379","1468","CWT+DHE","T11","11",0.15,11,"False"
"380","1469","CWT+DHE","T11","11",0.278,11,"False"
"381","1470","CWT+DHE","T11","11",0.234,11,"False"
"382","1473","CWT+DHE","T11","11",0.247,11,"False"
"383","1474","CWT+DHE","T11","11",0.236,11,"False"
"384","1475","CWT+DHE","T11","11",0.158,11,"False"
"385","1477","CWT+DHE","T11","11",0.257,11,"False"
"386","1479","CWT+DHE","T11","11",0.12,11,"False"
"387","1480","CWT+DHE","T11","11",0.118,11,"False"
"388","1481","CWT+DHE","T11","11",0.061,11,"False"
"389","1482","CWT+DHE","T11","11",0.019,11,"False"
"390","1483","CWT+DHE","T11","11",0.16,11,"False"
"391","1484","CWT+DHE","T11","11",0.046,11,"False"
"392","1486","CWT+DHE","T11","11",0.247,11,"False"
"393","1487","CWT+DHE","T11","11",0.174,11,"False"
"394","1488","CWT+DHE","T11","11",0.05,11,"False"
"395","1489","CWT+DHE","T11","11",0.261,11,"False"
"396","1490","CWT+DHE","T11","11",0.051,11,"False"
"397","1491","CWT+DHE","T11","11",0.226,11,"False"
"398","1492","CWT+DHE","T11","11",0.281,11,"False"
"399","1494","CWT+DHE","T11","11",0.062,11,"False"
"400","1495","CWT+DHE","T11","11",0.123,11,"False"
"401","1496","CWT+DHE","T11","11",0.214,11,"False"
"402","1497","CWT+DHE","T11","11",0.211,11,"False"
"403","1498","CWT+DHE","T11","11",0.234,11,"False"
"404","1499","CWT+DHE","T11","11",0.086,11,"False"
"405","1500","CWT+DHE","T11","11",0.22,11,"False"
"406","1502","CWT+DHE","T11","11",0.106,11,"False"
"407","1503","CWT+DHE","T11","11",0.096,11,"False"
"408","1504","CWT+DHE","T11","11",0.68,11,"False"
"409","1506","CWT+DHE","T11","11",0.106,11,"False"
"410","1507","CWT+DHE","T11","11",0.105,11,"False"
"411","1508","CWT+DHE","T11","11",0.067,11,"False"
"412","1509","CWT+DHE","T11","11",0.044,11,"False"
"413","1510","CWT+DHE","T11","11",0.148,11,"False"
"414","1511","CWT+DHE","T11","11",0.057,11,"False"
"415","1513","CWT+DHE","T11","11",0.185,11,"False"
"416","1514","CWT+DHE","T11","11",0.077,11,"False"
"417","1515","CWT+DHE","T11","11",0.159,11,"False"
"418","1516","CWT+DHE","T11","11",0.035,11,"False"
"419","1517","CWT+DHE","T11","11",0.218,11,"False"
"420","1518","CWT+DHE","T11","11",0.279,11,"False"
"421","1519","CWT+DHE","T11","11",0.141,11,"False"
"422","1520","CWT+DHE","T11","11",0.165,11,"False"
"423","1521","CWT+DHE","T11","11",0.126,11,"False"
"424","1522","CWT+DHE","T11","11",0.275,11,"True"
"425","1523","CWT+DHE","T11","11",0.291,11,"True"
"426","1524","CWT+DHE","T11","11",0.145,11,"True"
"427","1525","CWT+DHE","T11","11",0.271,11,"True"
"428","1526","CWT+DHE","T11","11",0.234,11,"True"
"429","1527","CWT+DHE","T11","11",0.28,11,"True"
"430","1528","CWT+DHE","T11","11",0.219,11,"True"
"431","1529","CWT+DHE","T11","11",0.204,11,"True"
"432","1530","CWT+DHE","T11","11",0.287,11,"True"
"433","1531","CWT+DHE","T11","11",0.237,11,"False"
"434","1532","CWT+DHE","T11","11",0.127,11,"False"
"435","1533","CWT+DHE","T11","11",0.032,11,"False"
"436","1535","CHE+DHE","T6","11",0.131,11,"False"
"437","1536","CHE+DHE","T6","11",0.261,11,"False"
"438","1537","CHE+DHE","T6","11",0.079,11,"False"
"439","1538","CHE+DHE","T6","11",0.193,11,"False"
"440","1539","CHE+DHE","T6","11",0.19,11,"False"
"441","1540","CHE+DHE","T6","11",0.195,11,"False"
"442","1541","CHE+DHE","T6","11",0.158,11,"False"
"443","1544","CHE+DHE","T6","11",0.148,11,"False"
"444","1545","CHE+DHE","T6","11",0.074,11,"False"
"445","1546","CHE+DHE","T6","11",0.109,11,"False"
"446","1547","CHE+DHE","T6","11",0.116,11,"False"
"447","1548","CHE+DHE","T6","11",0.061,11,"False"
"448","1549","CHE+DHE","T6","11",0.061,11,"False"
"449","1550","CHE+DHE","T6","11",0.098,11,"False"
"450","1551","CHE+DHE","T6","11",0.248,11,"False"
"451","1552","CHE+DHE","T6","11",0.222,11,"True"
"452","1553","CHE+DHE","T6","11",0.092,11,"False"
"453","1554","CHE+DHE","T6","11",0.108,11,"False"
"454","1556","CHE+DHE","T6","11",0.2,11,"False"
"455","1557","CHE+DHE","T6","11",0.165,11,"False"
"456","1559","CHE+DHE","T6","11",0.184,11,"True"
"457","1560","CHE+DHE","T6","11",0.092,11,"False"
"458","1561","CHE+DHE","T6","11",0.119,11,"False"
"459","1562","CHE+DHE","T6","11",0.158,11,"False"
"460","1563","CHE+DHE","T6","11",0.243,11,"False"
"461","1564","CHE+DHE","T6","11",0.155,11,"False"
"462","1580","CHE+DHE","T6","11",0.274,11,"True"
"463","1590","CHE+DHE","T6","11",0.204,11,"False"
"464","1593","CHE+DHE","T6","11",0.124,11,"False"
"465","1595","CHE+DHE","T6","11",0.198,11,"False"
"466","1603","CHE+DHE","T6","11",0.229,11,"False"
"467","1605","CHE+DHE","T6","11",0.216,11,"False"
"468","1606","CHE+DHE","T6","11",0.158,11,"False"
"469","1607","CHE+DHE","T6","11",0.151,11,"False"
"470","1611","CHE+DHE","T6","11",0.054,11,"False"
"471","1628","CHE+DHE","T6","11",0.135,11,"False"
"472","1636","CHE+DHE","T6","11",0.18,11,"False"
"473","1637","CHE+DHE","T6","11",0.194,11,"False"
"474","1638","CHE+DHE","T6","11",0.05,11,"False"
"475","1640","CHE+DHE","T6","11",0.202,11,"False"
"476","1641","CHE+DHE","T6","11",0.096,11,"False"
"477","1647","CHE+DHE","T6","11",0.24,11,"False"
"478","1655","CHE+DHE","T6","11",0.152,11,"False"
"479","1660","CHE+DHE","T6","11",0.258,11,"False"
"480","1661","CHE+DHE","T6","11",0.268,11,"False"
"481","1662","CHE+DHE","T6","11",0.189,11,"False"
"482","1664","CHE+DHE","T6","11",0.134,11,"False"
"483","1665","CHE+DHE","T6","11",0.234,11,"False"
"484","1666","CHE+DHE","T6","11",0.281,11,"True"
"485","1668","CHE+DHE","T6","11",0.188,11,"True"
"486","1669","CHE+DHE","T6","11",0.186,11,"True"
"487","1671","CHE+DHE","T6","11",0.22,11,"True"
"488","1672","CHE+DHE","T6","11",0.057,11,"False"
"489","1673","CHE+DHE","T6","11",0.325,11,"True"
"490","1674","CHE+DHE","T6","11",0.268,11,"True"
"491","1675","CHE+DHE","T6","11",0.168,11,"True"
"492","1676","CHE+DHE","T6","11",0.044,11,"False"
"493","1678","CHE+DHE","T6","11",0.145,11,"True"
"494","1679","CHE+DHE","T6","11",0.059,11,"False"
"495","1680","CHE+DHE","T6","11",0.099,11,"False"
"496","1355","DHE","T9","11",0.088,11,"False"
"497","1356","DHE","T9","11",0.184,11,"False"
"498","1357","DHE","T9","11",0.156,11,"False"
"499","1363","DHE","T9","11",0.181,11,"False"
"500","1364","DHE","T9","11",0.305,11,"False"
"501","1374","DHE","T9","11",0.204,11,"False"
"502","1375","DHE","T9","11",0.251,11,"True"
"503","1376","DHE","T9","11",0.091,11,"False"
"504","1377","DHE","T9","11",0.027,11,"False"
"505","1380","DHE","T9","11",0.176,11,"False"
"506","1381","DHE","T9","11",0.053,11,"False"
"507","1382","DHE","T9","11",0.069,11,"False"
"508","1383","DHE","T9","11",0.245,11,"False"
"509","1384","DHE","T9","11",0.059,11,"False"
"510","1385","DHE","T9","11",0.122,11,"False"
"511","1386","DHE","T9","11",0.152,11,"False"
"512","1388","DHE","T9","11",0.074,11,"False"
"513","1389","DHE","T9","11",0.113,11,"False"
"514","1390","DHE","T9","11",0.139,11,"False"
"515","1392","DHE","T9","11",0.258,11,"False"
"516","1394","DHE","T9","11",0.07,11,"False"
"517","1395","DHE","T9","11",0.283,11,"True"
"518","1396","DHE","T9","11",0.218,11,"True"
"519","1397","DHE","T9","11",0.157,11,"False"
"520","1398","DHE","T9","11",0.397,11,"False"
"521","1399","DHE","T9","11",0.08,11,"False"
"522","1400","DHE","T9","11",0.042,11,"False"
"523","1401","DHE","T9","11",0.168,11,"False"
"524","1402","DHE","T9","11",0.146,11,"False"
"525","1404","DHE","T9","11",0.145,11,"False"
"526","1405","DHE","T9","11",0.17,11,"False"
"527","1406","DHE","T9","11",0.113,11,"False"
"528","1407","DHE","T9","11",0.276,11,"False"
"529","1408","DHE","T9","11",0.103,11,"False"
"530","1409","DHE","T9","11",0.05,11,"False"
"531","1410","DHE","T9","11",0.25,11,"False"
"532","1411","DHE","T9","11",0.04,11,"False"
"533","1412","DHE","T9","11",0.316,11,"False"
"534","1413","DHE","T9","11",0.074,11,"False"
"535","1414","DHE","T9","11",0.064,11,"False"
"536","1415","DHE","T9","11",0.077,11,"False"
"537","1416","DHE","T9","11",0.188,11,"False"
"538","1420","DHE","T9","11",0.062,11,"False"
"539","1421","DHE","T9","11",0.217,11,"False"
"540","1422","DHE","T9","11",0.194,11,"True"
"541","1926","CHE+DWT","T12","11",0.327,11,"False"
"542","1927","CHE+DWT","T12","11",0.255,11,"False"
"543","1928","CHE+DWT","T12","11",0.361,11,"False"
"544","1929","CHE+DWT","T12","11",0.201,11,"False"
"545","1930","CHE+DWT","T12","11",0.346,11,"False"
"546","1931","CHE+DWT","T12","11",0.432,11,"False"
"547","1932","CHE+DWT","T12","11",0.453,11,"False"
"548","1933","CHE+DWT","T12","11",0.225,11,"False"
"549","1937","CHE+DWT","T12","11",0.265,11,"False"
"550","1938","CHE+DWT","T12","11",0.093,11,"False"
"551","1939","CHE+DWT","T12","11",0.105,11,"False"
"552","1940","CHE+DWT","T12","11",0.213,11,"False"
"553","1943","CHE+DWT","T12","11",0.033,11,"False"
"554","1944","CHE+DWT","T12","11",0.107,11,"False"
"555","1945","CHE+DWT","T12","11",0.241,11,"False"
"556","1946","CHE+DWT","T12","11",0.241,11,"False"
"557","1948","CHE+DWT","T12","11",0.351,11,"False"
"558","1949","CHE+DWT","T12","11",0.296,11,"False"
"559","1950","CHE+DWT","T12","11",0.162,11,"False"
"560","1951","CHE+DWT","T12","11",0.402,11,"False"
"561","1952","CHE+DWT","T12","11",0.179,11,"False"
"562","1954","CHE+DWT","T12","11",0.282,11,"False"
"563","1956","CHE+DWT","T12","11",0.224,11,"False"
"564","1957","CHE+DWT","T12","11",0.276,11,"False"
"565","1958","CHE+DWT","T12","11",0.257,11,"False"
"566","1959","CHE+DWT","T12","11",0.092,11,"False"
"567","1960","CHE+DWT","T12","11",0.107,11,"False"
"568","1961","CHE+DWT","T12","11",0.09,11,"False"
"569","1964","CHE+DWT","T12","11",0.229,11,"False"
"570","1965","CHE+DWT","T12","11",0.061,11,"False"
"571","1966","CHE+DWT","T12","11",0.223,11,"False"
"572","1967","CHE+DWT","T12","11",0.281,11,"False"
"573","1968","CHE+DWT","T12","11",0.416,11,"False"
"574","1969","CHE+DWT","T12","11",0.32,11,"False"
"575","1970","CHE+DWT","T12","11",0.407,11,"False"
"576","1971","CHE+DWT","T12","11",0.235,11,"False"
"577","1973","CHE+DWT","T12","11",0.195,11,"True"
"578","1974","CHE+DWT","T12","11",0.247,11,"True"
"579","1975","CHE+DWT","T12","11",0.214,11,"True"
"580","1976","CHE+DWT","T12","11",0.135,11,"True"
"581","1977","CHE+DWT","T12","11",0.281,11,"True"
"582","1978","CHE+DWT","T12","11",0.229,11,"True"
"583","1979","CHE+DWT","T12","11",0.061,11,"True"
"584","1980","CHE+DWT","T12","11",0.397,11,"True"
"585","1981","CHE+DWT","T12","11",0.126,11,"True"
"586","1982","CHE+DWT","T12","11",0.148,11,"True"
"587","1983","CHE+DWT","T12","11",0.255,11,"True"
"588","1984","CHE+DWT","T12","11",0.226,11,"True"
"589","1986","CHE+DWT","T12","11",0.161,11,"False"
"590","1615","CHE+DHE","T14","11",0.277,11,"False"
"591","1616","CHE+DHE","T14","11",0.147,11,"False"
"592","1633","CHE+DHE","T14","11",0.218,11,"False"
"593","1634","CHE+DHE","T14","11",0.185,11,"True"
"594","1635","CHE+DHE","T14","11",0.06,11,"True"
"595","1761","CHE+DHE","T14","11",0.238,11,"False"
"596","1763","CHE+DHE","T14","11",0.149,11,"False"
"597","1764","CHE+DHE","T14","11",0.174,11,"False"
"598","1766","CHE+DHE","T14","11",0.265,11,"False"
"599","1767","CHE+DHE","T14","11",0.234,11,"False"
"600","1770","CHE+DHE","T14","11",0.064,11,"False"
"601","1771","CHE+DHE","T14","11",0.186,11,"False"
"602","1772","CHE+DHE","T14","11",0.19,11,"False"
"603","1773","CHE+DHE","T14","11",0.157,11,"False"
"604","1774","CHE+DHE","T14","11",0.185,11,"False"
"605","1775","CHE+DHE","T14","11",0.236,11,"False"
"606","1776","CHE+DHE","T14","11",0.276,11,"False"
"607","1777","CHE+DHE","T14","11",0.236,11,"False"
"608","1780","CHE+DHE","T14","11",0.232,11,"False"
"609","1783","CHE+DHE","T14","11",0.239,11,"True"
"610","1785","CHE+DHE","T14","11",0.125,11,"True"
"611","1786","CHE+DHE","T14","11",0.2,11,"False"
"612","1787","CHE+DHE","T14","11",0.15,11,"False"
"613","1790","CHE+DHE","T14","11",0.154,11,"False"
"614","1794","CHE+DHE","T14","11",0.086,11,"False"
"615","1803","CHE+DHE","T14","11",0.094,11,"False"
"616","1806","CHE+DHE","T14","11",0.16,11,"False"
"617","1807","CHE+DHE","T14","11",0.137,11,"False"
"618","1809","CHE+DHE","T14","11",0.174,11,"False"
"619","1810","CHE+DHE","T14","11",0.137,11,"False"
"620","1811","CHE+DHE","T14","11",0.066,11,"False"
"621","1814","CHE+DHE","T14","11",0.286,11,"False"
"622","1821","CHE+DHE","T14","11",0.175,11,"False"
"623","1824","CHE+DHE","T14","11",0.155,11,"False"
"624","1825","CHE+DHE","T14","11",0.209,11,"False"
"625","1827","CHE+DHE","T14","11",0.281,11,"False"
"626","1830","CHE+DHE","T14","11",0.226,11,"False"
"627","1831","CHE+DHE","T14","11",0.248,11,"False"
"628","1839","CHE+DHE","T14","11",0.06,11,"False"
"629","1840","CHE+DHE","T14","11",0.224,11,"False"
"630","1841","CHE+DHE","T14","11",0.159,11,"False"
"631","1846","CHE+DHE","T14","11",0.218,11,"False"
"632","1848","CHE+DHE","T14","11",0.389,11,"False"
"633","1849","CHE+DHE","T14","11",0.172,11,"False"
"634","1850","CHE+DHE","T14","11",0.162,11,"False"
"635","1851","CHE+DHE","T14","11",0.16,11,"False"
"636","1854","CHE+DHE","T14","11",0.149,11,"False"
"637","1855","CHE+DHE","T14","11",0.205,11,"False"
"638","1856","CHE+DHE","T14","11",0.243,11,"False"
"639","1857","CHE+DHE","T14","11",0.121,11,"False"
"640","1858","CHE+DHE","T14","11",0.157,11,"False"
"641","1859","CHE+DHE","T14","11",0.213,11,"False"
"642","1860","CHE+DHE","T14","11",0.093,11,"False"
"643","1861","CHE+DHE","T14","11",0.251,11,"False"
"644","1862","CHE+DHE","T14","11",0.165,11,"False"
"645","1863","CHE+DHE","T14","11",0.231,11,"False"
"646","1864","CHE+DHE","T14","11",0.221,11,"False"
"647","1866","CHE+DHE","T14","11",0.203,11,"False"
"648","1870","CHE+DHE","T14","11",0.155,11,"False"
"649","1873","CHE+DHE","T14","11",0.129,11,"False"
"650","1874","CHE+DHE","T14","11",0.168,11,"False"
"651","1876","CHE+DHE","T14","11",0.263,11,"False"
"652","1878","CHE+DHE","T14","11",0.23,11,"False"
"653","1879","CHE+DHE","T14","11",0.252,11,"False"
"654","1880","CHE+DHE","T14","11",0.192,11,"False"
"655","1881","CHE+DHE","T14","11",0.218,11,"False"
"656","1884","CHE+DHE","T14","11",0.224,11,"False"
"657","1887","CHE+DHE","T14","11",0.25,11,"False"
"658","1888","CHE+DHE","T14","11",0.152,11,"False"
"659","1889","CHE+DHE","T14","11",0.2,11,"False"
"660","1893","CHE+DHE","T14","11",0.193,11,"False"
"661","1894","CHE+DHE","T14","11",0.201,11,"False"
"662","1895","CHE+DHE","T14","11",0.277,11,"False"
"663","1896","CHE+DHE","T14","11",0.166,11,"False"
"664","1897","CHE+DHE","T14","11",0.078,11,"False"
"665","1898","CHE+DHE","T14","11",0.232,11,"False"
"666","1899","CHE+DHE","T14","11",0.179,11,"False"
"667","1904","CHE+DHE","T14","11",0.2,11,"False"
"668","1905","CHE+DHE","T14","11",0.213,11,"False"
"669","1906","CHE+DHE","T14","11",0.187,11,"False"
"670","1907","CHE+DHE","T14","11",0.276,11,"False"
"671","1908","CHE+DHE","T14","11",0.177,11,"False"
"672","1910","CHE+DHE","T14","11",0.244,11,"False"
"673","1911","CHE+DHE","T14","11",0.217,11,"False"
"674","1912","CHE+DHE","T14","11",0.176,11,"False"
"675","1915","CHE+DHE","T14","11",0.24,11,"False"
"676","1921","CHE+DHE","T14","11",0.222,11,"False"
"677","1922","CHE+DHE","T14","11",0.257,11,"True"
"678","1923","CHE+DHE","T14","11",0.196,11,"True"
"679","1924","CHE+DHE","T14","11",0.06,11,"False"
"680","2057","CHE+DHE","T14","11",0.075,11,"False"
"681","2058","CHE+DHE","T14","11",0.091,11,"False"
"682","2059","CHE+DHE","T14","11",0.09,11,"False"
"683","2060","CHE+DHE","T14","11",0.069,11,"False"
"684","2061","CHE+DHE","T14","11",0.141,11,"True"
"685","2062","CHE+DHE","T14","11",0.213,11,"True"
"686","2063","CHE+DHE","T14","11",0.225,11,"True"
"687","2064","CHE+DHE","T14","11",0.196,11,"True"
"688","2065","CHE+DHE","T14","11",0.18,11,"True"
"689","2067","CHE+DHE","T14","11",0.166,11,"True"
"690","2068","CHE+DHE","T14","11",0.201,11,"True"
"691","2069","CHE+DHE","T14","11",0.083,11,"True"
"692","2070","CHE+DHE","T14","11",0.211,11,"True"
"693","2071","CHE+DHE","T14","11",0.181,11,"True"
"694","2072","CHE+DHE","T14","11",0.106,11,"True"
"695","2093","CWT+DHE","T15","11",0.238,11,"False"
"696","2094","CWT+DHE","T15","11",0.278,11,"False"
"697","2095","CWT+DHE","T15","11",0.217,11,"False"
"698","2096","CWT+DHE","T15","11",0.153,11,"False"
"699","2098","CWT+DHE","T15","11",0.388,11,"False"
"700","2100","CWT+DHE","T15","11",0.133,11,"False"
"701","2104","CWT+DHE","T15","11",0.174,11,"False"
"702","2108","CWT+DHE","T15","11",0.114,11,"False"
"703","2113","CWT+DHE","T15","11",0.233,11,"False"
"704","2114","CWT+DHE","T15","11",0.179,11,"False"
"705","2115","CWT+DHE","T15","11",0.175,11,"False"
"706","2116","CWT+DHE","T15","11",0.246,11,"False"
"707","2120","CWT+DHE","T15","11",0.286,11,"False"
"708","1991","CWT+DWT","T13","11",0.162,11,"False"
"709","1992","CWT+DWT","T13","11",0.194,11,"False"
"710","1993","CWT+DWT","T13","11",0.247,11,"False"
"711","1997","CWT+DWT","T13","11",0.323,11,"False"
"712","1998","CWT+DWT","T13","11",0.328,11,"False"
"713","1999","CWT+DWT","T13","11",0.179,11,"False"
"714","2000","CWT+DWT","T13","11",0.276,11,"False"
"715","2003","CWT+DWT","T13","11",0.206,11,"False"
"716","2005","CWT+DWT","T13","11",0.154,11,"False"
"717","2006","CWT+DWT","T13","11",0.151,11,"False"
"718","2008","CWT+DWT","T13","11",0.221,11,"False"
"719","2009","CWT+DWT","T13","11",0.12,11,"False"
"720","2010","CWT+DWT","T13","11",0.245,11,"False"
"721","2011","CWT+DWT","T13","11",0.267,11,"False"
"722","2012","CWT+DWT","T13","11",0.281,11,"False"
"723","2013","CWT+DWT","T13","11",0.27,11,"False"
"724","2014","CWT+DWT","T13","11",0.241,11,"False"
"725","2015","CWT+DWT","T13","11",0.256,11,"False"
"726","2016","CWT+DWT","T13","11",0.202,11,"True"
"727","2017","CWT+DWT","T13","11",0.11,11,"False"
"728","2019","CWT+DWT","T13","11",0.479,11,"False"
"729","2022","CWT+DWT","T13","11",0.216,11,"False"
"730","2023","CWT+DWT","T13","11",0.251,11,"False"
"731","2024","CWT+DWT","T13","11",0.128,11,"False"
"732","2025","CWT+DWT","T13","11",0.093,11,"False"
"733","2026","CWT+DWT","T13","11",0.267,11,"False"
"734","2027","CWT+DWT","T13","11",0.159,11,"False"
"735","2031","CWT+DWT","T13","11",0.217,11,"False"
"736","2032","CWT+DWT","T13","11",0.277,11,"False"
"737","2033","CWT+DWT","T13","11",0.462,11,"False"
"738","2034","CWT+DWT","T13","11",0.059,11,"False"
"739","2037","CWT+DWT","T13","11",0.127,11,"False"
"740","2038","CWT+DWT","T13","11",0.085,11,"False"
"741","2039","CWT+DWT","T13","11",0.206,11,"False"
"742","2040","CWT+DWT","T13","11",0.133,11,"False"
"743","2041","CWT+DWT","T13","11",0.281,11,"False"
"744","2042","CWT+DWT","T13","11",0.127,11,"False"
"745","2043","CWT+DWT","T13","11",0.318,11,"False"
"746","2044","CWT+DWT","T13","11",0.234,11,"False"
"747","2045","CWT+DWT","T13","11",0.067,11,"False"
"748","2046","CWT+DWT","T13","11",0.155,11,"False"
"749","2047","CWT+DWT","T13","11",0.149,11,"False"
"750","2048","CWT+DWT","T13","11",0.147,11,"False"
"751","2050","CWT+DWT","T13","11",0.134,11,"False"
"752","2051","CWT+DWT","T13","11",0.303,11,"False"
"753","2052","CWT+DWT","T13","11",0.139,11,"False"
"754","2053","CWT+DWT","T13","11",0.089,11,"False"
"755","2054","CWT+DWT","T13","11",0.209,11,"False"
"756","2055","CWT+DWT","T13","11",0.241,11,"False"
"757","2080","CWT+DWT","T13","11",0.044,11,"False"
"758","2081","CWT+DWT","T13","11",0.104,11,"False"
"759","2083","CWT+DWT","T13","11",0.122,11,"True"
"760","2084","CWT+DWT","T13","11",0.275,11,"True"
"761","2085","CWT+DWT","T13","11",0.219,11,"True"
"762","2086","CWT+DWT","T13","11",0.261,11,"True"
"763","2087","CWT+DWT","T13","11",0.181,11,"True"
"764","2088","CWT+DWT","T13","11",0.11,11,"True"
"765","2089","CWT+DWT","T13","11",0.021,11,"True"
"766","2090","CWT+DWT","T13","11",0.152,11,"True"
"767","2091","CWT+DWT","T13","11",0.138,11,"True"
"768","2260","CWT","T16","11",0.058,11,"False"
"769","2261","CWT","T16","11",0.062,11,"False"
"770","2262","CWT","T16","11",0.055,11,"False"
"771","2263","CWT","T16","11",0.092,11,"False"
"772","2264","CWT","T16","11",0.099,11,"False"
"773","2267","CWT","T16","11",0.119,11,"False"
"774","2269","CWT","T16","11",0.059,11,"False"
"775","2270","CWT","T16","11",0.152,11,"False"
"776","2271","CWT","T16","11",0.094,11,"False"
"777","2272","CWT","T16","11",0.088,11,"False"
"778","2273","CWT","T16","11",0.096,11,"False"
"779","2274","CWT","T16","11",0.112,11,"False"
"780","2281","CWT","T16","11",0.16,11,"False"
"781","2282","CWT","T16","11",0.126,11,"False"
"782","2283","CWT","T16","11",0.152,11,"False"
"783","2284","CWT","T16","11",0.184,11,"False"
"784","2286","CWT","T16","11",0.179,11,"False"
"785","2292","CWT","T16","11",0.161,11,"False"
"786","2293","CWT","T16","11",0.205,11,"False"
"787","2294","CWT","T16","11",0.066,11,"False"
"788","2296","CWT","T16","11",0.188,11,"False"
"789","2297","CWT","T16","11",0.127,11,"False"
"790","2298","CWT","T16","11",0.121,11,"False"
"791","2299","CWT","T16","11",0.093,11,"False"
"792","2300","CWT","T16","11",0.146,11,"False"
"793","2302","CWT","T16","11",0.146,11,"False"
"794","2303","CWT","T16","11",0.117,11,"False"
"795","2304","CWT","T16","11",0.137,11,"False"
"796","2305","CWT","T16","11",0.071,11,"False"
"797","2306","CWT","T16","11",0.192,11,"False"
"798","2307","CWT","T16","11",0.091,11,"False"
"799","2308","CWT","T16","11",0.112,11,"False"
"800","2309","CWT","T16","11",0.106,11,"False"
"801","2310","CWT","T16","11",0.051,11,"False"
"802","2311","CWT","T16","11",0.08,11,"False"
"803","2314","CWT","T16","11",0.127,11,"False"
"804","2315","CWT","T16","11",0.117,11,"False"
"805","2316","CWT","T16","11",0.084,11,"False"
"806","2317","CWT","T16","11",0.17,11,"False"
"807","2318","CWT","T16","11",0.095,11,"False"
"808","2319","CWT","T16","11",0.049,11,"False"
"809","2320","CWT","T16","11",0.067,11,"False"
"810","2321","CWT","T16","11",0.113,11,"False"
"811","2322","CWT","T16","11",0.091,11,"False"
"812","2323","CWT","T16","11",0.055,11,"False"
"813","2324","CWT","T16","11",0.126,11,"False"
"814","2325","CWT","T16","11",0.097,11,"False"
"815","2326","CWT","T16","11",0.125,11,"False"
"816","2330","CWT","T16","11",0.083,11,"False"
"817","2332","CWT","T16","11",0.055,11,"False"
"818","2334","CWT","T16","11",0.071,11,"False"
"819","2338","CWT","T16","11",0.139,11,"False"
"820","2339","CWT","T16","11",0.155,11,"False"
"821","2341","CWT","T16","11",0.129,11,"False"
"822","2343","CWT","T16","11",0.127,11,"False"
"823","2345","CWT","T16","11",0.21,11,"False"
"824","2346","CWT","T16","11",0.102,11,"False"
"825","2347","CWT","T16","11",0.073,11,"False"
"826","2348","CWT","T16","11",0.051,11,"False"
"827","2350","CWT","T16","11",0.1,11,"False"
"828","2351","CWT","T16","11",0.121,11,"False"
"829","2352","CWT","T16","11",0.134,11,"False"
"830","2353","CWT","T16","11",0.048,11,"False"
"831","2354","CWT","T16","11",0.044,11,"False"
"832","2355","CWT","T16","11",0.153,11,"False"
"833","2356","CWT","T16","11",0.123,11,"False"
"834","2357","CWT","T16","11",0.112,11,"False"
"835","2361","CWT","T16","11",0.152,11,"False"
"836","2362","CWT","T16","11",0.123,11,"False"
"837","2364","CWT","T16","11",0.174,11,"False"
"838","2365","CWT","T16","11",0.131,11,"False"
"839","2367","CWT","T16","11",0.076,11,"False"
"840","2368","CWT","T16","11",0.069,11,"False"
"841","2369","CWT","T16","11",0.083,11,"False"
"842","2370","CWT","T16","11",0.158,11,"False"
"843","2371","CWT","T16","11",0.087,11,"True"
"844","2372","CWT","T16","11",0.111,11,"False"
"845","2373","CWT","T16","11",0.096,11,"True"
"846","2374","CWT","T16","11",0.108,11,"False"
"847","2375","CWT","T16","11",0.154,11,"True"
"848","2376","CWT","T16","11",0.118,11,"False"
"849","2377","CWT","T16","11",0.07,11,"False"
"850","2378","CWT","T16","11",0.051,11,"False"
"851","2379","CWT","T16","11",0.095,11,"False"
"852","2380","CWT","T16","11",0.092,11,"False"
"853","2513","CHE","T22","11",0.089,11,"False"
"854","2514","CHE","T22","11",0.123,11,"False"
"855","2515","CHE","T22","11",0.156,11,"False"
"856","2516","CHE","T22","11",0.134,11,"False"
"857","2517","CHE","T22","11",0.094,11,"False"
"858","2520","CHE","T22","11",0.111,11,"False"
"859","2526","CHE","T22","11",0.154,11,"False"
"860","2527","CHE","T22","11",0.082,11,"False"
"861","2529","CHE","T22","11",0.099,11,"False"
"862","2531","CHE","T22","11",0.089,11,"False"
"863","2532","CHE","T22","11",0.096,11,"False"
"864","2533","CHE","T22","11",0.093,11,"False"
"865","2534","CHE","T22","11",0.067,11,"False"
"866","2538","CHE","T22","11",0.107,11,"False"
"867","2539","CHE","T22","11",0.094,11,"False"
"868","2540","CHE","T22","11",0.111,11,"True"
"869","2541","CHE","T22","11",0.067,11,"False"
"870","2542","CHE","T22","11",0.119,11,"False"
"871","2543","CHE","T22","11",0.042,11,"False"
"872","2544","CHE","T22","11",0.132,11,"False"
"873","2547","CHE","T22","11",0.132,11,"False"
"874","2550","CHE","T22","11",0.082,11,"False"
"875","2561","CHE","T22","11",0.107,11,"False"
"876","2564","CHE","T22","11",0.076,11,"False"
"877","2566","CHE","T22","11",0.15,11,"False"
"878","2567","CHE","T22","11",0.098,11,"False"
"879","2568","CHE","T22","11",0.093,11,"False"
"880","2569","CHE","T22","11",0.119,11,"False"
"881","2576","CHE","T22","11",0.073,11,"False"
"882","2577","CHE","T22","11",0.082,11,"False"
"883","2580","CHE","T22","11",0.075,11,"False"
"884","2584","CHE","T22","11",0.089,11,"False"
"885","2585","CHE","T22","11",0.092,11,"False"
"886","2586","CHE","T22","11",0.21,11,"False"
"887","2587","CHE","T22","11",0.139,11,"False"
"888","2588","CHE","T22","11",0.113,11,"False"
"889","2591","CHE","T22","11",0.151,11,"False"
"890","2592","CHE","T22","11",0.205,11,"False"
"891","2593","CHE","T22","11",0.082,11,"False"
"892","2603","CHE","T22","11",0.081,11,"False"
"893","2608","CHE","T22","11",0.111,11,"False"
"894","2385","DWT","T17","11",0.247,11,"False"
"895","2386","DWT","T17","11",0.295,11,"False"
"896","2387","DWT","T17","11",0.28,11,"False"
"897","2389","DWT","T17","11",0.259,11,"False"
"898","2390","DWT","T17","11",0.21,11,"False"
"899","2391","DWT","T17","11",0.15,11,"False"
"900","2396","DWT","T17","11",0.083,11,"False"
"901","2397","DWT","T17","11",0.266,11,"False"
"902","2398","DWT","T17","11",0.195,11,"False"
"903","2401","DWT","T17","11",0.217,11,"False"
"904","2402","DWT","T17","11",0.254,11,"False"
"905","2404","DWT","T17","11",0.299,11,"False"
"906","2405","DWT","T17","11",0.177,11,"False"
"907","2406","DWT","T17","11",0.082,11,"False"
"908","2407","DWT","T17","11",0.138,11,"True"
"909","2408","DWT","T17","11",0.176,11,"False"
"910","2409","DWT","T17","11",0.279,11,"False"
"911","2410","DWT","T17","11",0.112,11,"False"
"912","2412","DWT","T17","11",0.1,11,"False"
"913","2413","DWT","T17","11",0.241,11,"False"
"914","2414","DWT","T17","11",0.081,11,"False"
"915","2415","DWT","T17","11",0.151,11,"False"
"916","2416","DWT","T17","11",0.253,11,"False"
"917","2417","DWT","T17","11",0.194,11,"False"
"918","2424","DWT","T17","11",0.269,11,"False"
"919","2425","DWT","T17","11",0.167,11,"False"
"920","2427","DWT","T17","11",0.174,11,"False"
"921","2428","DWT","T17","11",0.185,11,"False"
"922","2430","DWT","T17","11",0.206,11,"False"
"923","2431","DWT","T17","11",0.114,11,"False"
"924","2433","DWT","T17","11",0.186,11,"False"
"925","2435","DWT","T17","11",0.229,11,"False"
"926","2437","DWT","T17","11",0.094,11,"True"
"927","2438","DWT","T17","11",0.197,11,"False"
"928","2439","DWT","T17","11",0.293,11,"False"
"929","2440","DWT","T17","11",0.211,11,"True"
"930","2441","DWT","T17","11",0.074,11,"False"
"931","2442","DWT","T17","11",0.174,11,"False"
"932","2443","DWT","T17","11",0.071,11,"False"
"933","2444","DWT","T17","11",0.226,11,"False"
"934","2445","DWT","T17","11",0.23,11,"False"
"935","2446","DWT","T17","11",0.263,11,"False"
"936","2449","DWT","T17","11",0.19,11,"False"
"937","2453","DWT","T17","11",0.23,11,"False"
"938","2456","DWT","T17","11",0.557,11,"False"
"939","2459","DWT","T17","11",0.118,11,"True"
"940","2461","DWT","T17","11",0.207,11,"False"
"941","2463","DWT","T17","11",0.265,11,"False"
"942","2464","DWT","T17","11",0.161,11,"False"
"943","2469","DWT","T17","11",0.164,11,"False"
"944","2472","DWT","T17","11",0.121,11,"False"
"945","2477","DWT","T17","11",0.201,11,"False"
"946","2478","DWT","T17","11",0.256,11,"False"
"947","2479","DWT","T17","11",0.212,11,"False"
"948","2480","DWT","T17","11",0.2,11,"False"
"949","2481","DWT","T17","11",0.195,11,"False"
"950","2482","DWT","T17","11",0.235,11,"False"
"951","2483","DWT","T17","11",0.219,11,"False"
"952","2484","DWT","T17","11",0.221,11,"False"
"953","2485","DWT","T17","11",0.154,11,"False"
"954","2486","DWT","T17","11",0.275,11,"False"
"955","2487","DWT","T17","11",0.257,11,"False"
"956","2488","DWT","T17","11",0.145,11,"False"
"957","2489","DWT","T17","11",0.147,11,"False"
"958","2491","DWT","T17","11",0.207,11,"False"
"959","2492","DWT","T17","11",0.303,11,"False"
"960","2493","DWT","T17","11",0.154,11,"False"
"961","2494","DWT","T17","11",0.267,11,"False"
"962","2495","DWT","T17","11",0.262,11,"False"
"963","2496","DWT","T17","11",0.237,11,"False"
"964","2497","DWT","T17","11",0.182,11,"False"
"965","2501","DWT","T17","11",0.101,11,"False"
"966","2502","DWT","T17","11",0.034,11,"False"
"967","2504","DWT","T17","11",0.125,11,"False"
"968","2505","DWT","T17","11",0.071,11,"False"
"969","2506","DWT","T17","11",0.052,11,"False"
"970","2507","DWT","T17","11",0.084,11,"False"
"971","2508","DWT","T17","11",0.188,11,"False"
"972","2693","CHE","T20","11",0.119,11,"False"
"973","2694","CHE","T20","11",0.22,11,"False"
"974","2695","CHE","T20","11",0.203,11,"False"
"975","2696","CHE","T20","11",0.123,11,"False"
"976","2698","CHE","T20","11",0.188,11,"False"
"977","2699","CHE","T20","11",0.249,11,"False"
"978","2700","CHE","T20","11",0.139,11,"False"
"979","2703","CHE","T20","11",0.182,11,"False"
"980","2706","CHE","T20","11",0.105,11,"False"
"981","2707","CHE","T20","11",0.128,11,"False"
"982","2708","CHE","T20","11",0.097,11,"False"
"983","2709","CHE","T20","11",0.129,11,"False"
"984","2712","CHE","T20","11",0.126,11,"False"
"985","2713","CHE","T20","11",0.156,11,"False"
"986","2720","CHE","T20","11",0.091,11,"False"
"987","2721","CHE","T20","11",0.086,11,"False"
"988","2722","CHE","T20","11",0.084,11,"False"
"989","2723","CHE","T20","11",0.112,11,"False"
"990","2725","CHE","T20","11",0.129,11,"False"
"991","2726","CHE","T20","11",0.117,11,"False"
"992","2727","CHE","T20","11",0.097,11,"False"
"993","2728","CHE","T20","11",0.15,11,"False"
"994","2729","CHE","T20","11",0.102,11,"False"
"995","2730","CHE","T20","11",0.178,11,"False"
"996","2733","CHE","T20","11",0.176,11,"False"
"997","2734","CHE","T20","11",0.062,11,"False"
"998","2735","CHE","T20","11",0.135,11,"False"
"999","2736","CHE","T20","11",0.118,11,"False"
"1000","2743","CHE","T20","11",0.19,11,"True"
"1001","2746","CHE","T20","11",0.142,11,"True"
"1002","1681","DWT","T10","11",0.193,11,"False"
"1003","1683","DWT","T10","11",0.161,11,"False"
"1004","1685","DWT","T10","11",0.203,11,"False"
"1005","1686","DWT","T10","11",0.046,11,"False"
"1006","1691","DWT","T10","11",0.186,11,"False"
"1007","1692","DWT","T10","11",0.268,11,"False"
"1008","1693","DWT","T10","11",0.373,11,"False"
"1009","1694","DWT","T10","11",0.143,11,"False"
"1010","1695","DWT","T10","11",0.317,11,"False"
"1011","1696","DWT","T10","11",0.199,11,"False"
"1012","1697","DWT","T10","11",0.13,11,"False"
"1013","1698","DWT","T10","11",0.153,11,"False"
"1014","1699","DWT","T10","11",0.204,11,"False"
"1015","1700","DWT","T10","11",0.172,11,"False"
"1016","1702","DWT","T10","11",0.244,11,"False"
"1017","1703","DWT","T10","11",0.294,11,"False"
"1018","1704","DWT","T10","11",0.05,11,"False"
"1019","1705","DWT","T10","11",0.23,11,"False"
"1020","1706","DWT","T10","11",0.139,11,"False"
"1021","1707","DWT","T10","11",0.217,11,"False"
"1022","1709","DWT","T10","11",0.227,11,"False"
"1023","1710","DWT","T10","11",0.144,11,"False"
"1024","1711","DWT","T10","11",0.299,11,"False"
"1025","1712","DWT","T10","11",0.177,11,"False"
"1026","1713","DWT","T10","11",0.253,11,"False"
"1027","1715","DWT","T10","11",0.233,11,"False"
"1028","1716","DWT","T10","11",0.165,11,"False"
"1029","1717","DWT","T10","11",0.157,11,"False"
"1030","1719","DWT","T10","11",0.244,11,"False"
"1031","1720","DWT","T10","11",0.118,11,"False"
"1032","1721","DWT","T10","11",0.073,11,"False"
"1033","1723","DWT","T10","11",0.178,11,"False"
"1034","1724","DWT","T10","11",0.187,11,"False"
"1035","1725","DWT","T10","11",0.197,11,"False"
"1036","1726","DWT","T10","11",0.081,11,"False"
"1037","1727","DWT","T10","11",0.118,11,"False"
"1038","1730","DWT","T10","11",0.044,11,"False"
"1039","1731","DWT","T10","11",0.233,11,"False"
"1040","1732","DWT","T10","11",0.104,11,"False"
"1041","1733","DWT","T10","11",0.261,11,"False"
"1042","1734","DWT","T10","11",0.019,11,"False"
"1043","1735","DWT","T10","11",0.099,11,"False"
"1044","1736","DWT","T10","11",0.153,11,"False"
"1045","1737","DWT","T10","11",0.114,11,"False"
"1046","1738","DWT","T10","11",0.346,11,"False"
"1047","1739","DWT","T10","11",0.065,11,"False"
"1048","1740","DWT","T10","11",0.162,11,"False"
"1049","1741","DWT","T10","11",0.091,11,"False"
"1050","1742","DWT","T10","11",0.304,11,"False"
"1051","1743","DWT","T10","11",0.213,11,"False"
"1052","1744","DWT","T10","11",0.103,11,"False"
"1053","1748","DWT","T10","11",0.158,11,"False"
"1054","1749","DWT","T10","11",0.26,11,"True"
"1055","1750","DWT","T10","11",0.259,11,"True"
"1056","1751","DWT","T10","11",0.172,11,"True"
"1057","1752","DWT","T10","11",0.271,11,"True"
"1058","1753","DWT","T10","11",0.234,11,"True"
"1059","1754","DWT","T10","11",0.072,11,"True"
"1060","1755","DWT","T10","11",0.236,11,"True"
"1061","1756","DWT","T10","11",0.159,11,"True"
"1062","1757","DWT","T10","11",0.097,11,"False"
"1063","2623","CHE+DHE","T21","11",0.22,11,"False"
"1064","2624","CHE+DHE","T21","11",0.109,11,"False"
"1065","2629","CHE+DHE","T21","11",0.052,11,"False"
"1066","2630","CHE+DHE","T21","11",0.196,11,"False"
"1067","2631","CHE+DHE","T21","11",0.144,11,"False"
"1068","2632","CHE+DHE","T21","11",0.279,11,"False"
"1069","2633","CHE+DHE","T21","11",0.115,11,"False"
"1070","2634","CHE+DHE","T21","11",0.243,11,"False"
"1071","2636","CHE+DHE","T21","11",0.077,11,"False"
"1072","2637","CHE+DHE","T21","11",0.07,11,"False"
"1073","2638","CHE+DHE","T21","11",0.235,11,"False"
"1074","2639","CHE+DHE","T21","11",0.18,11,"False"
"1075","2640","CHE+DHE","T21","11",0.196,11,"False"
"1076","2641","CHE+DHE","T21","11",0.123,11,"False"
"1077","2642","CHE+DHE","T21","11",0.184,11,"False"
"1078","2643","CHE+DHE","T21","11",0.112,11,"False"
"1079","2644","CHE+DHE","T21","11",0.09,11,"False"
"1080","2649","CHE+DHE","T21","11",0.16,11,"False"
"1081","2650","CHE+DHE","T21","11",0.156,11,"False"
"1082","2651","CHE+DHE","T21","11",0.148,11,"False"
"1083","2652","CHE+DHE","T21","11",0.066,11,"False"
"1084","2653","CHE+DHE","T21","11",0.222,11,"False"
"1085","2654","CHE+DHE","T21","11",0.189,11,"False"
"1086","2655","CHE+DHE","T21","11",0.074,11,"False"
"1087","2656","CHE+DHE","T21","11",0.279,11,"False"
"1088","2657","CHE+DHE","T21","11",0.225,11,"False"
"1089","2660","CHE+DHE","T21","11",0.207,11,"False"
"1090","2663","CHE+DHE","T21","11",0.231,11,"False"
"1091","2665","CHE+DHE","T21","11",0.105,11,"False"
"1092","2666","CHE+DHE","T21","11",0.214,11,"False"
"1093","2667","CHE+DHE","T21","11",0.147,11,"False"
"1094","2672","CHE+DHE","T21","11",0.168,11,"False"
"1095","2673","CHE+DHE","T21","11",0.222,11,"False"
"1096","2674","CHE+DHE","T21","11",0.208,11,"False"
"1097","2678","CHE+DHE","T21","11",0.08,11,"False"
"1098","2679","CHE+DHE","T21","11",0.119,11,"False"
"1099","2683","CHE+DHE","T21","11",0.295,11,"False"
"1100","2684","CHE+DHE","T21","11",0.311,11,"False"
"1101","2685","CHE+DHE","T21","11",0.313,11,"False"
"1102","2686","CHE+DHE","T21","11",0.256,11,"True"
"1103","2687","CHE+DHE","T21","11",0.066,11,"False"
"1104","2688","CHE+DHE","T21","11",0.126,11,"True"
"1105","2689","CHE+DHE","T21","11",0.173,11,"False"
"1106","2690","CHE+DHE","T21","11",0.165,11,"True"
"1107","2751","CWT+DWT","T27","11",0.227,11,"False"
"1108","2752","CWT+DWT","T27","11",0.207,11,"False"
"1109","2753","CWT+DWT","T27","11",0.278,11,"False"
"1110","2758","CWT+DWT","T27","11",0.138,11,"False"
"1111","2759","CWT+DWT","T27","11",0.217,11,"False"
"1112","2761","CWT+DWT","T27","11",0.17,11,"False"
"1113","2764","CWT+DWT","T27","11",0.222,11,"False"
"1114","2765","CWT+DWT","T27","11",0.108,11,"False"
"1115","2766","CWT+DWT","T27","11",0.09,11,"False"
"1116","2767","CWT+DWT","T27","11",0.181,11,"False"
"1117","2768","CWT+DWT","T27","11",0.224,11,"False"
"1118","2769","CWT+DWT","T27","11",0.263,11,"False"
"1119","2770","CWT+DWT","T27","11",0.247,11,"False"
"1120","2771","CWT+DWT","T27","11",0.229,11,"False"
"1121","2772","CWT+DWT","T27","11",0.227,11,"False"
"1122","2777","CWT+DWT","T27","11",0.283,11,"False"
"1123","2778","CWT+DWT","T27","11",0.056,11,"False"
"1124","2784","CWT+DWT","T27","11",0.19,11,"False"
"1125","2785","CWT+DWT","T27","11",0.102,11,"False"
"1126","2787","CWT+DWT","T27","11",0.287,11,"False"
"1127","2788","CWT+DWT","T27","11",0.123,11,"False"
"1128","2789","CWT+DWT","T27","11",0.119,11,"False"
"1129","2790","CWT+DWT","T27","11",0.082,11,"False"
"1130","2798","CWT+DWT","T27","11",0.161,11,"False"
"1131","2800","CWT+DWT","T27","11",0.16,11,"False"
"1132","2803","CWT+DWT","T27","11",0.102,11,"False"
"1133","2804","CWT+DWT","T27","11",0.06,11,"False"
"1134","2805","CWT+DWT","T27","11",0.158,11,"False"
"1135","2806","CWT+DWT","T27","11",0.144,11,"False"
"1136","2807","CWT+DWT","T27","11",0.12,11,"False"
"1137","2808","CWT+DWT","T27","11",0.109,11,"False"
"1138","2809","CWT+DWT","T27","11",0.129,11,"False"
"1139","2811","CWT+DWT","T27","11",0.193,11,"False"
"1140","2812","CWT+DWT","T27","11",0.179,11,"False"
"1141","2815","CWT+DWT","T27","11",0.046,11,"False"
"1142","2816","CWT+DWT","T27","11",0.166,11,"False"
"1143","2817","CWT+DWT","T27","11",0.21,11,"False"
"1144","2818","CWT+DWT","T27","11",0.216,11,"False"
"1145","2819","CWT+DWT","T27","11",0.146,11,"False"
"1146","2820","CWT+DWT","T27","11",0.22,11,"False"
"1147","2821","CWT+DWT","T27","11",0.215,11,"False"
"1148","2822","CWT+DWT","T27","11",0.178,11,"False"
"1149","2823","CWT+DWT","T27","11",0.071,11,"False"
"1150","2825","CWT+DWT","T27","11",0.606,11,"False"
"1151","2826","CWT+DWT","T27","11",0.141,11,"False"
"1152","2827","CWT+DWT","T27","11",0.14,11,"True"
"1153","2830","CWT+DWT","T27","11",0.141,11,"True"
"1154","2831","CWT+DWT","T27","11",0.045,11,"True"
"1155","2861","DWT","T18","11",0.308,11,"True"
"1156","2863","DWT","T18","11",0.126,11,"True"
"1157","2864","DWT","T18","11",0.094,11,"False"
"1158","2865","DWT","T18","11",0.251,11,"True"
"1159","2866","DWT","T18","11",0.206,11,"False"
"1160","2869","DWT","T18","11",0.17,11,"False"
"1161","2870","DWT","T18","11",0.253,11,"False"
"1162","2871","DWT","T18","11",0.124,11,"False"
"1163","2872","DWT","T18","11",0.121,11,"False"
"1164","2873","DWT","T18","11",0.141,11,"False"
"1165","2874","DWT","T18","11",0.156,11,"False"
"1166","2875","DWT","T18","11",0.084,11,"False"
"1167","2876","DWT","T18","11",0.124,11,"False"
"1168","2877","DWT","T18","11",0.146,11,"False"
"1169","2878","DWT","T18","11",0.261,11,"True"
"1170","2879","DWT","T18","11",0.183,11,"True"
"1171","2880","DWT","T18","11",0.271,11,"False"
"1172","2881","DWT","T18","11",0.248,11,"False"
"1173","2882","DWT","T18","11",0.112,11,"False"
"1174","2883","DWT","T18","11",0.19,11,"False"
"1175","2884","DWT","T18","11",0.213,11,"False"
"1176","2887","DWT","T18","11",0.157,11,"False"
"1177","2888","DWT","T18","11",0.278,11,"False"
"1178","2898","DWT","T18","11",0.286,11,"False"
"1179","2899","DWT","T18","11",0.176,11,"False"
"1180","2900","DWT","T18","11",0.221,11,"False"
"1181","2906","DWT","T18","11",0.184,11,"False"
"1182","2907","DWT","T18","11",0.191,11,"False"
"1183","2908","DWT","T18","11",0.234,11,"False"
"1184","2909","DWT","T18","11",0.286,11,"False"
"1185","2910","DWT","T18","11",0.262,11,"False"
"1186","2912","DWT","T18","11",0.228,11,"False"
"1187","2918","DWT","T18","11",0.212,11,"False"
"1188","2929","DWT","T18","11",0.33,11,"False"
"1189","2935","DWT","T18","11",0.173,11,"False"
"1190","2952","DWT","T18","11",0.184,11,"False"
"1191","2953","DWT","T18","11",0.207,11,"False"
"1192","2956","DWT","T18","11",0.155,11,"False"
"1193","2957","DWT","T18","11",0.17,11,"False"
"1194","2958","DWT","T18","11",0.293,11,"False"
"1195","2960","DWT","T18","11",0.195,11,"False"
"1196","2961","DWT","T18","11",0.021,11,"False"
"1197","2962","DWT","T18","11",0.222,11,"True"
"1198","2963","DWT","T18","11",0.165,11,"False"
"1199","2964","DWT","T18","11",0.107,11,"False"
"1200","2965","DWT","T18","11",0.125,11,"False"
"1201","2966","DWT","T18","11",0.099,11,"False"
"1202","2972","DWT","T18","11",0.268,11,"False"
"1203","2973","DWT","T18","11",0.265,11,"False"
"1204","2974","DWT","T18","11",0.227,11,"False"
"1205","2975","DWT","T18","11",0.24,11,"False"
"1206","2976","DWT","T18","11",0.179,11,"False"
"1207","2979","DWT","T18","11",0.139,11,"False"
"1208","2982","DWT","T18","11",0.209,11,"False"
"1209","2989","DWT","T18","11",0.269,11,"False"
"1210","2990","DWT","T18","11",0.266,11,"True"
"1211","2991","DWT","T18","11",0.262,11,"False"
"1212","2992","DWT","T18","11",0.17,11,"False"
"1213","2993","DWT","T18","11",0.206,11,"False"
"1214","2994","DWT","T18","11",0.172,11,"False"
"1215","2995","DWT","T18","11",0.276,11,"False"
"1216","2996","DWT","T18","11",0.113,11,"False"
"1217","2997","DWT","T18","11",0.098,11,"False"
"1218","3001","DWT","T18","11",0.04,11,"False"
"1219","3002","DWT","T18","11",0.156,11,"False"
"1220","3003","DWT","T18","11",0.12,11,"False"
"1221","3004","DWT","T18","11",0.054,11,"False"
"1222","3151","DHE","T24","11",0.251,11,"False"
"1223","3157","DHE","T24","11",0.228,11,"False"
"1224","3158","DHE","T24","11",0.23,11,"False"
"1225","3159","DHE","T24","11",0.171,11,"False"
"1226","3163","DHE","T24","11",0.167,11,"False"
"1227","3165","DHE","T24","11",0.19,11,"False"
"1228","3166","DHE","T24","11",0.272,11,"False"
"1229","3167","DHE","T24","11",0.043,11,"False"
"1230","3169","DHE","T24","11",0.315,11,"False"
"1231","3171","DHE","T24","11",0.223,11,"False"
"1232","3178","DHE","T24","11",0.114,11,"False"
"1233","3180","DHE","T24","11",0.236,11,"False"
"1234","3181","DHE","T24","11",0.149,11,"False"
"1235","3182","DHE","T24","11",0.242,11,"False"
"1236","3186","DHE","T24","11",0.23,11,"False"
"1237","3187","DHE","T24","11",0.163,11,"False"
"1238","3188","DHE","T24","11",0.141,11,"False"
"1239","3190","DHE","T24","11",0.163,11,"False"
"1240","3191","DHE","T24","11",0.224,11,"False"
"1241","3192","DHE","T24","11",0.209,11,"False"
"1242","3196","DHE","T24","11",0.069,11,"False"
"1243","3197","DHE","T24","11",0.139,11,"False"
"1244","3198","DHE","T24","11",0.183,11,"False"
"1245","3199","DHE","T24","11",0.06,11,"False"
"1246","3200","DHE","T24","11",0.153,11,"False"
"1247","3202","DHE","T24","11",0.135,11,"False"
"1248","3203","DHE","T24","11",0.102,11,"False"
"1249","3204","DHE","T24","11",0.18,11,"False"
"1250","3205","DHE","T24","11",0.133,11,"False"
"1251","3207","DHE","T24","11",0.138,11,"False"
"1252","3208","DHE","T24","11",0.168,11,"False"
"1253","3209","DHE","T24","11",0.167,11,"False"
"1254","3210","DHE","T24","11",0.214,11,"False"
"1255","3211","DHE","T24","11",0.165,11,"False"
"1256","3213","DHE","T24","11",0.174,11,"False"
"1257","3214","DHE","T24","11",0.064,11,"False"
"1258","3217","DHE","T24","11",0.209,11,"False"
"1259","3219","DHE","T24","11",0.308,11,"False"
"1260","3222","DHE","T24","11",0.158,11,"False"
"1261","3223","DHE","T24","11",0.121,11,"False"
"1262","3224","DHE","T24","11",0.263,11,"False"
"1263","3225","DHE","T24","11",0.157,11,"False"
"1264","3228","DHE","T24","11",0.107,11,"False"
"1265","3229","DHE","T24","11",0.14,11,"False"
"1266","3231","DHE","T24","11",0.268,11,"False"
"1267","3232","DHE","T24","11",0.147,11,"False"
"1268","3240","DHE","T24","11",0.167,11,"False"
"1269","3244","DHE","T24","11",0.305,11,"False"
"1270","3246","DHE","T24","11",0.262,11,"False"
"1271","3250","DHE","T24","11",0.326,11,"False"
"1272","3258","DHE","T24","11",0.236,11,"False"
"1273","3259","DHE","T24","11",0.143,11,"False"
"1274","3260","DHE","T24","11",0.119,11,"False"
"1275","3261","DHE","T24","11",0.223,11,"False"
"1276","3262","DHE","T24","11",0.242,11,"False"
"1277","3263","DHE","T24","11",0.083,11,"False"
"1278","3264","DHE","T24","11",0.129,11,"False"
"1279","3265","DHE","T24","11",0.249,11,"False"
"1280","3269","DHE","T24","11",0.275,11,"False"
"1281","3271","DHE","T24","11",0.24,11,"False"
"1282","3272","DHE","T24","11",0.23,11,"False"
"1283","3273","DHE","T24","11",0.192,11,"False"
"1284","3274","DHE","T24","11",0.123,11,"False"
"1285","3275","DHE","T24","11",0.039,11,"False"
"1286","3276","DHE","T24","11",0.094,11,"False"
"1287","3279","DHE","T24","11",0.241,11,"False"
"1288","3280","DHE","T24","11",0.127,11,"False"
"1289","3281","DHE","T24","11",0.295,11,"False"
"1290","3288","DHE","T24","11",0.16,11,"False"
"1291","3292","DHE","T24","11",0.19,11,"False"
"1292","3293","DHE","T24","11",0.223,11,"False"
"1293","3294","DHE","T24","11",0.21,11,"False"
"1294","3295","DHE","T24","11",0.194,11,"False"
"1295","3304","DHE","T24","11",0.156,11,"False"
"1296","3305","DHE","T24","11",0.095,11,"False"
"1297","3306","DHE","T24","11",0.263,11,"False"
"1298","3307","DHE","T24","11",0.204,11,"False"
"1299","3309","DHE","T24","11",0.243,11,"False"
"1300","3310","DHE","T24","11",0.232,11,"False"
"1301","3311","DHE","T24","11",0.054,11,"False"
"1302","3312","DHE","T24","11",0.222,11,"False"
"1303","3313","DHE","T24","11",0.281,11,"False"
"1304","3314","DHE","T24","11",0.118,11,"False"
"1305","3315","DHE","T24","11",0.17,11,"False"
"1306","3316","DHE","T24","11",0.189,11,"False"
"1307","3317","DHE","T24","11",0.22,11,"False"
"1308","3319","DHE","T24","11",0.279,11,"False"
"1309","3322","DHE","T24","11",0.242,11,"False"
"1310","3323","DHE","T24","11",0.266,11,"False"
"1311","3324","DHE","T24","11",0.251,11,"False"
"1312","3329","DHE","T24","11",0.2,11,"False"
"1313","3344","DHE","T24","11",0.201,11,"False"
"1314","3345","DHE","T24","11",0.229,11,"False"
"1315","3346","DHE","T24","11",0.247,11,"True"
"1316","3347","DHE","T24","11",0.257,11,"False"
"1317","3348","DHE","T24","11",0.323,11,"True"
"1318","3349","DHE","T24","11",0.297,11,"True"
"1319","3350","DHE","T24","11",0.114,11,"True"
"1320","3352","DHE","T24","11",0.185,11,"True"
"1321","3353","DHE","T24","11",0.229,11,"True"
"1322","3354","DHE","T24","11",0.131,11,"True"
"1323","3355","DHE","T24","11",0.103,11,"True"
"1324","3356","DHE","T24","11",0.088,11,"True"
"1325","3357","DHE","T24","11",0.091,11,"True"
"1326","3358","DHE","T24","11",0.191,11,"True"
"1327","3360","DHE","T24","11",0.174,11,"True"
"1328","3361","DHE","T24","11",0.252,11,"True"
"1329","3362","DHE","T24","11",0.262,11,"True"
"1330","3363","DHE","T24","11",0.186,11,"True"
"1331","3371","DHE","T24","11",0.21,11,"True"
"1332","3372","DHE","T24","11",0.149,11,"True"
"1333","3373","DHE","T24","11",0.157,11,"True"
"1334","3375","DHE","T24","11",0.221,11,"True"
"1335","3378","DHE","T24","11",0.225,11,"True"
"1336","3379","DHE","T24","11",0.071,11,"True"
"1337","3380","DHE","T24","11",0.285,11,"True"
"1338","3005","CWT+DWT","T26","11",0.3,11,"False"
"1339","3006","CWT+DWT","T26","11",0.123,11,"False"
"1340","3011","CWT+DWT","T26","11",0.295,11,"False"
"1341","3012","CWT+DWT","T26","11",0.23,11,"False"
"1342","3013","CWT+DWT","T26","11",0.245,11,"False"
"1343","3016","CWT+DWT","T26","11",0.181,11,"False"
"1344","3017","CWT+DWT","T26","11",0.226,11,"False"
"1345","3018","CWT+DWT","T26","11",0.241,11,"False"
"1346","3019","CWT+DWT","T26","11",0.123,11,"False"
"1347","3020","CWT+DWT","T26","11",0.119,11,"False"
"1348","3021","CWT+DWT","T26","11",0.258,11,"False"
"1349","3024","CWT+DWT","T26","11",0.237,11,"False"
"1350","3025","CWT+DWT","T26","11",0.252,11,"False"
"1351","3026","CWT+DWT","T26","11",0.063,11,"False"
"1352","3028","CWT+DWT","T26","11",0.236,11,"False"
"1353","3029","CWT+DWT","T26","11",0.271,11,"False"
"1354","3030","CWT+DWT","T26","11",0.369,11,"False"
"1355","3031","CWT+DWT","T26","11",0.068,11,"False"
"1356","3032","CWT+DWT","T26","11",0.271,11,"False"
"1357","3033","CWT+DWT","T26","11",0.283,11,"False"
"1358","3034","CWT+DWT","T26","11",0.194,11,"False"
"1359","3035","CWT+DWT","T26","11",0.296,11,"False"
"1360","3037","CWT+DWT","T26","11",0.25,11,"False"
"1361","3045","CWT+DWT","T26","11",0.257,11,"False"
"1362","3048","CWT+DWT","T26","11",0.28,11,"False"
"1363","3049","CWT+DWT","T26","11",0.271,11,"False"
"1364","3052","CWT+DWT","T26","11",0.272,11,"False"
"1365","3053","CWT+DWT","T26","11",0.149,11,"False"
"1366","3056","CWT+DWT","T26","11",0.258,11,"False"
"1367","3057","CWT+DWT","T26","11",0.225,11,"False"
"1368","3058","CWT+DWT","T26","11",0.097,11,"False"
"1369","3060","CWT+DWT","T26","11",0.164,11,"False"
"1370","3061","CWT+DWT","T26","11",0.284,11,"False"
"1371","3062","CWT+DWT","T26","11",0.09,11,"False"
"1372","3063","CWT+DWT","T26","11",0.161,11,"False"
"1373","3064","CWT+DWT","T26","11",0.125,11,"False"
"1374","3065","CWT+DWT","T26","11",0.309,11,"False"
"1375","3066","CWT+DWT","T26","11",0.227,11,"False"
"1376","3067","CWT+DWT","T26","11",0.257,11,"False"
"1377","3068","CWT+DWT","T26","11",0.095,11,"False"
"1378","3069","CWT+DWT","T26","11",0.217,11,"False"
"1379","3070","CWT+DWT","T26","11",0.136,11,"False"
"1380","3071","CWT+DWT","T26","11",0.248,11,"False"
"1381","3072","CWT+DWT","T26","11",0.167,11,"False"
"1382","3073","CWT+DWT","T26","11",0.245,11,"False"
"1383","3074","CWT+DWT","T26","11",0.179,11,"False"
"1384","3075","CWT+DWT","T26","11",0.239,11,"False"
"1385","3076","CWT+DWT","T26","11",0.222,11,"False"
"1386","3077","CWT+DWT","T26","11",0.219,11,"False"
"1387","3078","CWT+DWT","T26","11",0.22,11,"False"
"1388","3079","CWT+DWT","T26","11",0.163,11,"False"
"1389","3080","CWT+DWT","T26","11",0.199,11,"False"
"1390","3081","CWT+DWT","T26","11",0.145,11,"False"
"1391","3082","CWT+DWT","T26","11",0.134,11,"False"
"1392","3083","CWT+DWT","T26","11",0.233,11,"False"
"1393","3084","CWT+DWT","T26","11",0.157,11,"False"
"1394","3085","CWT+DWT","T26","11",0.208,11,"False"
"1395","3086","CWT+DWT","T26","11",0.28,11,"False"
"1396","3087","CWT+DWT","T26","11",0.202,11,"False"
"1397","3088","CWT+DWT","T26","11",0.146,11,"False"
"1398","3089","CWT+DWT","T26","11",0.241,11,"False"
"1399","3090","CWT+DWT","T26","11",0.216,11,"False"
"1400","3093","CWT+DWT","T26","11",0.254,11,"False"
"1401","3094","CWT+DWT","T26","11",0.249,11,"False"
"1402","3097","CWT+DWT","T26","11",0.21,11,"True"
"1403","3098","CWT+DWT","T26","11",0.234,11,"False"
"1404","3107","CWT+DWT","T26","11",0.224,11,"False"
"1405","3108","CWT+DWT","T26","11",0.173,11,"False"
"1406","3110","CWT+DWT","T26","11",0.205,11,"False"
"1407","3122","CWT+DWT","T26","11",0.194,11,"False"
"1408","3128","CWT+DWT","T26","11",0.174,11,"False"
"1409","3129","CWT+DWT","T26","11",0.202,11,"False"
"1410","3133","CWT+DWT","T26","11",0.171,11,"False"
"1411","3134","CWT+DWT","T26","11",0.309,11,"False"
"1412","3135","CWT+DWT","T26","11",0.279,11,"False"
"1413","3136","CWT+DWT","T26","11",0.231,11,"False"
"1414","3137","CWT+DWT","T26","11",0.216,11,"True"
"1415","3138","CWT+DWT","T26","11",0.297,11,"True"
"1416","3139","CWT+DWT","T26","11",0.292,11,"True"
"1417","3140","CWT+DWT","T26","11",0.177,11,"True"
"1418","3141","CWT+DWT","T26","11",0.222,11,"True"
"1419","3142","CWT+DWT","T26","11",0.222,11,"True"
"1420","3143","CWT+DWT","T26","11",0.096,11,"False"
"1421","3144","CWT+DWT","T26","11",0.038,11,"False"
"1422","3145","CWT+DWT","T26","11",0.08,11,"False"
"1423","3146","CWT+DWT","T26","11",0.186,11,"True"
"1424","3147","CWT+DWT","T26","11",0.123,11,"False"
"1425","3150","CWT+DWT","T26","11",0.185,11,"False"
"1426","3365","CWT+DWT","T26","11",0.125,11,"False"
"1427","3466","CWT","T19","11",0.09,11,"False"
"1428","3467","CWT","T19","11",0.068,11,"False"
"1429","3468","CWT","T19","11",0.089,11,"False"
"1430","3469","CWT","T19","11",0.054,11,"False"
"1431","3470","CWT","T19","11",0.089,11,"False"
"1432","3471","CWT","T19","11",0.127,11,"False"
"1433","3474","CWT","T19","11",0.117,11,"False"
"1434","3475","CWT","T19","11",0.107,11,"False"
"1435","3476","CWT","T19","11",0.111,11,"False"
"1436","3477","CWT","T19","11",0.126,11,"False"
"1437","3478","CWT","T19","11",0.131,11,"False"
"1438","3479","CWT","T19","11",0.121,11,"False"
"1439","3480","CWT","T19","11",0.102,11,"False"
"1440","3483","CWT","T19","11",0.142,11,"False"
"1441","3484","CWT","T19","11",0.143,11,"False"
"1442","3485","CWT","T19","11",0.123,11,"False"
"1443","3486","CWT","T19","11",0.102,11,"False"
"1444","3487","CWT","T19","11",0.12,11,"False"
"1445","3488","CWT","T19","11",0.191,11,"False"
"1446","3489","CWT","T19","11",0.284,11,"False"
"1447","3490","CWT","T19","11",0.176,11,"False"
"1448","3491","CWT","T19","11",0.095,11,"False"
"1449","3492","CWT","T19","11",0.125,11,"False"
"1450","3494","CWT","T19","11",0.109,11,"False"
"1451","3495","CWT","T19","11",0.177,11,"False"
"1452","3496","CWT","T19","11",0.102,11,"False"
"1453","3497","CWT","T19","11",0.119,11,"False"
"1454","3500","CWT","T19","11",0.174,11,"False"
"1455","3501","CWT","T19","11",0.147,11,"False"
"1456","3503","CWT","T19","11",0.161,11,"False"
"1457","3504","CWT","T19","11",0.137,11,"False"
"1458","3505","CWT","T19","11",0.102,11,"False"
"1459","3508","CWT","T19","11",0.205,11,"True"
"1460","3510","CWT","T19","11",0.14,11,"True"
"1461","3511","CWT","T19","11",0.135,11,"True"
"1462","3401","CHE+DWT","T28","11",0.102,11,"False"
"1463","3402","CHE+DWT","T28","11",0.233,11,"False"
"1464","3403","CHE+DWT","T28","11",0.181,11,"False"
"1465","3404","CHE+DWT","T28","11",0.148,11,"False"
"1466","3405","CHE+DWT","T28","11",0.233,11,"False"
"1467","3406","CHE+DWT","T28","11",0.243,11,"False"
"1468","3407","CHE+DWT","T28","11",0.175,11,"False"
"1469","3408","CHE+DWT","T28","11",0.221,11,"False"
"1470","3409","CHE+DWT","T28","11",0.214,11,"False"
"1471","3411","CHE+DWT","T28","11",0.156,11,"False"
"1472","3412","CHE+DWT","T28","11",0.196,11,"False"
"1473","3413","CHE+DWT","T28","11",0.19,11,"False"
"1474","3414","CHE+DWT","T28","11",0.179,11,"False"
"1475","3415","CHE+DWT","T28","11",0.167,11,"True"
"1476","3416","CHE+DWT","T28","11",0.077,11,"True"
"1477","3417","CHE+DWT","T28","11",0.147,11,"False"
"1478","3419","CHE+DWT","T28","11",0.255,11,"False"
"1479","3420","CHE+DWT","T28","11",0.118,11,"False"
"1480","3423","CHE+DWT","T28","11",0.197,11,"False"
"1481","3424","CHE+DWT","T28","11",0.255,11,"False"
"1482","3425","CHE+DWT","T28","11",0.074,11,"True"
"1483","3426","CHE+DWT","T28","11",0.145,11,"False"
"1484","3427","CHE+DWT","T28","11",0.162,11,"True"
"1485","3430","CHE+DWT","T28","11",0.258,11,"False"
"1486","3439","CHE+DWT","T28","11",0.152,11,"True"
"1487","3440","CHE+DWT","T28","11",0.206,11,"False"
"1488","3441","CHE+DWT","T28","11",0.158,11,"False"
"1489","3443","CHE+DWT","T28","11",0.107,11,"False"
"1490","3445","CHE+DWT","T28","11",0.259,11,"False"
"1491","3446","CHE+DWT","T28","11",0.164,11,"False"
"1492","3450","CHE+DWT","T28","11",0.139,11,"False"
"1493","3512","CHE+DWT","T29","11",0.307,11,"False"
"1494","3514","CHE+DWT","T29","11",0.273,11,"False"
"1495","3516","CHE+DWT","T29","11",0.298,11,"False"
"1496","3517","CHE+DWT","T29","11",0.34,11,"False"
"1497","3518","CHE+DWT","T29","11",0.077,11,"False"
"1498","3519","CHE+DWT","T29","11",0.39,11,"False"
"1499","3520","CHE+DWT","T29","11",0.334,11,"False"
"1500","3521","CHE+DWT","T29","11",0.344,11,"False"
"1501","3522","CHE+DWT","T29","11",0.123,11,"False"
"1502","3524","CHE+DWT","T29","11",0.073,11,"False"
"1503","3525","CHE+DWT","T29","11",0.244,11,"False"
"1504","3526","CHE+DWT","T29","11",0.237,11,"False"
"1505","3527","CHE+DWT","T29","11",0.256,11,"False"
"1506","3528","CHE+DWT","T29","11",0.337,11,"False"
"1507","3529","CHE+DWT","T29","11",0.239,11,"False"
"1508","3530","CHE+DWT","T29","11",0.171,11,"False"
"1509","3532","CHE+DWT","T29","11",0.181,11,"False"
"1510","3533","CHE+DWT","T29","11",0.171,11,"False"
"1511","3534","CHE+DWT","T29","11",0.192,11,"False"
"1512","3537","CHE+DWT","T29","11",0.201,11,"False"
"1513","3538","CHE+DWT","T29","11",0.251,11,"False"
"1514","3539","CHE+DWT","T29","11",0.356,11,"False"
"1515","3540","CHE+DWT","T29","11",0.199,11,"False"
"1516","3541","CHE+DWT","T29","11",0.232,11,"False"
"1517","3542","CHE+DWT","T29","11",0.109,11,"False"
"1518","3543","CHE+DWT","T29","11",0.236,11,"False"
"1519","3544","CHE+DWT","T29","11",0.133,11,"False"
"1520","3547","CHE+DWT","T29","11",0.281,11,"False"
"1521","3548","CHE+DWT","T29","11",0.327,11,"False"
"1522","3549","CHE+DWT","T29","11",0.252,11,"False"
"1523","3550","CHE+DWT","T29","11",0.233,11,"False"
"1524","3551","CHE+DWT","T29","11",0.153,11,"False"
"1525","3552","CHE+DWT","T29","11",0.097,11,"False"
"1526","3553","CHE+DWT","T29","11",0.206,11,"False"
"1527","3554","CHE+DWT","T29","11",0.273,11,"False"
"1528","3555","CHE+DWT","T29","11",0.204,11,"False"
"1529","3556","CHE+DWT","T29","11",0.287,11,"False"
"1530","3557","CHE+DWT","T29","11",0.125,11,"False"
"1531","3558","CHE+DWT","T29","11",0.627,11,"False"
"1532","3559","CHE+DWT","T29","11",0.237,11,"False"
"1533","3560","CHE+DWT","T29","11",0.228,11,"False"
"1534","3561","CHE+DWT","T29","11",0.239,11,"False"
"1535","3562","CHE+DWT","T29","11",0.214,11,"False"
"1536","3563","CHE+DWT","T29","11",0.103,11,"False"
"1537","3564","CHE+DWT","T29","11",0.214,11,"False"
"1538","3565","CHE+DWT","T29","11",0.057,11,"False"
"1539","3566","CHE+DWT","T29","11",0.213,11,"False"
"1540","3567","CHE+DWT","T29","11",0.06,11,"False"
"1541","3568","CHE+DWT","T29","11",0.236,11,"False"
"1542","3569","CHE+DWT","T29","11",0.226,11,"False"
"1543","3570","CHE+DWT","T29","11",0.257,11,"False"
"1544","3571","CHE+DWT","T29","11",0.176,11,"False"
"1545","3572","CHE+DWT","T29","11",0.037,11,"False"
"1546","3573","CHE+DWT","T29","11",0.123,11,"False"
"1547","3574","CHE+DWT","T29","11",0.261,11,"False"
"1548","3575","CHE+DWT","T29","11",0.247,11,"False"
"1549","3576","CHE+DWT","T29","11",0.074,11,"False"
"1550","3577","CHE+DWT","T29","11",0.35,11,"True"
"1551","3578","CHE+DWT","T29","11",0.245,11,"True"
"1552","3579","CHE+DWT","T29","11",0.284,11,"True"
"1553","3580","CHE+DWT","T29","11",0.242,11,"True"
"1554","3581","CHE+DWT","T29","11",0.263,11,"True"
"1555","3582","CHE+DWT","T29","11",0.158,11,"True"
"1556","3583","CHE+DWT","T29","11",0.167,11,"True"
"1557","3584","CHE+DWT","T29","11",0.302,11,"True"
"1558","3585","CHE+DWT","T29","11",0.099,11,"True"
"1559","3586","CHE+DWT","T29","11",0.069,11,"True"
"1560","3587","CHE+DWT","T29","11",0.201,11,"True"
"1561","3588","CHE+DWT","T29","11",0.134,11,"True"
"1562","3589","CHE+DWT","T29","11",0.07,11,"True"
"1563","3590","CHE+DWT","T29","11",0.099,11,"True"
"1564","3591","CHE+DWT","T29","11",0.146,11,"True"
"1565","3592","CHE+DWT","T29","11",0.085,11,"True"
"1566","3593","CHE+DWT","T29","11",0.073,11,"True"
"1567","2077","CWT+DWT","T8","11",0.184,11,"False"
"1568","2078","CWT+DWT","T8","11",0.159,11,"True"
"1569","2079","CWT+DWT","T8","11",0.166,11,"True"
"1570","2123","CWT+DWT","T8","11",0.168,11,"True"
"1571","2124","CWT+DWT","T8","11",0.23,11,"True"
"1572","2126","CWT+DWT","T8","11",0.064,11,"False"
"1573","2127","CWT+DWT","T8","11",0.21,11,"True"
"1574","2128","CWT+DWT","T8","11",0.221,11,"False"
"1575","2129","CWT+DWT","T8","11",0.119,11,"False"
"1576","2130","CWT+DWT","T8","11",0.269,11,"False"
"1577","2131","CWT+DWT","T8","11",0.121,11,"False"
"1578","2132","CWT+DWT","T8","11",0.267,11,"False"
"1579","2133","CWT+DWT","T8","11",0.253,11,"False"
"1580","2134","CWT+DWT","T8","11",0.1,11,"False"
"1581","2135","CWT+DWT","T8","11",0.116,11,"False"
"1582","2136","CWT+DWT","T8","11",0.219,11,"False"
"1583","2137","CWT+DWT","T8","11",0.205,11,"False"
"1584","2138","CWT+DWT","T8","11",0.149,11,"False"
"1585","2139","CWT+DWT","T8","11",0.166,11,"False"
"1586","2142","CWT+DWT","T8","11",0.218,11,"False"
"1587","2148","CWT+DWT","T8","11",0.117,11,"False"
"1588","2150","CWT+DWT","T8","11",0.144,11,"True"
"1589","2151","CWT+DWT","T8","11",0.275,11,"False"
"1590","2152","CWT+DWT","T8","11",0.264,11,"False"
"1591","2153","CWT+DWT","T8","11",0.17,11,"False"
"1592","2154","CWT+DWT","T8","11",0.235,11,"False"
"1593","2156","CWT+DWT","T8","11",0.179,11,"False"
"1594","2157","CWT+DWT","T8","11",0.083,11,"False"
"1595","2158","CWT+DWT","T8","11",0.262,11,"False"
"1596","2159","CWT+DWT","T8","11",0.078,11,"False"
"1597","2160","CWT+DWT","T8","11",0.173,11,"False"
"1598","2161","CWT+DWT","T8","11",0.244,11,"False"
"1599","2162","CWT+DWT","T8","11",0.181,11,"False"
"1600","2163","CWT+DWT","T8","11",0.094,11,"False"
"1601","2164","CWT+DWT","T8","11",0.091,11,"False"
"1602","2165","CWT+DWT","T8","11",0.134,11,"False"
"1603","2166","CWT+DWT","T8","11",0.185,11,"False"
"1604","2169","CWT+DWT","T8","11",0.042,11,"False"
"1605","2170","CWT+DWT","T8","11",0.141,11,"False"
"1606","2171","CWT+DWT","T8","11",0.219,11,"False"
"1607","2172","CWT+DWT","T8","11",0.267,11,"False"
"1608","2173","CWT+DWT","T8","11",0.265,11,"False"
"1609","2175","CWT+DWT","T8","11",0.047,11,"False"
"1610","2177","CWT+DWT","T8","11",0.117,11,"True"
"1611","2179","CWT+DWT","T8","11",0.16,11,"False"
"1612","2181","CWT+DWT","T8","11",0.249,11,"False"
"1613","2183","CWT+DWT","T8","11",0.184,11,"False"
"1614","2184","CWT+DWT","T8","11",0.286,11,"False"
"1615","2185","CWT+DWT","T8","11",0.185,11,"False"
"1616","2186","CWT+DWT","T8","11",0.17,11,"False"
"1617","2187","CWT+DWT","T8","11",0.036,11,"False"
"1618","2188","CWT+DWT","T8","11",0.227,11,"False"
"1619","2189","CWT+DWT","T8","11",0.106,11,"False"
"1620","2190","CWT+DWT","T8","11",0.164,11,"False"
"1621","2191","CWT+DWT","T8","11",0.172,11,"False"
"1622","2192","CWT+DWT","T8","11",0.052,11,"False"
"1623","2193","CWT+DWT","T8","11",0.167,11,"False"
"1624","2194","CWT+DWT","T8","11",0.068,11,"False"
"1625","2195","CWT+DWT","T8","11",0.227,11,"False"
"1626","2220","CWT+DWT","T8","11",0.24,11,"False"
"1627","2222","CWT+DWT","T8","11",0.025,11,"False"
"1628","2224","CWT+DWT","T8","11",0.063,11,"False"
"1629","2225","CWT+DWT","T8","11",0.094,11,"False"
"1630","2230","CWT+DWT","T8","11",0.18,11,"True"
"1631","2231","CWT+DWT","T8","11",0.154,11,"True"
"1632","3595","DWT","T25","11",0.113,11,"False"
"1633","3596","DWT","T25","11",0.339,11,"False"
"1634","3597","DWT","T25","11",0.147,11,"False"
"1635","3598","DWT","T25","11",0.157,11,"False"
"1636","3599","DWT","T25","11",0.105,11,"False"
"1637","3600","DWT","T25","11",0.073,11,"False"
"1638","3602","DWT","T25","11",0.109,11,"False"
"1639","3603","DWT","T25","11",0.109,11,"False"
"1640","3604","DWT","T25","11",0.056,11,"False"
"1641","3605","DWT","T25","11",0.219,11,"False"
"1642","3608","DWT","T25","11",0.084,11,"False"
"1643","3609","DWT","T25","11",0.065,11,"False"
"1644","3611","DWT","T25","11",0.294,11,"False"
"1645","3612","DWT","T25","11",0.235,11,"False"
"1646","3613","DWT","T25","11",0.167,11,"False"
"1647","3614","DWT","T25","11",0.184,11,"False"
"1648","3616","DWT","T25","11",0.076,11,"False"
"1649","3621","DWT","T25","11",0.149,11,"False"
"1650","3622","DWT","T25","11",0.224,11,"False"
"1651","3623","DWT","T25","11",0.324,11,"False"
"1652","3624","DWT","T25","11",0.206,11,"False"
"1653","3625","DWT","T25","11",0.19,11,"False"
"1654","3626","DWT","T25","11",0.23,11,"False"
"1655","3627","DWT","T25","11",0.033,11,"False"
"1656","3628","DWT","T25","11",0.305,11,"False"
"1657","3629","DWT","T25","11",0.235,11,"False"
"1658","3630","DWT","T25","11",0.213,11,"False"
"1659","3631","DWT","T25","11",0.21,11,"False"
"1660","3632","DWT","T25","11",0.16,11,"False"
"1661","3633","DWT","T25","11",0.086,11,"False"
"1662","3634","DWT","T25","11",0.319,11,"False"
"1663","3636","DWT","T25","11",0.112,11,"False"
"1664","3637","DWT","T25","11",0.248,11,"False"
"1665","3638","DWT","T25","11",0.116,11,"False"
"1666","3639","DWT","T25","11",0.087,11,"False"
"1667","3640","DWT","T25","11",0.233,11,"False"
"1668","3641","DWT","T25","11",0.225,11,"False"
"1669","3642","DWT","T25","11",0.204,11,"False"
"1670","3643","DWT","T25","11",0.074,11,"False"
"1671","3644","DWT","T25","11",0.127,11,"False"
"1672","3645","DWT","T25","11",0.226,11,"False"
"1673","3647","DWT","T25","11",0.082,11,"True"
"1674","3648","DWT","T25","11",0.107,11,"True"
"1675","3649","DWT","T25","11",0.2,11,"True"
"1676","3650","DWT","T25","11",0.178,11,"True"
"1677","3651","DWT","T25","11",0.087,11,"True"
"1678","3652","DWT","T25","11",0.1,11,"True"
"1679","3656","CWT+DHE","T23","11",0.109,11,"False"
"1680","3657","CWT+DHE","T23","11",0.124,11,"False"
"1681","3658","CWT+DHE","T23","11",0.057,11,"False"
"1682","3659","CWT+DHE","T23","11",0.094,11,"False"
"1683","3660","CWT+DHE","T23","11",0.087,11,"False"
"1684","3662","CWT+DHE","T23","11",0.091,11,"False"
"1685","3663","CWT+DHE","T23","11",0.128,11,"False"
"1686","3664","CWT+DHE","T23","11",0.166,11,"False"
"1687","3665","CWT+DHE","T23","11",0.228,11,"False"
"1688","3666","CWT+DHE","T23","11",0.256,11,"False"
"1689","3667","CWT+DHE","T23","11",0.12,11,"False"
"1690","3668","CWT+DHE","T23","11",0.07,11,"False"
"1691","3669","CWT+DHE","T23","11",0.055,11,"False"
"1692","3670","CWT+DHE","T23","11",0.097,11,"False"
"1693","3672","CWT+DHE","T23","11",0.085,11,"False"
"1694","3673","CWT+DHE","T23","11",0.126,11,"False"
"1695","3674","CWT+DHE","T23","11",0.172,11,"False"
"1696","3677","CWT+DHE","T23","11",0.086,11,"False"
"1697","3678","CWT+DHE","T23","11",0.065,11,"False"
"1698","3679","CWT+DHE","T23","11",0.086,11,"False"
"1699","3680","CWT+DHE","T23","11",0.167,11,"False"
"1700","3682","CWT+DHE","T23","11",0.121,11,"False"
"1701","3683","CWT+DHE","T23","11",0.133,11,"False"
"1702","3684","CWT+DHE","T23","11",0.104,11,"False"
"1703","3685","CWT+DHE","T23","11",0.134,11,"False"
"1704","3686","CWT+DHE","T23","11",0.109,11,"False"
"1705","3688","CWT+DHE","T23","11",0.062,11,"False"
"1706","3689","CWT+DHE","T23","11",0.078,11,"False"
"1707","3690","CWT+DHE","T23","11",0.025,11,"False"
"1708","3691","CWT+DHE","T23","11",0.085,11,"False"
"1709","3692","CWT+DHE","T23","11",0.265,11,"False"
"1710","3693","CWT+DHE","T23","11",0.25,11,"False"
"1711","3694","CWT+DHE","T23","11",0.052,11,"False"
"1712","3695","CWT+DHE","T23","11",0.042,11,"False"
"1713","3696","CWT+DHE","T23","11",0.023,11,"False"
"1714","3697","CWT+DHE","T23","11",0.122,11,"False"
"1715","3698","CWT+DHE","T23","11",0.094,11,"False"
"1716","3699","CWT+DHE","T23","11",0.07,11,"False"
"1717","3700","CWT+DHE","T23","11",0.13,11,"False"
"1718","3704","CWT+DHE","T23","11",0.102,11,"False"
"1719","3709","CWT+DHE","T23","11",0.142,11,"False"
"1720","3710","CWT+DHE","T23","11",0.047,11,"False"
"1721","3711","CWT+DHE","T23","11",0.062,11,"False"
"1722","3712","CWT+DHE","T23","11",0.067,11,"False"
"1723","3713","CWT+DHE","T23","11",0.061,11,"False"
"1724","3714","CWT+DHE","T23","11",0.065,11,"False"
"1725","3715","CWT+DHE","T23","11",0.142,11,"False"
"1726","3718","CWT+DHE","T23","11",0.149,11,"False"
"1727","3719","CWT+DHE","T23","11",0.19,11,"False"
"1728","3720","CWT+DHE","T23","11",0.058,11,"False"
"1729","3721","CWT+DHE","T23","11",0.078,11,"False"
"1730","3722","CWT+DHE","T23","11",0.311,11,"False"
"1731","3723","CWT+DHE","T23","11",0.273,11,"False"
"1732","3724","CWT+DHE","T23","11",0.171,11,"False"
"1733","3726","CWT+DHE","T23","11",0.067,11,"False"
"1734","3728","CWT+DHE","T23","11",0.183,11,"False"
"1735","3729","CWT+DHE","T23","11",0.27,11,"False"
"1736","3730","CWT+DHE","T23","11",0.077,11,"False"
"1737","3731","CWT+DHE","T23","11",0.106,11,"False"
"1738","3732","CWT+DHE","T23","11",0.074,11,"False"
"1739","3733","CWT+DHE","T23","11",0.039,11,"False"
"1740","3734","CWT+DHE","T23","11",0.082,11,"False"
"1741","3737","CWT+DHE","T23","11",0.104,11,"False"
"1742","3738","CWT+DHE","T23","11",0.198,11,"False"
"1743","3739","CWT+DHE","T23","11",0.154,11,"False"
"1744","3740","CWT+DHE","T23","11",0.114,11,"False"
"1745","3741","CWT+DHE","T23","11",0.094,11,"False"
"1746","3742","CWT+DHE","T23","11",0.049,11,"False"
"1747","3745","CWT+DHE","T23","11",0.077,11,"False"
"1748","3746","CWT+DHE","T23","11",0.202,11,"False"
"1749","3747","CWT+DHE","T23","11",0.058,11,"False"
"1750","3750","CWT+DHE","T23","11",0.18,11,"False"
"1751","3751","CWT+DHE","T23","11",0.178,11,"False"
"1752","3752","CWT+DHE","T23","11",0.161,11,"False"
"1753","3753","CWT+DHE","T23","11",0.105,11,"False"
"1754","3756","CWT+DHE","T23","11",0.17,11,"False"
"1755","3757","CWT+DHE","T23","11",0.117,11,"False"
"1756","3758","CWT+DHE","T23","11",0.078,11,"False"
"1757","3759","CWT+DHE","T23","11",0.148,11,"False"
"1758","3762","CWT+DHE","T23","11",0.248,11,"False"
"1759","3763","CWT+DHE","T23","11",0.157,11,"False"
"1760","3764","CWT+DHE","T23","11",0.188,11,"False"
"1761","3765","CWT+DHE","T23","11",0.086,11,"False"
"1762","3766","CWT+DHE","T23","11",0.086,11,"False"
"1763","3767","CWT+DHE","T23","11",0.062,11,"False"
"1764","3768","CWT+DHE","T23","11",0.117,11,"False"
"1765","3769","CWT+DHE","T23","11",0.149,11,"False"
"1766","3770","CWT+DHE","T23","11",0.174,11,"False"
"1767","3771","CWT+DHE","T23","11",0.1,11,"False"
"1768","3772","CWT+DHE","T23","11",0.102,11,"False"
"1769","3773","CWT+DHE","T23","11",0.136,11,"False"
"1770","3774","CWT+DHE","T23","11",0.113,11,"False"
"1771","3775","CWT+DHE","T23","11",0.168,11,"False"
"1772","3776","CWT+DHE","T23","11",0.117,11,"False"
"1773","3778","CWT+DHE","T23","11",0.194,11,"False"
"1774","3779","CWT+DHE","T23","11",0.166,11,"False"
"1775","3780","CWT+DHE","T23","11",0.24,11,"False"
"1776","3781","CWT+DHE","T23","11",0.16,11,"False"
"1777","3782","CWT+DHE","T23","11",0.086,11,"False"
"1778","3785","CWT+DHE","T23","11",0.106,11,"False"
"1779","3787","CWT+DHE","T23","11",0.223,11,"False"
"1780","3789","CWT+DHE","T23","11",0.225,11,"False"
"1781","3790","CWT+DHE","T23","11",0.163,11,"False"
"1782","3791","CWT+DHE","T23","11",0.23,11,"False"
"1783","3793","CWT+DHE","T23","11",0.15,11,"False"
"1784","3794","CWT+DHE","T23","11",0.111,11,"False"
"1785","3795","CWT+DHE","T23","11",0.05,11,"False"
"1786","3796","CWT+DHE","T23","11",0.203,11,"False"
"1787","3799","CWT+DHE","T23","11",0.216,11,"False"
"1788","3801","CWT+DHE","T23","11",0.095,11,"False"
"1789","3805","CWT+DHE","T23","11",0.147,11,"False"
"1790","3806","CWT+DHE","T23","11",0.064,11,"False"
"1791","3807","CWT+DHE","T23","11",0.191,11,"False"
"1792","3808","CWT+DHE","T23","11",0.194,11,"False"
"1793","3809","CWT+DHE","T23","11",0.169,11,"False"
"1794","3810","CWT+DHE","T23","11",0.235,11,"False"
"1795","3811","CWT+DHE","T23","11",0.232,11,"False"
"1796","3812","CWT+DHE","T23","11",0.164,11,"False"
"1797","3815","CWT+DHE","T23","11",0.18,11,"False"
"1798","3816","CWT+DHE","T23","11",0.108,11,"False"
"1799","3817","CWT+DHE","T23","11",0.108,11,"False"
"1800","3819","CWT+DHE","T23","11",0.16,11,"False"
"1801","3834","CWT+DHE","T23","11",0.185,11,"False"
"1802","3835","CWT+DHE","T23","11",0.167,11,"False"
"1803","3840","CWT+DHE","T23","11",0.226,11,"False"
"1804","3843","CWT+DHE","T23","11",0.225,11,"False"
"1805","3850","CWT+DHE","T23","11",0.198,11,"False"
"1806","3853","CWT+DHE","T23","11",0.138,11,"False"
"1807","3854","CWT+DHE","T23","11",0.216,11,"False"
"1808","3855","CWT+DHE","T23","11",0.219,11,"False"
"1809","3856","CWT+DHE","T23","11",0.203,11,"False"
"1810","3857","CWT+DHE","T23","11",0.234,11,"False"
"1811","3858","CWT+DHE","T23","11",0.326,11,"False"
"1812","3859","CWT+DHE","T23","11",0.264,11,"False"
"1813","3862","CWT+DHE","T23","11",0.067,11,"False"
"1814","3863","CWT+DHE","T23","11",0.167,11,"False"
"1815","3864","CWT+DHE","T23","11",0.118,11,"False"
"1816","3865","CWT+DHE","T23","11",0.148,11,"False"
"1817","3866","CWT+DHE","T23","11",0.135,11,"False"
"1818","3868","CWT+DHE","T23","11",0.107,11,"False"
"1819","3869","CWT+DHE","T23","11",0.082,11,"False"
"1820","3873","CWT+DHE","T23","11",0.221,11,"True"
"1821","3876","CWT+DHE","T23","11",0.104,11,"True"
"1822","3877","CWT+DHE","T23","11",0.127,11,"True"
"1823","3878","CWT+DHE","T23","11",0.115,11,"True"
"1824","3880","CWT+DHE","T23","11",0.09,11,"True"
"1825","3881","CWT+DHE","T23","11",0.135,11,"True"
"1826","3882","CWT+DHE","T23","11",0.119,11,"True"
"1827","3883","CWT+DHE","T23","11",0.148,11,"True"
"1828","3884","CWT+DHE","T23","11",0.16,11,"True"
"1829","3886","CWT+DHE","T23","11",0.068,11,"True"
"1830","3887","CWT+DHE","T23","11",0.096,11,"True"
"1831","3888","CWT+DHE","T23","11",0.116,11,"True"
"1832","3891","CWT+DHE","T23","11",0.171,11,"True"
"1833","3892","CWT+DHE","T23","11",0.059,11,"True"
"1834","3893","CWT+DHE","T23","11",0.096,11,"True"
"1835","3894","CWT+DHE","T23","11",0.084,11,"True"
"1836","3895","CWT+DHE","T23","11",0.179,11,"True"
"1837","3896","CHE","T30","11",0.126,11,"False"
"1838","3897","CHE","T30","11",0.136,11,"False"
"1839","3898","CHE","T30","11",0.128,11,"False"
"1840","3899","CHE","T30","11",0.209,11,"False"
"1841","3902","CHE","T30","11",0.11,11,"False"
"1842","3903","CHE","T30","11",0.175,11,"False"
"1843","3904","CHE","T30","11",0.11,11,"False"
"1844","3905","CHE","T30","11",0.134,11,"False"
"1845","3906","CHE","T30","11",0.097,11,"False"
"1846","3909","CHE","T30","11",0.17,11,"False"
"1847","3911","CHE","T30","11",0.097,11,"False"
"1848","3912","CHE","T30","11",0.119,11,"False"
"1849","3913","CHE","T30","11",0.118,11,"False"
"1850","3915","CHE","T30","11",0.103,11,"False"
"1851","3916","CHE","T30","11",0.096,11,"False"
"1852","3917","CHE","T30","11",0.138,11,"False"
"1853","3918","CHE","T30","11",0.116,11,"False"
"1854","3920","CHE","T30","11",0.11,11,"False"
"1855","3921","CHE","T30","11",0.032,11,"False"
"1856","3922","CHE","T30","11",0.075,11,"False"
"1857","3923","CHE","T30","11",0.104,11,"False"
"1858","3924","CHE","T30","11",0.13,11,"False"
"1859","3927","CHE","T30","11",0.119,11,"False"
"1860","3928","CHE","T30","11",0.12,11,"False"
"1861","3929","CHE","T30","11",0.139,11,"False"
"1862","3930","CHE","T30","11",0.127,11,"False"
"1863","3932","CHE","T30","11",0.258,11,"False"
"1864","3933","CHE","T30","11",0.122,11,"False"
"1865","3934","CHE","T30","11",0.117,11,"False"
"1866","3935","CHE","T30","11",0.126,11,"False"
"1867","3936","CHE","T30","11",0.09,11,"False"
"1868","3937","CHE","T30","11",0.088,11,"False"
"1869","3938","CHE","T30","11",0.16,11,"False"
"1870","3939","CHE","T30","11",0.154,11,"False"
"1871","3940","CHE","T30","11",0.093,11,"False"
"1872","3941","CHE","T30","11",0.09,11,"False"
"1873","3942","CHE","T30","11",0.088,11,"False"
"1874","3943","CHE","T30","11",0.048,11,"False"
"1875","3944","CHE","T30","11",0.159,11,"False"
"1876","3945","CHE","T30","11",0.112,11,"False"
"1877","3946","CHE","T30","11",0.147,11,"False"
"1878","3949","CHE","T30","11",0.436,11,"False"
"1879","3950","CHE","T30","11",0.152,11,"True"
"1880","3951","CHE","T30","11",0.089,11,"True"
"1881","3952","CHE","T30","11",0.082,11,"True"
"1882","3953","CHE","T30","11",0.015,11,"False"
"1883","31","CWT+DHE","T1","18",0.235,18,"False"
"1884","52","CWT+DHE","T1","18",0.457,18,"False"
"1885","53","CWT+DHE","T1","18",0.41,18,"False"
"1886","65","CWT+DHE","T1","18",0.298,18,"False"
"1887","78","CWT+DHE","T1","18",0.264,18,"False"
"1888","79","CWT+DHE","T1","18",0.141,18,"False"
"1889","80","CWT+DHE","T1","18",0.353,18,"False"
"1890","81","CWT+DHE","T1","18",0.318,18,"False"
"1891","117","CWT+DHE","T1","18",0.318,18,"False"
"1892","132","CWT+DHE","T1","18",0.325,18,"False"
"1893","137","CWT+DHE","T1","18",0.346,18,"False"
"1894","156","CWT+DHE","T1","18",0.459,18,"False"
"1895","157","CWT+DHE","T1","18",0.518,18,"False"
"1896","1000","CWT+DHE","T1","18",0.25,18,"False"
"1897","1001","CWT+DHE","T1","18",0.438,18,"False"
"1898","1002","CWT+DHE","T1","18",0.143,18,"False"
"1899","1003","CWT+DHE","T1","18",0.337,18,"False"
"1900","1005","CWT+DHE","T1","18",0.255,18,"False"
"1901","1006","CWT+DHE","T1","18",0.375,18,"False"
"1902","1007","CWT+DHE","T1","18",0.424,18,"False"
"1903","1008","CWT+DHE","T1","18",0.184,18,"False"
"1904","1010","CWT+DHE","T1","18",0.229,18,"False"
"1905","1011","CWT+DHE","T1","18",0.485,18,"False"
"1906","1013","CWT+DHE","T1","18",0.199,18,"False"
"1907","1014","CWT+DHE","T1","18",0.344,18,"False"
"1908","1016","CWT+DHE","T1","18",0.219,18,"False"
"1909","1020","CWT+DHE","T1","18",0.089,18,"True"
"1910","1021","CWT+DHE","T1","18",0.085,18,"True"
"1911","164","CWT","T2","18",0.336,18,"False"
"1912","165a","CWT","T2","18",0.262,18,"False"
"1913","165b","CWT","T2","18",0.28,18,"False"
"1914","168","CWT","T2","18",0.407,18,"False"
"1915","183","CWT","T2","18",0.24,18,"False"
"1916","187","CWT","T2","18",0.403,18,"False"
"1917","222","CWT","T2","18",0.168,18,"False"
"1918","250","CWT","T2","18",0.286,18,"False"
"1919","1026","CWT","T2","18",0.133,18,"False"
"1920","1029","CWT","T2","18",0.191,18,"False"
"1921","1033","CWT","T2","18",0.182,18,"False"
"1922","1034","CWT","T2","18",0.154,18,"False"
"1923","1035","CWT","T2","18",0.441,18,"False"
"1924","1036","CWT","T2","18",0.17,18,"False"
"1925","1037","CWT","T2","18",0.189,18,"False"
"1926","1038","CWT","T2","18",0.179,18,"False"
"1927","1040","CWT","T2","18",0.187,18,"False"
"1928","1042","CWT","T2","18",0.163,18,"False"
"1929","1043","CWT","T2","18",0.144,18,"False"
"1930","1045","CWT","T2","18",0.143,18,"False"
"1931","1047","CWT","T2","18",0.342,18,"False"
"1932","1048","CWT","T2","18",0.223,18,"False"
"1933","1049","CWT","T2","18",0.174,18,"False"
"1934","1050","CWT","T2","18",0.198,18,"False"
"1935","1051","CWT","T2","18",0.394,18,"False"
"1936","1052","CWT","T2","18",0.165,18,"False"
"1937","1054","CWT","T2","18",0.081,18,"False"
"1938","709","DHE","T3","18",0.096,18,"False"
"1939","766","DHE","T3","18",0.061,18,"False"
"1940","1055","DHE","T3","18",0.287,18,"False"
"1941","1056","DHE","T3","18",0.13,18,"False"
"1942","1057","DHE","T3","18",0.124,18,"False"
"1943","1058","DHE","T3","18",0.184,18,"False"
"1944","1059","DHE","T3","18",0.111,18,"False"
"1945","1060","DHE","T3","18",0.219,18,"False"
"1946","1061","DHE","T3","18",0.303,18,"False"
"1947","1062","DHE","T3","18",0.24,18,"False"
"1948","1063","DHE","T3","18",0.076,18,"False"
"1949","1065","DHE","T3","18",0.315,18,"False"
"1950","1067","DHE","T3","18",0.154,18,"False"
"1951","1068","DHE","T3","18",0.13,18,"False"
"1952","1069","DHE","T3","18",0.183,18,"False"
"1953","1070","DHE","T3","18",0.256,18,"False"
"1954","1071","DHE","T3","18",0.117,18,"False"
"1955","1072","DHE","T3","18",0.076,18,"False"
"1956","1073","DHE","T3","18",0.315,18,"False"
"1957","1074","DHE","T3","18",0.127,18,"True"
"1958","1075","DHE","T3","18",0.299,18,"False"
"1959","1076","DHE","T3","18",0.062,18,"True"
"1960","1077","DHE","T3","18",0.396,18,"False"
"1961","1078","DHE","T3","18",0.288,18,"False"
"1962","1079","DHE","T3","18",0.454,18,"False"
"1963","1080","DHE","T3","18",0.347,18,"False"
"1964","1081","DHE","T3","18",0.291,18,"False"
"1965","1082","DHE","T3","18",0.344,18,"False"
"1966","1083","DHE","T3","18",0.374,18,"False"
"1967","1084","DHE","T3","18",0.362,18,"False"
"1968","1085","DHE","T3","18",0.278,18,"False"
"1969","1086","DHE","T3","18",0.218,18,"False"
"1970","1087","DHE","T3","18",0.348,18,"False"
"1971","1088","DHE","T3","18",0.168,18,"False"
"1972","1089","DHE","T3","18",0.206,18,"False"
"1973","1090","DHE","T3","18",0.096,18,"False"
"1974","1091","DHE","T3","18",0.202,18,"False"
"1975","1092","DHE","T3","18",0.296,18,"False"
"1976","1093","DHE","T3","18",0.104,18,"False"
"1977","160","CWT","T4","18",0.335,18,"False"
"1978","161","CWT","T4","18",0.213,18,"False"
"1979","163","CWT","T4","18",0.204,18,"False"
"1980","166","CWT","T4","18",0.292,18,"False"
"1981","170","CWT","T4","18",0.041,18,"False"
"1982","171","CWT","T4","18",0.33,18,"False"
"1983","178","CWT","T4","18",0.323,18,"False"
"1984","179","CWT","T4","18",0.189,18,"False"
"1985","180","CWT","T4","18",0.214,18,"False"
"1986","186","CWT","T4","18",0.208,18,"False"
"1987","189","CWT","T4","18",0.318,18,"False"
"1988","193","CWT","T4","18",0.243,18,"False"
"1989","194","CWT","T4","18",0.161,18,"False"
"1990","197","CWT","T4","18",0.239,18,"False"
"1991","198","CWT","T4","18",0.262,18,"False"
"1992","199","CWT","T4","18",0.203,18,"False"
"1993","200","CWT","T4","18",0.218,18,"False"
"1994","201","CWT","T4","18",0.265,18,"False"
"1995","202","CWT","T4","18",0.318,18,"False"
"1996","203","CWT","T4","18",0.311,18,"False"
"1997","205","CWT","T4","18",0.23,18,"False"
"1998","206","CWT","T4","18",0.256,18,"False"
"1999","212","CWT","T4","18",0.233,18,"False"
"2000","213","CWT","T4","18",0.151,18,"False"
"2001","214","CWT","T4","18",0.134,18,"False"
"2002","220","CWT","T4","18",0.301,18,"False"
"2003","221","CWT","T4","18",0.476,18,"False"
"2004","223","CWT","T4","18",0.289,18,"False"
"2005","225","CWT","T4","18",0.264,18,"False"
"2006","226","CWT","T4","18",0.284,18,"False"
"2007","227","CWT","T4","18",0.217,18,"False"
"2008","228","CWT","T4","18",0.062,18,"False"
"2009","229","CWT","T4","18",0.237,18,"False"
"2010","230","CWT","T4","18",0.3,18,"False"
"2011","231","CWT","T4","18",0.091,18,"False"
"2012","232","CWT","T4","18",0.305,18,"False"
"2013","233","CWT","T4","18",0.141,18,"False"
"2014","236","CWT","T4","18",0.124,18,"False"
"2015","237","CWT","T4","18",0.342,18,"False"
"2016","238","CWT","T4","18",0.216,18,"False"
"2017","241","CWT","T4","18",0.177,18,"False"
"2018","242","CWT","T4","18",0.299,18,"False"
"2019","246","CWT","T4","18",0.38,18,"False"
"2020","247","CWT","T4","18",0.227,18,"False"
"2021","248","CWT","T4","18",0.201,18,"False"
"2022","255","CWT","T4","18",0.125,18,"False"
"2023","256","CWT","T4","18",0.297,18,"False"
"2024","262","CWT","T4","18",0.179,18,"False"
"2025","263","CWT","T4","18",0.185,18,"False"
"2026","267","CWT","T4","18",0.197,18,"False"
"2027","268","CWT","T4","18",0.263,18,"False"
"2028","272","CWT","T4","18",0.6,18,"False"
"2029","276","CWT","T4","18",0.215,18,"False"
"2030","278","CWT","T4","18",0.105,18,"False"
"2031","1111","CWT","T4","18",0.075,18,"False"
"2032","1112","CWT","T4","18",0.177,18,"False"
"2033","1113","CWT","T4","18",0.216,18,"False"
"2034","1114","CWT","T4","18",0.106,18,"False"
"2035","1115","CWT","T4","18",0.195,18,"False"
"2036","1117","CWT","T4","18",0.075,18,"False"
"2037","1118","CWT","T4","18",0.203,18,"False"
"2038","1120","CWT","T4","18",0.113,18,"False"
"2039","1121","CWT","T4","18",0.085,18,"False"
"2040","1122","CWT","T4","18",0.17,18,"False"
"2041","1123","CWT","T4","18",0.075,18,"False"
"2042","1124","CWT","T4","18",0.229,18,"False"
"2043","1125","CWT","T4","18",0.156,18,"False"
"2044","1126","CWT","T4","18",0.26,18,"False"
"2045","1128","CWT","T4","18",0.15,18,"False"
"2046","1129","CWT","T4","18",0.128,18,"False"
"2047","1130","CWT","T4","18",0.23,18,"False"
"2048","1131","CWT","T4","18",0.282,18,"False"
"2049","1132","CWT","T4","18",0.31,18,"False"
"2050","1133","CWT","T4","18",0.077,18,"True"
"2051","1134","CWT","T4","18",0.331,18,"False"
"2052","1135","CWT","T4","18",0.132,18,"True"
"2053","1136","CWT","T4","18",0.157,18,"False"
"2054","1137","CWT","T4","18",0.158,18,"False"
"2055","1138","CWT","T4","18",0.211,18,"False"
"2056","1139","CWT","T4","18",0.363,18,"False"
"2057","1140","CWT","T4","18",0.2,18,"False"
"2058","1141","CWT","T4","18",0.186,18,"False"
"2059","1142","CWT","T4","18",0.251,18,"False"
"2060","1143","CWT","T4","18",0.413,18,"False"
"2061","1144","CWT","T4","18",0.271,18,"False"
"2062","1145","CWT","T4","18",0.231,18,"True"
"2063","1146","CWT","T4","18",0.178,18,"False"
"2064","1147","CWT","T4","18",0.197,18,"False"
"2065","1148","CWT","T4","18",0.163,18,"True"
"2066","1149","CWT","T4","18",0.194,18,"False"
"2067","1150","CWT","T4","18",0.212,18,"False"
"2068","1151","CWT","T4","18",0.029,18,"False"
"2069","1152","CWT","T4","18",0.272,18,"False"
"2070","1153","CWT","T4","18",0.331,18,"False"
"2071","1154","CWT","T4","18",0.291,18,"False"
"2072","1155","CWT","T4","18",0.076,18,"False"
"2073","1156","CWT","T4","18",0.289,18,"False"
"2074","1157","CWT","T4","18",0.279,18,"False"
"2075","1158","CWT","T4","18",0.212,18,"False"
"2076","1159","CWT","T4","18",0.14,18,"False"
"2077","1160","CWT","T4","18",0.094,18,"False"
"2078","1161","CWT","T4","18",0.136,18,"False"
"2079","1162","CWT","T4","18",0.049,18,"False"
"2080","1163","CWT","T4","18",0.089,18,"False"
"2081","1164","CWT","T4","18",0.246,18,"True"
"2082","1165","CWT","T4","18",0.301,18,"False"
"2083","1167","CWT","T4","18",0.588,18,"False"
"2084","1170","CWT","T4","18",0.297,18,"False"
"2085","1175","CWT","T4","18",0.049,18,"True"
"2086","1179","CWT","T4","18",0.079,18,"False"
"2087","1180","CWT","T4","18",0.24,18,"True"
"2088","1181","CWT","T4","18",0.066,18,"False"
"2089","1183","CHE+DWT","T5","18",0.235,18,"False"
"2090","1184","CHE+DWT","T5","18",0.188,18,"False"
"2091","1187","CHE+DWT","T5","18",0.307,18,"False"
"2092","1188","CHE+DWT","T5","18",0.203,18,"False"
"2093","1189","CHE+DWT","T5","18",0.102,18,"False"
"2094","1190","CHE+DWT","T5","18",0.138,18,"False"
"2095","1191","CHE+DWT","T5","18",0.273,18,"False"
"2096","1192","CHE+DWT","T5","18",0.079,18,"False"
"2097","1194","CHE+DWT","T5","18",0.256,18,"False"
"2098","1195","CHE+DWT","T5","18",0.182,18,"False"
"2099","1196","CHE+DWT","T5","18",0.268,18,"False"
"2100","1197","CHE+DWT","T5","18",0.182,18,"True"
"2101","1198","CHE+DWT","T5","18",0.231,18,"False"
"2102","1199","CHE+DWT","T5","18",0.361,18,"False"
"2103","1200","CHE+DWT","T5","18",0.223,18,"False"
"2104","1201","CHE+DWT","T5","18",0.312,18,"False"
"2105","1204","CHE+DWT","T5","18",0.26,18,"False"
"2106","1207","CHE+DWT","T5","18",0.283,18,"True"
"2107","1208","CHE+DWT","T5","18",0.254,18,"False"
"2108","1209","CHE+DWT","T5","18",0.089,18,"False"
"2109","1210","CHE+DWT","T5","18",0.249,18,"False"
"2110","1213","CHE+DWT","T5","18",0.222,18,"False"
"2111","1223","CHE+DWT","T5","18",0.243,18,"False"
"2112","1224","CHE+DWT","T5","18",0.232,18,"False"
"2113","1225","CHE+DWT","T5","18",0.305,18,"False"
"2114","1228","CHE+DWT","T5","18",0.235,18,"False"
"2115","1229","CHE+DWT","T5","18",0.277,18,"False"
"2116","1231","CHE+DWT","T5","18",0.306,18,"False"
"2117","1232","CHE+DWT","T5","18",0.204,18,"False"
"2118","1233","CHE+DWT","T5","18",0.369,18,"False"
"2119","1234","CHE+DWT","T5","18",0.233,18,"False"
"2120","1237","CHE+DWT","T5","18",0.245,18,"False"
"2121","1239","CHE+DWT","T5","18",0.368,18,"False"
"2122","1240","CHE+DWT","T5","18",0.324,18,"False"
"2123","1241","CHE+DWT","T5","18",0.455,18,"False"
"2124","1242","CHE+DWT","T5","18",0.325,18,"False"
"2125","1245","CHE+DWT","T5","18",0.303,18,"False"
"2126","1246","CHE+DWT","T5","18",0.297,18,"False"
"2127","1250","CHE+DWT","T5","18",0.174,18,"False"
"2128","1251","CHE+DWT","T5","18",0.221,18,"False"
"2129","1252","CHE+DWT","T5","18",0.264,18,"False"
"2130","1254","CHE+DWT","T5","18",0.323,18,"False"
"2131","1256","CHE+DWT","T5","18",0.122,18,"True"
"2132","1257","CHE+DWT","T5","18",0.177,18,"False"
"2133","1261","CHE+DWT","T5","18",0.341,18,"False"
"2134","1263","CHE+DWT","T5","18",0.278,18,"False"
"2135","1264","CHE+DWT","T5","18",0.339,18,"False"
"2136","1266","CHE+DWT","T5","18",0.241,18,"False"
"2137","1269","CHE+DWT","T5","18",0.301,18,"False"
"2138","1270","CHE+DWT","T5","18",0.246,18,"False"
"2139","1271","CHE+DWT","T5","18",0.162,18,"False"
"2140","1272","CHE+DWT","T5","18",0.237,18,"False"
"2141","1275","CHE+DWT","T5","18",0.227,18,"False"
"2142","1276","CHE+DWT","T5","18",0.076,18,"True"
"2143","1277","CHE+DWT","T5","18",0.107,18,"True"
"2144","1305","CHE+DWT","T5","18",0.229,18,"False"
"2145","1307","CHE","T7","18",0.097,18,"False"
"2146","1308","CHE","T7","18",0.207,18,"True"
"2147","1309","CHE","T7","18",0.156,18,"False"
"2148","1310","CHE","T7","18",0.286,18,"False"
"2149","1311","CHE","T7","18",0.297,18,"False"
"2150","1316","CHE","T7","18",0.146,18,"False"
"2151","1317","CHE","T7","18",0.122,18,"True"
"2152","1318","CHE","T7","18",0.2,18,"False"
"2153","1319","CHE","T7","18",0.066,18,"False"
"2154","1320","CHE","T7","18",0.114,18,"False"
"2155","1321","CHE","T7","18",0.039,18,"True"
"2156","1322","CHE","T7","18",0.192,18,"False"
"2157","1325","CHE","T7","18",0.311,18,"False"
"2158","1326","CHE","T7","18",0.408,18,"False"
"2159","1327","CHE","T7","18",0.274,18,"False"
"2160","1328","CHE","T7","18",0.226,18,"False"
"2161","1329","CHE","T7","18",0.118,18,"True"
"2162","1331","CHE","T7","18",0.222,18,"False"
"2163","1332","CHE","T7","18",0.227,18,"False"
"2164","1333","CHE","T7","18",0.297,18,"False"
"2165","1334","CHE","T7","18",0.326,18,"False"
"2166","1335","CHE","T7","18",0.061,18,"True"
"2167","1336","CHE","T7","18",0.208,18,"True"
"2168","1337","CHE","T7","18",0.131,18,"False"
"2169","1338","CHE","T7","18",0.311,18,"False"
"2170","1339","CHE","T7","18",0.029,18,"True"
"2171","1340","CHE","T7","18",0.185,18,"False"
"2172","1341","CHE","T7","18",0.363,18,"False"
"2173","1342","CHE","T7","18",0.138,18,"False"
"2174","1343","CHE","T7","18",0.125,18,"False"
"2175","1344","CHE","T7","18",0.2,18,"False"
"2176","1345","CHE","T7","18",0.12,18,"False"
"2177","1346","CHE","T7","18",0.144,18,"False"
"2178","1347","CHE","T7","18",0.157,18,"False"
"2179","1348","CHE","T7","18",0.175,18,"False"
"2180","1349","CHE","T7","18",0.18,18,"False"
"2181","1350","CHE","T7","18",0.104,18,"False"
"2182","1351","CHE","T7","18",0.142,18,"False"
"2183","1424","CWT+DHE","T11","18",0.28,18,"False"
"2184","1425","CWT+DHE","T11","18",0.226,18,"False"
"2185","1426","CWT+DHE","T11","18",0.291,18,"False"
"2186","1427","CWT+DHE","T11","18",0.217,18,"False"
"2187","1428","CWT+DHE","T11","18",0.29,18,"False"
"2188","1429","CWT+DHE","T11","18",0.194,18,"False"
"2189","1430","CWT+DHE","T11","18",0.284,18,"False"
"2190","1431","CWT+DHE","T11","18",0.236,18,"False"
"2191","1432","CWT+DHE","T11","18",0.1,18,"False"
"2192","1434","CWT+DHE","T11","18",0.287,18,"False"
"2193","1435","CWT+DHE","T11","18",0.346,18,"False"
"2194","1436","CWT+DHE","T11","18",0.187,18,"False"
"2195","1437","CWT+DHE","T11","18",0.232,18,"False"
"2196","1441","CWT+DHE","T11","18",0.229,18,"False"
"2197","1442","CWT+DHE","T11","18",0.267,18,"False"
"2198","1443","CWT+DHE","T11","18",0.149,18,"False"
"2199","1444","CWT+DHE","T11","18",0.141,18,"False"
"2200","1445","CWT+DHE","T11","18",0.352,18,"False"
"2201","1446","CWT+DHE","T11","18",0.295,18,"False"
"2202","1447","CWT+DHE","T11","18",0.329,18,"False"
"2203","1449","CWT+DHE","T11","18",0.285,18,"False"
"2204","1450","CWT+DHE","T11","18",0.219,18,"False"
"2205","1451","CWT+DHE","T11","18",0.177,18,"False"
"2206","1452","CWT+DHE","T11","18",0.135,18,"False"
"2207","1455","CWT+DHE","T11","18",0.231,18,"False"
"2208","1456","CWT+DHE","T11","18",0.068,18,"False"
"2209","1459","CWT+DHE","T11","18",0.103,18,"False"
"2210","1460","CWT+DHE","T11","18",0.089,18,"False"
"2211","1461","CWT+DHE","T11","18",0.09,18,"True"
"2212","1465","CWT+DHE","T11","18",0.077,18,"False"
"2213","1466","CWT+DHE","T11","18",0.183,18,"False"
"2214","1468","CWT+DHE","T11","18",0.193,18,"False"
"2215","1469","CWT+DHE","T11","18",0.235,18,"False"
"2216","1470","CWT+DHE","T11","18",0.252,18,"False"
"2217","1473","CWT+DHE","T11","18",0.214,18,"False"
"2218","1474","CWT+DHE","T11","18",0.235,18,"False"
"2219","1475","CWT+DHE","T11","18",0.169,18,"False"
"2220","1477","CWT+DHE","T11","18",0.131,18,"False"
"2221","1479","CWT+DHE","T11","18",0.177,18,"False"
"2222","1480","CWT+DHE","T11","18",0.128,18,"False"
"2223","1481","CWT+DHE","T11","18",0.105,18,"False"
"2224","1482","CWT+DHE","T11","18",0.094,18,"False"
"2225","1483","CWT+DHE","T11","18",0.124,18,"True"
"2226","1484","CWT+DHE","T11","18",0.146,18,"False"
"2227","1486","CWT+DHE","T11","18",0.248,18,"False"
"2228","1487","CWT+DHE","T11","18",0.132,18,"False"
"2229","1488","CWT+DHE","T11","18",0.132,18,"False"
"2230","1489","CWT+DHE","T11","18",0.213,18,"False"
"2231","1490","CWT+DHE","T11","18",0.047,18,"False"
"2232","1491","CWT+DHE","T11","18",0.187,18,"False"
"2233","1492","CWT+DHE","T11","18",0.241,18,"False"
"2234","1494","CWT+DHE","T11","18",0.061,18,"False"
"2235","1495","CWT+DHE","T11","18",0.107,18,"False"
"2236","1496","CWT+DHE","T11","18",0.096,18,"False"
"2237","1497","CWT+DHE","T11","18",0.213,18,"False"
"2238","1498","CWT+DHE","T11","18",0.203,18,"False"
"2239","1499","CWT+DHE","T11","18",0.142,18,"False"
"2240","1500","CWT+DHE","T11","18",0.263,18,"False"
"2241","1502","CWT+DHE","T11","18",0.146,18,"False"
"2242","1503","CWT+DHE","T11","18",0.134,18,"False"
"2243","1504","CWT+DHE","T11","18",0.592,18,"False"
"2244","1506","CWT+DHE","T11","18",0.118,18,"False"
"2245","1507","CWT+DHE","T11","18",0.167,18,"False"
"2246","1508","CWT+DHE","T11","18",0.069,18,"False"
"2247","1509","CWT+DHE","T11","18",0.122,18,"False"
"2248","1510","CWT+DHE","T11","18",0.123,18,"False"
"2249","1511","CWT+DHE","T11","18",0.107,18,"False"
"2250","1513","CWT+DHE","T11","18",0.21,18,"False"
"2251","1514","CWT+DHE","T11","18",0.078,18,"False"
"2252","1515","CWT+DHE","T11","18",0.336,18,"False"
"2253","1516","CWT+DHE","T11","18",0.059,18,"False"
"2254","1517","CWT+DHE","T11","18",0.268,18,"False"
"2255","1518","CWT+DHE","T11","18",0.289,18,"False"
"2256","1519","CWT+DHE","T11","18",0.15,18,"False"
"2257","1520","CWT+DHE","T11","18",0.222,18,"False"
"2258","1521","CWT+DHE","T11","18",0.086,18,"False"
"2259","1531","CWT+DHE","T11","18",0.216,18,"False"
"2260","1532","CWT+DHE","T11","18",0.128,18,"False"
"2261","1533","CWT+DHE","T11","18",0.078,18,"False"
"2262","1535","CHE+DHE","T6","18",0.124,18,"False"
"2263","1536","CHE+DHE","T6","18",0.3,18,"False"
"2264","1537","CHE+DHE","T6","18",0.064,18,"False"
"2265","1538","CHE+DHE","T6","18",0.145,18,"False"
"2266","1539","CHE+DHE","T6","18",0.189,18,"False"
"2267","1540","CHE+DHE","T6","18",0.238,18,"False"
"2268","1541","CHE+DHE","T6","18",0.154,18,"False"
"2269","1544","CHE+DHE","T6","18",0.187,18,"False"
"2270","1545","CHE+DHE","T6","18",0.065,18,"False"
"2271","1546","CHE+DHE","T6","18",0.077,18,"False"
"2272","1547","CHE+DHE","T6","18",0.058,18,"False"
"2273","1548","CHE+DHE","T6","18",0.044,18,"False"
"2274","1549","CHE+DHE","T6","18",0.095,18,"False"
"2275","1550","CHE+DHE","T6","18",0.087,18,"False"
"2276","1551","CHE+DHE","T6","18",0.154,18,"False"
"2277","1553","CHE+DHE","T6","18",0.132,18,"False"
"2278","1554","CHE+DHE","T6","18",0.072,18,"False"
"2279","1557","CHE+DHE","T6","18",0.341,18,"False"
"2280","1560","CHE+DHE","T6","18",0.143,18,"True"
"2281","1561","CHE+DHE","T6","18",0.148,18,"True"
"2282","1562","CHE+DHE","T6","18",0.158,18,"False"
"2283","1563","CHE+DHE","T6","18",0.297,18,"False"
"2284","1564","CHE+DHE","T6","18",0.173,18,"False"
"2285","1590","CHE+DHE","T6","18",0.157,18,"False"
"2286","1593","CHE+DHE","T6","18",0.203,18,"False"
"2287","1595","CHE+DHE","T6","18",0.311,18,"False"
"2288","1603","CHE+DHE","T6","18",0.267,18,"False"
"2289","1605","CHE+DHE","T6","18",0.249,18,"False"
"2290","1606","CHE+DHE","T6","18",0.225,18,"False"
"2291","1607","CHE+DHE","T6","18",0.179,18,"False"
"2292","1611","CHE+DHE","T6","18",0.078,18,"False"
"2293","1628","CHE+DHE","T6","18",0.263,18,"False"
"2294","1636","CHE+DHE","T6","18",0.343,18,"False"
"2295","1637","CHE+DHE","T6","18",0.265,18,"False"
"2296","1638","CHE+DHE","T6","18",0.1,18,"True"
"2297","1640","CHE+DHE","T6","18",0.286,18,"False"
"2298","1641","CHE+DHE","T6","18",0.222,18,"False"
"2299","1647","CHE+DHE","T6","18",0.214,18,"False"
"2300","1655","CHE+DHE","T6","18",0.196,18,"False"
"2301","1660","CHE+DHE","T6","18",0.29,18,"False"
"2302","1661","CHE+DHE","T6","18",0.308,18,"False"
"2303","1662","CHE+DHE","T6","18",0.369,18,"False"
"2304","1664","CHE+DHE","T6","18",0.145,18,"False"
"2305","1665","CHE+DHE","T6","18",0.367,18,"False"
"2306","1672","CHE+DHE","T6","18",0.074,18,"False"
"2307","1676","CHE+DHE","T6","18",0.071,18,"False"
"2308","1679","CHE+DHE","T6","18",0.034,18,"False"
"2309","1680","CHE+DHE","T6","18",0.056,18,"False"
"2310","1355","DHE","T9","18",0.175,18,"False"
"2311","1356","DHE","T9","18",0.166,18,"False"
"2312","1357","DHE","T9","18",0.201,18,"False"
"2313","1363","DHE","T9","18",0.217,18,"False"
"2314","1364","DHE","T9","18",0.103,18,"False"
"2315","1374","DHE","T9","18",0.229,18,"False"
"2316","1376","DHE","T9","18",0.12,18,"False"
"2317","1377","DHE","T9","18",0.033,18,"False"
"2318","1380","DHE","T9","18",0.268,18,"False"
"2319","1381","DHE","T9","18",0.034,18,"False"
"2320","1382","DHE","T9","18",0.07,18,"False"
"2321","1383","DHE","T9","18",0.152,18,"False"
"2322","1384","DHE","T9","18",0.124,18,"False"
"2323","1385","DHE","T9","18",0.186,18,"False"
"2324","1386","DHE","T9","18",0.178,18,"False"
"2325","1388","DHE","T9","18",0.107,18,"False"
"2326","1389","DHE","T9","18",0.285,18,"False"
"2327","1390","DHE","T9","18",0.187,18,"False"
"2328","1392","DHE","T9","18",0.272,18,"False"
"2329","1394","DHE","T9","18",0.078,18,"False"
"2330","1397","DHE","T9","18",0.192,18,"False"
"2331","1398","DHE","T9","18",0.133,18,"False"
"2332","1399","DHE","T9","18",0.148,18,"False"
"2333","1400","DHE","T9","18",0.054,18,"False"
"2334","1401","DHE","T9","18",0.209,18,"False"
"2335","1402","DHE","T9","18",0.162,18,"False"
"2336","1404","DHE","T9","18",0.172,18,"False"
"2337","1405","DHE","T9","18",0.217,18,"False"
"2338","1406","DHE","T9","18",0.208,18,"False"
"2339","1407","DHE","T9","18",0.283,18,"False"
"2340","1408","DHE","T9","18",0.184,18,"False"
"2341","1409","DHE","T9","18",0.058,18,"False"
"2342","1410","DHE","T9","18",0.093,18,"False"
"2343","1411","DHE","T9","18",0.048,18,"False"
"2344","1412","DHE","T9","18",0.137,18,"False"
"2345","1413","DHE","T9","18",0.052,18,"False"
"2346","1414","DHE","T9","18",0.111,18,"False"
"2347","1415","DHE","T9","18",0.106,18,"False"
"2348","1416","DHE","T9","18",0.125,18,"False"
"2349","1420","DHE","T9","18",0.168,18,"False"
"2350","1421","DHE","T9","18",0.21,18,"False"
"2351","1926","CHE+DWT","T12","18",0.407,18,"False"
"2352","1927","CHE+DWT","T12","18",0.285,18,"False"
"2353","1928","CHE+DWT","T12","18",0.451,18,"False"
"2354","1929","CHE+DWT","T12","18",0.173,18,"False"
"2355","1930","CHE+DWT","T12","18",0.372,18,"False"
"2356","1931","CHE+DWT","T12","18",0.375,18,"False"
"2357","1932","CHE+DWT","T12","18",0.405,18,"False"
"2358","1933","CHE+DWT","T12","18",0.154,18,"False"
"2359","1937","CHE+DWT","T12","18",0.293,18,"False"
"2360","1938","CHE+DWT","T12","18",0.067,18,"False"
"2361","1939","CHE+DWT","T12","18",0.179,18,"False"
"2362","1940","CHE+DWT","T12","18",0.252,18,"False"
"2363","1943","CHE+DWT","T12","18",0.062,18,"False"
"2364","1944","CHE+DWT","T12","18",0.125,18,"True"
"2365","1945","CHE+DWT","T12","18",0.337,18,"True"
"2366","1946","CHE+DWT","T12","18",0.261,18,"True"
"2367","1948","CHE+DWT","T12","18",0.405,18,"False"
"2368","1949","CHE+DWT","T12","18",0.319,18,"False"
"2369","1950","CHE+DWT","T12","18",0.13,18,"False"
"2370","1951","CHE+DWT","T12","18",0.341,18,"False"
"2371","1952","CHE+DWT","T12","18",0.213,18,"False"
"2372","1954","CHE+DWT","T12","18",0.276,18,"False"
"2373","1956","CHE+DWT","T12","18",0.389,18,"False"
"2374","1957","CHE+DWT","T12","18",0.24,18,"False"
"2375","1958","CHE+DWT","T12","18",0.281,18,"False"
"2376","1959","CHE+DWT","T12","18",0.177,18,"True"
"2377","1960","CHE+DWT","T12","18",0.331,18,"True"
"2378","1961","CHE+DWT","T12","18",0.356,18,"False"
"2379","1964","CHE+DWT","T12","18",0.162,18,"False"
"2380","1965","CHE+DWT","T12","18",0.06,18,"False"
"2381","1966","CHE+DWT","T12","18",0.065,18,"False"
"2382","1967","CHE+DWT","T12","18",0.334,18,"False"
"2383","1968","CHE+DWT","T12","18",0.363,18,"False"
"2384","1969","CHE+DWT","T12","18",0.439,18,"False"
"2385","1970","CHE+DWT","T12","18",0.369,18,"False"
"2386","1971","CHE+DWT","T12","18",0.231,18,"False"
"2387","1986","CHE+DWT","T12","18",0.251,18,"False"
"2388","1615","CHE+DHE","T14","18",0.161,18,"False"
"2389","1616","CHE+DHE","T14","18",0.154,18,"False"
"2390","1633","CHE+DHE","T14","18",0.324,18,"False"
"2391","1761","CHE+DHE","T14","18",0.172,18,"False"
"2392","1763","CHE+DHE","T14","18",0.167,18,"False"
"2393","1764","CHE+DHE","T14","18",0.275,18,"False"
"2394","1766","CHE+DHE","T14","18",0.274,18,"False"
"2395","1767","CHE+DHE","T14","18",0.229,18,"False"
"2396","1770","CHE+DHE","T14","18",0.112,18,"False"
"2397","1771","CHE+DHE","T14","18",0.205,18,"False"
"2398","1772","CHE+DHE","T14","18",0.199,18,"False"
"2399","1773","CHE+DHE","T14","18",0.24,18,"False"
"2400","1774","CHE+DHE","T14","18",0.153,18,"False"
"2401","1775","CHE+DHE","T14","18",0.248,18,"False"
"2402","1776","CHE+DHE","T14","18",0.298,18,"False"
"2403","1777","CHE+DHE","T14","18",0.231,18,"False"
"2404","1780","CHE+DHE","T14","18",0.216,18,"False"
"2405","1786","CHE+DHE","T14","18",0.179,18,"False"
"2406","1787","CHE+DHE","T14","18",0.188,18,"False"
"2407","1790","CHE+DHE","T14","18",0.275,18,"False"
"2408","1794","CHE+DHE","T14","18",0.135,18,"False"
"2409","1803","CHE+DHE","T14","18",0.101,18,"False"
"2410","1806","CHE+DHE","T14","18",0.11,18,"False"
"2411","1807","CHE+DHE","T14","18",0.182,18,"False"
"2412","1809","CHE+DHE","T14","18",0.203,18,"False"
"2413","1810","CHE+DHE","T14","18",0.216,18,"False"
"2414","1811","CHE+DHE","T14","18",0.093,18,"False"
"2415","1814","CHE+DHE","T14","18",0.262,18,"False"
"2416","1821","CHE+DHE","T14","18",0.132,18,"False"
"2417","1824","CHE+DHE","T14","18",0.248,18,"False"
"2418","1825","CHE+DHE","T14","18",0.173,18,"False"
"2419","1827","CHE+DHE","T14","18",0.283,18,"False"
"2420","1830","CHE+DHE","T14","18",0.192,18,"False"
"2421","1831","CHE+DHE","T14","18",0.275,18,"False"
"2422","1839","CHE+DHE","T14","18",0.091,18,"False"
"2423","1840","CHE+DHE","T14","18",0.225,18,"False"
"2424","1841","CHE+DHE","T14","18",0.215,18,"False"
"2425","1846","CHE+DHE","T14","18",0.21,18,"False"
"2426","1848","CHE+DHE","T14","18",0.412,18,"False"
"2427","1849","CHE+DHE","T14","18",0.118,18,"False"
"2428","1850","CHE+DHE","T14","18",0.157,18,"False"
"2429","1851","CHE+DHE","T14","18",0.198,18,"False"
"2430","1854","CHE+DHE","T14","18",0.172,18,"False"
"2431","1855","CHE+DHE","T14","18",0.138,18,"False"
"2432","1856","CHE+DHE","T14","18",0.28,18,"False"
"2433","1857","CHE+DHE","T14","18",0.16,18,"False"
"2434","1858","CHE+DHE","T14","18",0.182,18,"False"
"2435","1859","CHE+DHE","T14","18",0.195,18,"False"
"2436","1860","CHE+DHE","T14","18",0.082,18,"False"
"2437","1861","CHE+DHE","T14","18",0.189,18,"False"
"2438","1862","CHE+DHE","T14","18",0.168,18,"False"
"2439","1863","CHE+DHE","T14","18",0.234,18,"False"
"2440","1864","CHE+DHE","T14","18",0.192,18,"False"
"2441","1866","CHE+DHE","T14","18",0.145,18,"False"
"2442","1870","CHE+DHE","T14","18",0.18,18,"False"
"2443","1873","CHE+DHE","T14","18",0.183,18,"False"
"2444","1874","CHE+DHE","T14","18",0.128,18,"False"
"2445","1876","CHE+DHE","T14","18",0.288,18,"False"
"2446","1878","CHE+DHE","T14","18",0.267,18,"False"
"2447","1879","CHE+DHE","T14","18",0.253,18,"False"
"2448","1880","CHE+DHE","T14","18",0.219,18,"False"
"2449","1881","CHE+DHE","T14","18",0.231,18,"False"
"2450","1884","CHE+DHE","T14","18",0.179,18,"False"
"2451","1887","CHE+DHE","T14","18",0.306,18,"False"
"2452","1888","CHE+DHE","T14","18",0.168,18,"False"
"2453","1889","CHE+DHE","T14","18",0.229,18,"False"
"2454","1893","CHE+DHE","T14","18",0.131,18,"True"
"2455","1894","CHE+DHE","T14","18",0.279,18,"False"
"2456","1895","CHE+DHE","T14","18",0.237,18,"False"
"2457","1896","CHE+DHE","T14","18",0.217,18,"False"
"2458","1897","CHE+DHE","T14","18",0.057,18,"False"
"2459","1898","CHE+DHE","T14","18",0.184,18,"False"
"2460","1899","CHE+DHE","T14","18",0.188,18,"False"
"2461","1901","CHE+DHE","T14","18",0.22,18,"False"
"2462","1904","CHE+DHE","T14","18",0.169,18,"False"
"2463","1905","CHE+DHE","T14","18",0.254,18,"False"
"2464","1906","CHE+DHE","T14","18",0.214,18,"False"
"2465","1907","CHE+DHE","T14","18",0.255,18,"False"
"2466","1908","CHE+DHE","T14","18",0.181,18,"False"
"2467","1910","CHE+DHE","T14","18",0.289,18,"False"
"2468","1911","CHE+DHE","T14","18",0.238,18,"False"
"2469","1912","CHE+DHE","T14","18",0.181,18,"False"
"2470","1915","CHE+DHE","T14","18",0.283,18,"False"
"2471","1921","CHE+DHE","T14","18",0.232,18,"False"
"2472","1924","CHE+DHE","T14","18",0.059,18,"False"
"2473","1925","CHE+DHE","T14","18",0.143,18,"False"
"2474","2057","CHE+DHE","T14","18",0.168,18,"False"
"2475","2058","CHE+DHE","T14","18",0.055,18,"False"
"2476","2059","CHE+DHE","T14","18",0.168,18,"False"
"2477","2060","CHE+DHE","T14","18",0.051,18,"False"
"2478","2093","CWT+DHE","T15","18",0.195,18,"False"
"2479","2094","CWT+DHE","T15","18",0.255,18,"False"
"2480","2095","CWT+DHE","T15","18",0.205,18,"False"
"2481","2096","CWT+DHE","T15","18",0.215,18,"False"
"2482","2098","CWT+DHE","T15","18",0.479,18,"False"
"2483","2100","CWT+DHE","T15","18",0.121,18,"True"
"2484","2104","CWT+DHE","T15","18",0.176,18,"False"
"2485","2108","CWT+DHE","T15","18",0.169,18,"False"
"2486","2113","CWT+DHE","T15","18",0.266,18,"False"
"2487","2114","CWT+DHE","T15","18",0.199,18,"False"
"2488","2115","CWT+DHE","T15","18",0.307,18,"False"
"2489","2116","CWT+DHE","T15","18",0.268,18,"False"
"2490","2120","CWT+DHE","T15","18",0.324,18,"False"
"2491","1991","CWT+DWT","T13","18",0.148,18,"False"
"2492","1992","CWT+DWT","T13","18",0.162,18,"False"
"2493","1993","CWT+DWT","T13","18",0.205,18,"False"
"2494","1997","CWT+DWT","T13","18",0.297,18,"False"
"2495","1998","CWT+DWT","T13","18",0.3,18,"False"
"2496","1999","CWT+DWT","T13","18",0.271,18,"False"
"2497","2000","CWT+DWT","T13","18",0.313,18,"False"
"2498","2003","CWT+DWT","T13","18",0.175,18,"False"
"2499","2005","CWT+DWT","T13","18",0.213,18,"False"
"2500","2006","CWT+DWT","T13","18",0.207,18,"False"
"2501","2008","CWT+DWT","T13","18",0.071,18,"False"
"2502","2009","CWT+DWT","T13","18",0.113,18,"False"
"2503","2010","CWT+DWT","T13","18",0.265,18,"False"
"2504","2011","CWT+DWT","T13","18",0.293,18,"False"
"2505","2012","CWT+DWT","T13","18",0.282,18,"False"
"2506","2013","CWT+DWT","T13","18",0.29,18,"False"
"2507","2014","CWT+DWT","T13","18",0.288,18,"False"
"2508","2015","CWT+DWT","T13","18",0.137,18,"False"
"2509","2017","CWT+DWT","T13","18",0.06,18,"True"
"2510","2019","CWT+DWT","T13","18",0.181,18,"True"
"2511","2022","CWT+DWT","T13","18",0.236,18,"False"
"2512","2023","CWT+DWT","T13","18",0.282,18,"False"
"2513","2024","CWT+DWT","T13","18",0.057,18,"False"
"2514","2025","CWT+DWT","T13","18",0.064,18,"False"
"2515","2026","CWT+DWT","T13","18",0.256,18,"False"
"2516","2027","CWT+DWT","T13","18",0.111,18,"False"
"2517","2031","CWT+DWT","T13","18",0.154,18,"False"
"2518","2032","CWT+DWT","T13","18",0.306,18,"False"
"2519","2033","CWT+DWT","T13","18",0.48,18,"False"
"2520","2034","CWT+DWT","T13","18",0.031,18,"True"
"2521","2035","CWT+DWT","T13","18",0.142,18,"False"
"2522","2037","CWT+DWT","T13","18",0.239,18,"False"
"2523","2038","CWT+DWT","T13","18",0.067,18,"False"
"2524","2039","CWT+DWT","T13","18",0.262,18,"False"
"2525","2040","CWT+DWT","T13","18",0.164,18,"False"
"2526","2041","CWT+DWT","T13","18",0.28,18,"False"
"2527","2042","CWT+DWT","T13","18",0.168,18,"False"
"2528","2043","CWT+DWT","T13","18",0.231,18,"False"
"2529","2044","CWT+DWT","T13","18",0.236,18,"False"
"2530","2045","CWT+DWT","T13","18",0.054,18,"False"
"2531","2046","CWT+DWT","T13","18",0.11,18,"False"
"2532","2047","CWT+DWT","T13","18",0.166,18,"False"
"2533","2048","CWT+DWT","T13","18",0.11,18,"False"
"2534","2050","CWT+DWT","T13","18",0.156,18,"True"
"2535","2051","CWT+DWT","T13","18",0.257,18,"False"
"2536","2052","CWT+DWT","T13","18",0.152,18,"True"
"2537","2053","CWT+DWT","T13","18",0.077,18,"False"
"2538","2054","CWT+DWT","T13","18",0.184,18,"False"
"2539","2055","CWT+DWT","T13","18",0.164,18,"False"
"2540","2080","CWT+DWT","T13","18",0.062,18,"False"
"2541","2081","CWT+DWT","T13","18",0.083,18,"False"
"2542","2259","CWT","T16","18",0.122,18,"False"
"2543","2260","CWT","T16","18",0.042,18,"False"
"2544","2261","CWT","T16","18",0.153,18,"False"
"2545","2262","CWT","T16","18",0.05,18,"False"
"2546","2263","CWT","T16","18",0.107,18,"False"
"2547","2264","CWT","T16","18",0.15,18,"False"
"2548","2267","CWT","T16","18",0.11,18,"False"
"2549","2269","CWT","T16","18",0.058,18,"False"
"2550","2270","CWT","T16","18",0.151,18,"True"
"2551","2271","CWT","T16","18",0.132,18,"True"
"2552","2272","CWT","T16","18",0.137,18,"False"
"2553","2273","CWT","T16","18",0.097,18,"True"
"2554","2274","CWT","T16","18",0.161,18,"False"
"2555","2281","CWT","T16","18",0.104,18,"False"
"2556","2282","CWT","T16","18",0.17,18,"False"
"2557","2283","CWT","T16","18",0.162,18,"False"
"2558","2284","CWT","T16","18",0.127,18,"False"
"2559","2286","CWT","T16","18",0.173,18,"False"
"2560","2292","CWT","T16","18",0.138,18,"False"
"2561","2293","CWT","T16","18",0.126,18,"False"
"2562","2294","CWT","T16","18",0.087,18,"False"
"2563","2296","CWT","T16","18",0.082,18,"False"
"2564","2297","CWT","T16","18",0.115,18,"True"
"2565","2298","CWT","T16","18",0.148,18,"False"
"2566","2299","CWT","T16","18",0.142,18,"False"
"2567","2300","CWT","T16","18",0.098,18,"False"
"2568","2302","CWT","T16","18",0.153,18,"True"
"2569","2303","CWT","T16","18",0.122,18,"True"
"2570","2304","CWT","T16","18",0.132,18,"True"
"2571","2305","CWT","T16","18",0.1,18,"False"
"2572","2306","CWT","T16","18",0.194,18,"False"
"2573","2307","CWT","T16","18",0.106,18,"False"
"2574","2308","CWT","T16","18",0.075,18,"False"
"2575","2309","CWT","T16","18",0.124,18,"True"
"2576","2310","CWT","T16","18",0.067,18,"False"
"2577","2311","CWT","T16","18",0.059,18,"False"
"2578","2314","CWT","T16","18",0.17,18,"True"
"2579","2315","CWT","T16","18",0.137,18,"False"
"2580","2316","CWT","T16","18",0.07,18,"False"
"2581","2317","CWT","T16","18",0.32,18,"False"
"2582","2318","CWT","T16","18",0.028,18,"False"
"2583","2319","CWT","T16","18",0.084,18,"False"
"2584","2320","CWT","T16","18",0.05,18,"False"
"2585","2321","CWT","T16","18",0.107,18,"False"
"2586","2322","CWT","T16","18",0.053,18,"False"
"2587","2323","CWT","T16","18",0.102,18,"False"
"2588","2324","CWT","T16","18",0.13,18,"False"
"2589","2325","CWT","T16","18",0.123,18,"False"
"2590","2326","CWT","T16","18",0.167,18,"False"
"2591","2330","CWT","T16","18",0.1,18,"False"
"2592","2332","CWT","T16","18",0.06,18,"True"
"2593","2334","CWT","T16","18",0.075,18,"True"
"2594","2338","CWT","T16","18",0.127,18,"False"
"2595","2339","CWT","T16","18",0.112,18,"False"
"2596","2341","CWT","T16","18",0.139,18,"True"
"2597","2343","CWT","T16","18",0.114,18,"False"
"2598","2345","CWT","T16","18",0.155,18,"False"
"2599","2346","CWT","T16","18",0.098,18,"True"
"2600","2347","CWT","T16","18",0.124,18,"False"
"2601","2348","CWT","T16","18",0.091,18,"False"
"2602","2350","CWT","T16","18",0.084,18,"False"
"2603","2351","CWT","T16","18",0.081,18,"False"
"2604","2352","CWT","T16","18",0.127,18,"False"
"2605","2353","CWT","T16","18",0.044,18,"False"
"2606","2354","CWT","T16","18",0.101,18,"False"
"2607","2355","CWT","T16","18",0.177,18,"False"
"2608","2356","CWT","T16","18",0.099,18,"False"
"2609","2357","CWT","T16","18",0.133,18,"False"
"2610","2361","CWT","T16","18",0.171,18,"False"
"2611","2362","CWT","T16","18",0.092,18,"False"
"2612","2364","CWT","T16","18",0.127,18,"False"
"2613","2365","CWT","T16","18",0.121,18,"False"
"2614","2367","CWT","T16","18",0.104,18,"True"
"2615","2368","CWT","T16","18",0.066,18,"False"
"2616","2369","CWT","T16","18",0.106,18,"False"
"2617","2370","CWT","T16","18",0.187,18,"False"
"2618","2372","CWT","T16","18",0.051,18,"False"
"2619","2376","CWT","T16","18",0.084,18,"False"
"2620","2377","CWT","T16","18",0.036,18,"False"
"2621","2378","CWT","T16","18",0.106,18,"False"
"2622","2379","CWT","T16","18",0.067,18,"False"
"2623","2380","CWT","T16","18",0.077,18,"False"
"2624","2513","CHE","T22","18",0.141,18,"True"
"2625","2514","CHE","T22","18",0.203,18,"False"
"2626","2515","CHE","T22","18",0.187,18,"False"
"2627","2516","CHE","T22","18",0.148,18,"False"
"2628","2517","CHE","T22","18",0.184,18,"True"
"2629","2520","CHE","T22","18",0.139,18,"False"
"2630","2526","CHE","T22","18",0.192,18,"False"
"2631","2527","CHE","T22","18",0.161,18,"False"
"2632","2529","CHE","T22","18",0.138,18,"False"
"2633","2531","CHE","T22","18",0.047,18,"False"
"2634","2532","CHE","T22","18",0.144,18,"False"
"2635","2533","CHE","T22","18",0.13,18,"False"
"2636","2534","CHE","T22","18",0.066,18,"False"
"2637","2538","CHE","T22","18",0.173,18,"False"
"2638","2539","CHE","T22","18",0.128,18,"False"
"2639","2541","CHE","T22","18",0.085,18,"True"
"2640","2542","CHE","T22","18",0.068,18,"False"
"2641","2543","CHE","T22","18",0.057,18,"False"
"2642","2544","CHE","T22","18",0.118,18,"False"
"2643","2547","CHE","T22","18",0.142,18,"False"
"2644","2550","CHE","T22","18",0.184,18,"False"
"2645","2558","CHE","T22","18",0.14,18,"False"
"2646","2561","CHE","T22","18",0.167,18,"False"
"2647","2564","CHE","T22","18",0.167,18,"False"
"2648","2566","CHE","T22","18",0.152,18,"False"
"2649","2567","CHE","T22","18",0.136,18,"False"
"2650","2568","CHE","T22","18",0.128,18,"False"
"2651","2569","CHE","T22","18",0.156,18,"False"
"2652","2576","CHE","T22","18",0.114,18,"False"
"2653","2577","CHE","T22","18",0.068,18,"True"
"2654","2580","CHE","T22","18",0.179,18,"False"
"2655","2584","CHE","T22","18",0.088,18,"False"
"2656","2585","CHE","T22","18",0.08,18,"False"
"2657","2586","CHE","T22","18",0.214,18,"False"
"2658","2587","CHE","T22","18",0.273,18,"False"
"2659","2588","CHE","T22","18",0.205,18,"False"
"2660","2591","CHE","T22","18",0.223,18,"False"
"2661","2592","CHE","T22","18",0.234,18,"False"
"2662","2593","CHE","T22","18",0.151,18,"False"
"2663","2603","CHE","T22","18",0.16,18,"False"
"2664","2608","CHE","T22","18",0.187,18,"False"
"2665","2385","DWT","T17","18",0.275,18,"False"
"2666","2386","DWT","T17","18",0.263,18,"False"
"2667","2387","DWT","T17","18",0.231,18,"False"
"2668","2389","DWT","T17","18",0.29,18,"False"
"2669","2390","DWT","T17","18",0.223,18,"False"
"2670","2391","DWT","T17","18",0.246,18,"False"
"2671","2396","DWT","T17","18",0.173,18,"False"
"2672","2397","DWT","T17","18",0.336,18,"False"
"2673","2398","DWT","T17","18",0.223,18,"False"
"2674","2401","DWT","T17","18",0.333,18,"False"
"2675","2402","DWT","T17","18",0.284,18,"False"
"2676","2404","DWT","T17","18",0.287,18,"False"
"2677","2405","DWT","T17","18",0.235,18,"False"
"2678","2406","DWT","T17","18",0.098,18,"False"
"2679","2408","DWT","T17","18",0.431,18,"False"
"2680","2409","DWT","T17","18",0.35,18,"False"
"2681","2410","DWT","T17","18",0.211,18,"False"
"2682","2412","DWT","T17","18",0.165,18,"False"
"2683","2413","DWT","T17","18",0.385,18,"False"
"2684","2414","DWT","T17","18",0.109,18,"False"
"2685","2415","DWT","T17","18",0.269,18,"False"
"2686","2416","DWT","T17","18",0.261,18,"False"
"2687","2417","DWT","T17","18",0.31,18,"False"
"2688","2424","DWT","T17","18",0.457,18,"False"
"2689","2425","DWT","T17","18",0.504,18,"False"
"2690","2426","DWT","T17","18",0.136,18,"False"
"2691","2427","DWT","T17","18",0.283,18,"False"
"2692","2428","DWT","T17","18",0.276,18,"False"
"2693","2430","DWT","T17","18",0.245,18,"False"
"2694","2431","DWT","T17","18",0.141,18,"False"
"2695","2433","DWT","T17","18",0.22,18,"False"
"2696","2435","DWT","T17","18",0.194,18,"False"
"2697","2438","DWT","T17","18",0.234,18,"False"
"2698","2439","DWT","T17","18",0.303,18,"False"
"2699","2441","DWT","T17","18",0.065,18,"True"
"2700","2442","DWT","T17","18",0.225,18,"False"
"2701","2443","DWT","T17","18",0.147,18,"False"
"2702","2444","DWT","T17","18",0.25,18,"False"
"2703","2445","DWT","T17","18",0.224,18,"False"
"2704","2446","DWT","T17","18",0.244,18,"False"
"2705","2449","DWT","T17","18",0.243,18,"False"
"2706","2453","DWT","T17","18",0.309,18,"False"
"2707","2456","DWT","T17","18",0.692,18,"False"
"2708","2461","DWT","T17","18",0.211,18,"False"
"2709","2463","DWT","T17","18",0.255,18,"False"
"2710","2464","DWT","T17","18",0.24,18,"False"
"2711","2469","DWT","T17","18",0.339,18,"False"
"2712","2472","DWT","T17","18",0.26,18,"False"
"2713","2477","DWT","T17","18",0.068,18,"True"
"2714","2478","DWT","T17","18",0.28,18,"False"
"2715","2479","DWT","T17","18",0.224,18,"False"
"2716","2480","DWT","T17","18",0.194,18,"False"
"2717","2481","DWT","T17","18",0.238,18,"False"
"2718","2482","DWT","T17","18",0.244,18,"False"
"2719","2483","DWT","T17","18",0.24,18,"False"
"2720","2484","DWT","T17","18",0.252,18,"False"
"2721","2485","DWT","T17","18",0.113,18,"True"
"2722","2486","DWT","T17","18",0.283,18,"False"
"2723","2487","DWT","T17","18",0.248,18,"False"
"2724","2488","DWT","T17","18",0.24,18,"False"
"2725","2489","DWT","T17","18",0.164,18,"False"
"2726","2491","DWT","T17","18",0.226,18,"False"
"2727","2492","DWT","T17","18",0.347,18,"False"
"2728","2493","DWT","T17","18",0.308,18,"False"
"2729","2494","DWT","T17","18",0.329,18,"False"
"2730","2495","DWT","T17","18",0.262,18,"False"
"2731","2496","DWT","T17","18",0.236,18,"False"
"2732","2497","DWT","T17","18",0.196,18,"False"
"2733","2501","DWT","T17","18",0.102,18,"False"
"2734","2502","DWT","T17","18",0.041,18,"False"
"2735","2504","DWT","T17","18",0.225,18,"False"
"2736","2505","DWT","T17","18",0.226,18,"False"
"2737","2506","DWT","T17","18",0.144,18,"False"
"2738","2507","DWT","T17","18",0.074,18,"False"
"2739","2508","DWT","T17","18",0.299,18,"False"
"2740","2693","CHE","T20","18",0.088,18,"True"
"2741","2694","CHE","T20","18",0.149,18,"True"
"2742","2695","CHE","T20","18",0.214,18,"False"
"2743","2696","CHE","T20","18",0.168,18,"False"
"2744","2698","CHE","T20","18",0.217,18,"False"
"2745","2699","CHE","T20","18",0.275,18,"False"
"2746","2700","CHE","T20","18",0.101,18,"False"
"2747","2703","CHE","T20","18",0.135,18,"False"
"2748","2706","CHE","T20","18",0.113,18,"False"
"2749","2707","CHE","T20","18",0.148,18,"False"
"2750","2708","CHE","T20","18",0.118,18,"False"
"2751","2709","CHE","T20","18",0.153,18,"False"
"2752","2712","CHE","T20","18",0.186,18,"False"
"2753","2713","CHE","T20","18",0.147,18,"False"
"2754","2720","CHE","T20","18",0.108,18,"False"
"2755","2721","CHE","T20","18",0.073,18,"False"
"2756","2722","CHE","T20","18",0.086,18,"False"
"2757","2723","CHE","T20","18",0.14,18,"False"
"2758","2725","CHE","T20","18",0.103,18,"False"
"2759","2726","CHE","T20","18",0.104,18,"False"
"2760","2727","CHE","T20","18",0.114,18,"True"
"2761","2728","CHE","T20","18",0.114,18,"False"
"2762","2729","CHE","T20","18",0.117,18,"False"
"2763","2730","CHE","T20","18",0.11,18,"False"
"2764","2733","CHE","T20","18",0.217,18,"False"
"2765","2734","CHE","T20","18",0.066,18,"False"
"2766","2735","CHE","T20","18",0.103,18,"False"
"2767","2736","CHE","T20","18",0.08,18,"False"
"2768","1681","DWT","T10","18",0.263,18,"False"
"2769","1683","DWT","T10","18",0.241,18,"False"
"2770","1685","DWT","T10","18",0.198,18,"False"
"2771","1686","DWT","T10","18",0.087,18,"False"
"2772","1691","DWT","T10","18",0.312,18,"False"
"2773","1692","DWT","T10","18",0.338,18,"False"
"2774","1693","DWT","T10","18",0.486,18,"False"
"2775","1694","DWT","T10","18",0.167,18,"False"
"2776","1695","DWT","T10","18",0.361,18,"False"
"2777","1696","DWT","T10","18",0.195,18,"False"
"2778","1697","DWT","T10","18",0.15,18,"False"
"2779","1698","DWT","T10","18",0.253,18,"False"
"2780","1699","DWT","T10","18",0.256,18,"False"
"2781","1700","DWT","T10","18",0.222,18,"False"
"2782","1702","DWT","T10","18",0.243,18,"False"
"2783","1703","DWT","T10","18",0.387,18,"False"
"2784","1704","DWT","T10","18",0.152,18,"False"
"2785","1705","DWT","T10","18",0.194,18,"False"
"2786","1706","DWT","T10","18",0.083,18,"False"
"2787","1707","DWT","T10","18",0.229,18,"False"
"2788","1709","DWT","T10","18",0.318,18,"False"
"2789","1710","DWT","T10","18",0.129,18,"False"
"2790","1711","DWT","T10","18",0.409,18,"False"
"2791","1712","DWT","T10","18",0.165,18,"False"
"2792","1713","DWT","T10","18",0.379,18,"False"
"2793","1715","DWT","T10","18",0.301,18,"False"
"2794","1716","DWT","T10","18",0.289,18,"False"
"2795","1717","DWT","T10","18",0.112,18,"False"
"2796","1719","DWT","T10","18",0.47,18,"False"
"2797","1720","DWT","T10","18",0.264,18,"False"
"2798","1721","DWT","T10","18",0.188,18,"False"
"2799","1723","DWT","T10","18",0.18,18,"False"
"2800","1724","DWT","T10","18",0.311,18,"False"
"2801","1725","DWT","T10","18",0.295,18,"False"
"2802","1726","DWT","T10","18",0.061,18,"False"
"2803","1727","DWT","T10","18",0.215,18,"False"
"2804","1730","DWT","T10","18",0.054,18,"False"
"2805","1731","DWT","T10","18",0.334,18,"False"
"2806","1732","DWT","T10","18",0.112,18,"False"
"2807","1733","DWT","T10","18",0.177,18,"False"
"2808","1734","DWT","T10","18",0.095,18,"False"
"2809","1735","DWT","T10","18",0.09,18,"False"
"2810","1736","DWT","T10","18",0.154,18,"True"
"2811","1737","DWT","T10","18",0.133,18,"False"
"2812","1738","DWT","T10","18",0.283,18,"False"
"2813","1739","DWT","T10","18",0.073,18,"False"
"2814","1740","DWT","T10","18",0.245,18,"False"
"2815","1741","DWT","T10","18",0.187,18,"False"
"2816","1742","DWT","T10","18",0.316,18,"False"
"2817","1743","DWT","T10","18",0.28,18,"False"
"2818","1744","DWT","T10","18",0.182,18,"True"
"2819","1748","DWT","T10","18",0.178,18,"False"
"2820","1757","DWT","T10","18",0.29,18,"False"
"2821","2623","CHE+DHE","T21","18",0.254,18,"False"
"2822","2624","CHE+DHE","T21","18",0.307,18,"False"
"2823","2629","CHE+DHE","T21","18",0.204,18,"False"
"2824","2630","CHE+DHE","T21","18",0.253,18,"False"
"2825","2631","CHE+DHE","T21","18",0.173,18,"False"
"2826","2632","CHE+DHE","T21","18",0.218,18,"False"
"2827","2633","CHE+DHE","T21","18",0.148,18,"False"
"2828","2634","CHE+DHE","T21","18",0.246,18,"False"
"2829","2636","CHE+DHE","T21","18",0.144,18,"False"
"2830","2637","CHE+DHE","T21","18",0.179,18,"False"
"2831","2638","CHE+DHE","T21","18",0.285,18,"False"
"2832","2639","CHE+DHE","T21","18",0.311,18,"False"
"2833","2640","CHE+DHE","T21","18",0.15,18,"False"
"2834","2641","CHE+DHE","T21","18",0.101,18,"False"
"2835","2642","CHE+DHE","T21","18",0.135,18,"False"
"2836","2643","CHE+DHE","T21","18",0.137,18,"False"
"2837","2644","CHE+DHE","T21","18",0.113,18,"False"
"2838","2649","CHE+DHE","T21","18",0.235,18,"False"
"2839","2650","CHE+DHE","T21","18",0.217,18,"False"
"2840","2651","CHE+DHE","T21","18",0.125,18,"False"
"2841","2652","CHE+DHE","T21","18",0.083,18,"False"
"2842","2653","CHE+DHE","T21","18",0.24,18,"False"
"2843","2654","CHE+DHE","T21","18",0.313,18,"False"
"2844","2655","CHE+DHE","T21","18",0.072,18,"False"
"2845","2656","CHE+DHE","T21","18",0.302,18,"False"
"2846","2657","CHE+DHE","T21","18",0.333,18,"False"
"2847","2660","CHE+DHE","T21","18",0.219,18,"False"
"2848","2663","CHE+DHE","T21","18",0.274,18,"False"
"2849","2665","CHE+DHE","T21","18",0.225,18,"False"
"2850","2666","CHE+DHE","T21","18",0.258,18,"False"
"2851","2667","CHE+DHE","T21","18",0.262,18,"False"
"2852","2672","CHE+DHE","T21","18",0.165,18,"False"
"2853","2673","CHE+DHE","T21","18",0.211,18,"False"
"2854","2674","CHE+DHE","T21","18",0.21,18,"False"
"2855","2678","CHE+DHE","T21","18",0.074,18,"False"
"2856","2679","CHE+DHE","T21","18",0.185,18,"True"
"2857","2683","CHE+DHE","T21","18",0.997,18,"False"
"2858","2684","CHE+DHE","T21","18",0.03,18,"True"
"2859","2685","CHE+DHE","T21","18",0.194,18,"False"
"2860","2687","CHE+DHE","T21","18",0.071,18,"False"
"2861","2689","CHE+DHE","T21","18",0.031,18,"False"
"2862","2751","CWT+DWT","T27","18",0.266,18,"False"
"2863","2752","CWT+DWT","T27","18",0.275,18,"False"
"2864","2753","CWT+DWT","T27","18",0.318,18,"False"
"2865","2758","CWT+DWT","T27","18",0.183,18,"False"
"2866","2759","CWT+DWT","T27","18",0.21,18,"False"
"2867","2761","CWT+DWT","T27","18",0.166,18,"False"
"2868","2764","CWT+DWT","T27","18",0.23,18,"False"
"2869","2765","CWT+DWT","T27","18",0.175,18,"False"
"2870","2766","CWT+DWT","T27","18",0.097,18,"False"
"2871","2767","CWT+DWT","T27","18",0.15,18,"True"
"2872","2768","CWT+DWT","T27","18",0.228,18,"False"
"2873","2769","CWT+DWT","T27","18",0.27,18,"False"
"2874","2770","CWT+DWT","T27","18",0.235,18,"False"
"2875","2771","CWT+DWT","T27","18",0.243,18,"False"
"2876","2772","CWT+DWT","T27","18",0.116,18,"False"
"2877","2777","CWT+DWT","T27","18",0.238,18,"False"
"2878","2778","CWT+DWT","T27","18",0.25,18,"False"
"2879","2784","CWT+DWT","T27","18",0.178,18,"False"
"2880","2785","CWT+DWT","T27","18",0.183,18,"False"
"2881","2787","CWT+DWT","T27","18",0.338,18,"False"
"2882","2788","CWT+DWT","T27","18",0.052,18,"True"
"2883","2789","CWT+DWT","T27","18",0.128,18,"False"
"2884","2790","CWT+DWT","T27","18",0.112,18,"False"
"2885","2798","CWT+DWT","T27","18",0.173,18,"False"
"2886","2800","CWT+DWT","T27","18",0.157,18,"False"
"2887","2803","CWT+DWT","T27","18",0.186,18,"False"
"2888","2804","CWT+DWT","T27","18",0.195,18,"False"
"2889","2805","CWT+DWT","T27","18",0.117,18,"False"
"2890","2806","CWT+DWT","T27","18",0.132,18,"False"
"2891","2807","CWT+DWT","T27","18",0.219,18,"False"
"2892","2808","CWT+DWT","T27","18",0.186,18,"False"
"2893","2809","CWT+DWT","T27","18",0.221,18,"False"
"2894","2811","CWT+DWT","T27","18",0.263,18,"False"
"2895","2812","CWT+DWT","T27","18",0.112,18,"False"
"2896","2815","CWT+DWT","T27","18",0.036,18,"False"
"2897","2816","CWT+DWT","T27","18",0.207,18,"False"
"2898","2817","CWT+DWT","T27","18",0.206,18,"False"
"2899","2818","CWT+DWT","T27","18",0.217,18,"False"
"2900","2819","CWT+DWT","T27","18",0.173,18,"False"
"2901","2820","CWT+DWT","T27","18",0.245,18,"False"
"2902","2821","CWT+DWT","T27","18",0.278,18,"False"
"2903","2822","CWT+DWT","T27","18",0.231,18,"False"
"2904","2823","CWT+DWT","T27","18",0.193,18,"False"
"2905","2825","CWT+DWT","T27","18",0.086,18,"False"
"2906","2826","CWT+DWT","T27","18",0.16,18,"False"
"2907","2864","DWT","T18","18",0.09,18,"False"
"2908","2866","DWT","T18","18",0.156,18,"False"
"2909","2869","DWT","T18","18",0.203,18,"False"
"2910","2870","DWT","T18","18",0.293,18,"False"
"2911","2871","DWT","T18","18",0.111,18,"True"
"2912","2872","DWT","T18","18",0.097,18,"False"
"2913","2873","DWT","T18","18",0.185,18,"True"
"2914","2874","DWT","T18","18",0.069,18,"False"
"2915","2875","DWT","T18","18",0.055,18,"False"
"2916","2876","DWT","T18","18",0.157,18,"False"
"2917","2877","DWT","T18","18",0.143,18,"False"
"2918","2880","DWT","T18","18",0.213,18,"False"
"2919","2881","DWT","T18","18",0.23,18,"False"
"2920","2882","DWT","T18","18",0.218,18,"False"
"2921","2883","DWT","T18","18",0.152,18,"False"
"2922","2884","DWT","T18","18",0.243,18,"False"
"2923","2887","DWT","T18","18",0.245,18,"False"
"2924","2888","DWT","T18","18",0.188,18,"False"
"2925","2898","DWT","T18","18",0.29,18,"False"
"2926","2899","DWT","T18","18",0.149,18,"False"
"2927","2900","DWT","T18","18",0.211,18,"False"
"2928","2906","DWT","T18","18",0.188,18,"False"
"2929","2907","DWT","T18","18",0.192,18,"False"
"2930","2908","DWT","T18","18",0.179,18,"False"
"2931","2909","DWT","T18","18",0.318,18,"False"
"2932","2910","DWT","T18","18",0.133,18,"False"
"2933","2912","DWT","T18","18",0.307,18,"False"
"2934","2918","DWT","T18","18",0.169,18,"False"
"2935","2929","DWT","T18","18",0.288,18,"False"
"2936","2935","DWT","T18","18",0.213,18,"False"
"2937","2952","DWT","T18","18",0.226,18,"False"
"2938","2953","DWT","T18","18",0.184,18,"False"
"2939","2956","DWT","T18","18",0.363,18,"False"
"2940","2957","DWT","T18","18",0.17,18,"True"
"2941","2958","DWT","T18","18",0.29,18,"False"
"2942","2960","DWT","T18","18",0.205,18,"False"
"2943","2961","DWT","T18","18",0.051,18,"False"
"2944","2963","DWT","T18","18",0.161,18,"False"
"2945","2964","DWT","T18","18",0.128,18,"False"
"2946","2965","DWT","T18","18",0.191,18,"False"
"2947","2966","DWT","T18","18",0.174,18,"False"
"2948","2972","DWT","T18","18",0.297,18,"False"
"2949","2973","DWT","T18","18",0.233,18,"False"
"2950","2974","DWT","T18","18",0.334,18,"False"
"2951","2975","DWT","T18","18",0.266,18,"False"
"2952","2976","DWT","T18","18",0.282,18,"False"
"2953","2979","DWT","T18","18",0.18,18,"False"
"2954","2982","DWT","T18","18",0.186,18,"True"
"2955","2989","DWT","T18","18",0.315,18,"False"
"2956","2991","DWT","T18","18",0.263,18,"False"
"2957","2992","DWT","T18","18",0.262,18,"False"
"2958","2993","DWT","T18","18",0.339,18,"False"
"2959","2994","DWT","T18","18",0.216,18,"False"
"2960","2995","DWT","T18","18",0.308,18,"False"
"2961","2996","DWT","T18","18",0.126,18,"True"
"2962","2997","DWT","T18","18",0.153,18,"False"
"2963","3001","DWT","T18","18",0.077,18,"False"
"2964","3002","DWT","T18","18",0.175,18,"False"
"2965","3003","DWT","T18","18",0.19,18,"False"
"2966","3004","DWT","T18","18",0.051,18,"False"
"2967","3151","DHE","T24","18",0.258,18,"False"
"2968","3157","DHE","T24","18",0.241,18,"False"
"2969","3158","DHE","T24","18",0.305,18,"False"
"2970","3159","DHE","T24","18",0.165,18,"False"
"2971","3163","DHE","T24","18",0.212,18,"False"
"2972","3165","DHE","T24","18",0.138,18,"False"
"2973","3166","DHE","T24","18",0.285,18,"False"
"2974","3167","DHE","T24","18",0.1,18,"False"
"2975","3169","DHE","T24","18",0.299,18,"False"
"2976","3171","DHE","T24","18",0.238,18,"False"
"2977","3178","DHE","T24","18",0.099,18,"False"
"2978","3180","DHE","T24","18",0.202,18,"False"
"2979","3181","DHE","T24","18",0.185,18,"False"
"2980","3182","DHE","T24","18",0.242,18,"False"
"2981","3186","DHE","T24","18",0.216,18,"False"
"2982","3187","DHE","T24","18",0.208,18,"False"
"2983","3188","DHE","T24","18",0.179,18,"False"
"2984","3189","DHE","T24","18",0.232,18,"False"
"2985","3190","DHE","T24","18",0.176,18,"False"
"2986","3191","DHE","T24","18",0.26,18,"False"
"2987","3192","DHE","T24","18",0.213,18,"False"
"2988","3196","DHE","T24","18",0.198,18,"False"
"2989","3197","DHE","T24","18",0.163,18,"False"
"2990","3198","DHE","T24","18",0.233,18,"False"
"2991","3199","DHE","T24","18",0.074,18,"False"
"2992","3200","DHE","T24","18",0.163,18,"False"
"2993","3202","DHE","T24","18",0.146,18,"True"
"2994","3203","DHE","T24","18",0.21,18,"False"
"2995","3204","DHE","T24","18",0.162,18,"False"
"2996","3205","DHE","T24","18",0.207,18,"False"
"2997","3207","DHE","T24","18",0.161,18,"False"
"2998","3208","DHE","T24","18",0.143,18,"False"
"2999","3209","DHE","T24","18",0.198,18,"False"
"3000","3210","DHE","T24","18",0.226,18,"False"
"3001","3211","DHE","T24","18",0.127,18,"False"
"3002","3213","DHE","T24","18",0.26,18,"False"
"3003","3214","DHE","T24","18",0.058,18,"True"
"3004","3217","DHE","T24","18",0.222,18,"True"
"3005","3219","DHE","T24","18",0.298,18,"False"
"3006","3222","DHE","T24","18",0.147,18,"False"
"3007","3223","DHE","T24","18",0.146,18,"False"
"3008","3224","DHE","T24","18",0.286,18,"False"
"3009","3225","DHE","T24","18",0.262,18,"False"
"3010","3228","DHE","T24","18",0.118,18,"False"
"3011","3229","DHE","T24","18",0.194,18,"False"
"3012","3231","DHE","T24","18",0.259,18,"False"
"3013","3232","DHE","T24","18",0.195,18,"False"
"3014","3240","DHE","T24","18",0.223,18,"False"
"3015","3244","DHE","T24","18",0.276,18,"False"
"3016","3246","DHE","T24","18",0.193,18,"False"
"3017","3250","DHE","T24","18",0.269,18,"False"
"3018","3258","DHE","T24","18",0.247,18,"False"
"3019","3259","DHE","T24","18",0.186,18,"False"
"3020","3260","DHE","T24","18",0.187,18,"True"
"3021","3261","DHE","T24","18",0.226,18,"False"
"3022","3262","DHE","T24","18",0.218,18,"False"
"3023","3263","DHE","T24","18",0.099,18,"False"
"3024","3264","DHE","T24","18",0.083,18,"False"
"3025","3265","DHE","T24","18",0.235,18,"False"
"3026","3269","DHE","T24","18",0.319,18,"False"
"3027","3271","DHE","T24","18",0.221,18,"False"
"3028","3272","DHE","T24","18",0.297,18,"False"
"3029","3273","DHE","T24","18",0.203,18,"False"
"3030","3274","DHE","T24","18",0.12,18,"False"
"3031","3275","DHE","T24","18",0.09,18,"False"
"3032","3276","DHE","T24","18",0.139,18,"False"
"3033","3279","DHE","T24","18",0.245,18,"False"
"3034","3280","DHE","T24","18",0.189,18,"False"
"3035","3281","DHE","T24","18",0.271,18,"False"
"3036","3288","DHE","T24","18",0.208,18,"False"
"3037","3292","DHE","T24","18",0.239,18,"False"
"3038","3293","DHE","T24","18",0.201,18,"False"
"3039","3294","DHE","T24","18",0.152,18,"False"
"3040","3295","DHE","T24","18",0.307,18,"False"
"3041","3304","DHE","T24","18",0.345,18,"False"
"3042","3305","DHE","T24","18",0.156,18,"False"
"3043","3306","DHE","T24","18",0.263,18,"False"
"3044","3307","DHE","T24","18",0.206,18,"False"
"3045","3309","DHE","T24","18",0.281,18,"False"
"3046","3310","DHE","T24","18",0.215,18,"False"
"3047","3311","DHE","T24","18",0.09,18,"False"
"3048","3312","DHE","T24","18",0.17,18,"False"
"3049","3313","DHE","T24","18",0.302,18,"False"
"3050","3314","DHE","T24","18",0.192,18,"False"
"3051","3315","DHE","T24","18",0.173,18,"False"
"3052","3316","DHE","T24","18",0.279,18,"False"
"3053","3317","DHE","T24","18",0.197,18,"False"
"3054","3319","DHE","T24","18",0.297,18,"False"
"3055","3322","DHE","T24","18",0.188,18,"False"
"3056","3323","DHE","T24","18",0.19,18,"False"
"3057","3324","DHE","T24","18",0.241,18,"False"
"3058","3329","DHE","T24","18",0.186,18,"False"
"3059","3344","DHE","T24","18",0.12,18,"True"
"3060","3345","DHE","T24","18",0.174,18,"False"
"3061","3005","CWT+DWT","T26","18",0.297,18,"False"
"3062","3006","CWT+DWT","T26","18",0.12,18,"False"
"3063","3011","CWT+DWT","T26","18",0.344,18,"False"
"3064","3012","CWT+DWT","T26","18",0.054,18,"False"
"3065","3013","CWT+DWT","T26","18",0.253,18,"False"
"3066","3016","CWT+DWT","T26","18",0.127,18,"False"
"3067","3017","CWT+DWT","T26","18",0.166,18,"False"
"3068","3018","CWT+DWT","T26","18",0.252,18,"False"
"3069","3019","CWT+DWT","T26","18",0.271,18,"False"
"3070","3020","CWT+DWT","T26","18",0.128,18,"False"
"3071","3021","CWT+DWT","T26","18",0.279,18,"False"
"3072","3024","CWT+DWT","T26","18",0.316,18,"False"
"3073","3025","CWT+DWT","T26","18",0.299,18,"False"
"3074","3026","CWT+DWT","T26","18",0.137,18,"False"
"3075","3028","CWT+DWT","T26","18",0.265,18,"False"
"3076","3029","CWT+DWT","T26","18",0.292,18,"False"
"3077","3030","CWT+DWT","T26","18",0.387,18,"False"
"3078","3031","CWT+DWT","T26","18",0.054,18,"False"
"3079","3032","CWT+DWT","T26","18",0.248,18,"False"
"3080","3033","CWT+DWT","T26","18",0.293,18,"False"
"3081","3034","CWT+DWT","T26","18",0.241,18,"False"
"3082","3035","CWT+DWT","T26","18",0.214,18,"False"
"3083","3037","CWT+DWT","T26","18",0.26,18,"False"
"3084","3045","CWT+DWT","T26","18",0.219,18,"False"
"3085","3048","CWT+DWT","T26","18",0.269,18,"False"
"3086","3049","CWT+DWT","T26","18",0.288,18,"False"
"3087","3052","CWT+DWT","T26","18",0.302,18,"False"
"3088","3053","CWT+DWT","T26","18",0.122,18,"False"
"3089","3056","CWT+DWT","T26","18",0.251,18,"False"
"3090","3057","CWT+DWT","T26","18",0.161,18,"False"
"3091","3058","CWT+DWT","T26","18",0.073,18,"False"
"3092","3060","CWT+DWT","T26","18",0.176,18,"False"
"3093","3061","CWT+DWT","T26","18",0.273,18,"False"
"3094","3062","CWT+DWT","T26","18",0.144,18,"False"
"3095","3063","CWT+DWT","T26","18",0.097,18,"True"
"3096","3064","CWT+DWT","T26","18",0.157,18,"False"
"3097","3065","CWT+DWT","T26","18",0.294,18,"False"
"3098","3066","CWT+DWT","T26","18",0.224,18,"False"
"3099","3067","CWT+DWT","T26","18",0.129,18,"False"
"3100","3068","CWT+DWT","T26","18",0.178,18,"False"
"3101","3069","CWT+DWT","T26","18",0.194,18,"False"
"3102","3070","CWT+DWT","T26","18",0.103,18,"False"
"3103","3071","CWT+DWT","T26","18",0.228,18,"False"
"3104","3072","CWT+DWT","T26","18",0.115,18,"False"
"3105","3073","CWT+DWT","T26","18",0.231,18,"False"
"3106","3074","CWT+DWT","T26","18",0.092,18,"False"
"3107","3075","CWT+DWT","T26","18",0.223,18,"False"
"3108","3076","CWT+DWT","T26","18",0.143,18,"False"
"3109","3077","CWT+DWT","T26","18",0.156,18,"False"
"3110","3078","CWT+DWT","T26","18",0.207,18,"False"
"3111","3079","CWT+DWT","T26","18",0.099,18,"False"
"3112","3080","CWT+DWT","T26","18",0.149,18,"False"
"3113","3081","CWT+DWT","T26","18",0.229,18,"False"
"3114","3082","CWT+DWT","T26","18",0.115,18,"False"
"3115","3083","CWT+DWT","T26","18",0.234,18,"False"
"3116","3084","CWT+DWT","T26","18",0.158,18,"False"
"3117","3085","CWT+DWT","T26","18",0.226,18,"False"
"3118","3086","CWT+DWT","T26","18",0.173,18,"False"
"3119","3087","CWT+DWT","T26","18",0.207,18,"False"
"3120","3088","CWT+DWT","T26","18",0.08,18,"False"
"3121","3089","CWT+DWT","T26","18",0.087,18,"False"
"3122","3090","CWT+DWT","T26","18",0.165,18,"False"
"3123","3093","CWT+DWT","T26","18",0.237,18,"False"
"3124","3094","CWT+DWT","T26","18",0.237,18,"False"
"3125","3098","CWT+DWT","T26","18",0.226,18,"False"
"3126","3099","CWT+DWT","T26","18",0.137,18,"False"
"3127","3107","CWT+DWT","T26","18",0.193,18,"False"
"3128","3108","CWT+DWT","T26","18",0.15,18,"False"
"3129","3110","CWT+DWT","T26","18",0.205,18,"False"
"3130","3122","CWT+DWT","T26","18",0.159,18,"False"
"3131","3128","CWT+DWT","T26","18",0.187,18,"False"
"3132","3129","CWT+DWT","T26","18",0.194,18,"False"
"3133","3133","CWT+DWT","T26","18",0.16,18,"False"
"3134","3134","CWT+DWT","T26","18",0.344,18,"False"
"3135","3135","CWT+DWT","T26","18",0.253,18,"False"
"3136","3136","CWT+DWT","T26","18",0.092,18,"True"
"3137","3143","CWT+DWT","T26","18",0.092,18,"False"
"3138","3144","CWT+DWT","T26","18",0.21,18,"False"
"3139","3145","CWT+DWT","T26","18",0.117,18,"False"
"3140","3147","CWT+DWT","T26","18",0.236,18,"False"
"3141","3150","CWT+DWT","T26","18",0.615,18,"False"
"3142","3365","CWT+DWT","T26","18",0.257,18,"False"
"3143","3466","CWT","T19","18",0.108,18,"True"
"3144","3467","CWT","T19","18",0.093,18,"False"
"3145","3468","CWT","T19","18",0.086,18,"False"
"3146","3469","CWT","T19","18",0.163,18,"False"
"3147","3470","CWT","T19","18",0.112,18,"False"
"3148","3471","CWT","T19","18",0.123,18,"False"
"3149","3474","CWT","T19","18",0.167,18,"False"
"3150","3475","CWT","T19","18",0.152,18,"False"
"3151","3476","CWT","T19","18",0.159,18,"False"
"3152","3477","CWT","T19","18",0.175,18,"False"
"3153","3478","CWT","T19","18",0.162,18,"False"
"3154","3479","CWT","T19","18",0.149,18,"False"
"3155","3480","CWT","T19","18",0.155,18,"True"
"3156","3483","CWT","T19","18",0.129,18,"False"
"3157","3484","CWT","T19","18",0.174,18,"False"
"3158","3485","CWT","T19","18",0.155,18,"False"
"3159","3486","CWT","T19","18",0.119,18,"False"
"3160","3487","CWT","T19","18",0.16,18,"True"
"3161","3488","CWT","T19","18",0.164,18,"False"
"3162","3489","CWT","T19","18",0.257,18,"False"
"3163","3490","CWT","T19","18",0.16,18,"False"
"3164","3491","CWT","T19","18",0.131,18,"False"
"3165","3492","CWT","T19","18",0.096,18,"False"
"3166","3494","CWT","T19","18",0.058,18,"False"
"3167","3495","CWT","T19","18",0.179,18,"False"
"3168","3496","CWT","T19","18",0.11,18,"False"
"3169","3497","CWT","T19","18",0.099,18,"False"
"3170","3500","CWT","T19","18",0.113,18,"False"
"3171","3501","CWT","T19","18",0.249,18,"False"
"3172","3503","CWT","T19","18",0.178,18,"False"
"3173","3504","CWT","T19","18",0.166,18,"False"
"3174","3505","CWT","T19","18",0.143,18,"False"
"3175","3401","CHE+DWT","T28","18",0.17,18,"False"
"3176","3402","CHE+DWT","T28","18",0.245,18,"False"
"3177","3403","CHE+DWT","T28","18",0.29,18,"False"
"3178","3404","CHE+DWT","T28","18",0.206,18,"True"
"3179","3405","CHE+DWT","T28","18",0.221,18,"False"
"3180","3406","CHE+DWT","T28","18",0.251,18,"True"
"3181","3407","CHE+DWT","T28","18",0.378,18,"True"
"3182","3408","CHE+DWT","T28","18",0.093,18,"True"
"3183","3409","CHE+DWT","T28","18",0.193,18,"False"
"3184","3411","CHE+DWT","T28","18",0.157,18,"False"
"3185","3412","CHE+DWT","T28","18",0.205,18,"True"
"3186","3413","CHE+DWT","T28","18",0.253,18,"True"
"3187","3414","CHE+DWT","T28","18",0.19,18,"True"
"3188","3417","CHE+DWT","T28","18",0.137,18,"True"
"3189","3419","CHE+DWT","T28","18",0.271,18,"False"
"3190","3420","CHE+DWT","T28","18",0.101,18,"True"
"3191","3423","CHE+DWT","T28","18",0.285,18,"False"
"3192","3424","CHE+DWT","T28","18",0.305,18,"False"
"3193","3426","CHE+DWT","T28","18",0.224,18,"True"
"3194","3430","CHE+DWT","T28","18",0.22,18,"False"
"3195","3440","CHE+DWT","T28","18",0.27,18,"False"
"3196","3441","CHE+DWT","T28","18",0.225,18,"False"
"3197","3443","CHE+DWT","T28","18",0.07,18,"True"
"3198","3445","CHE+DWT","T28","18",0.295,18,"False"
"3199","3446","CHE+DWT","T28","18",0.21,18,"True"
"3200","3450","CHE+DWT","T28","18",0.141,18,"True"
"3201","3512","CHE+DWT","T29","18",0.264,18,"False"
"3202","3514","CHE+DWT","T29","18",0.288,18,"False"
"3203","3516","CHE+DWT","T29","18",0.272,18,"False"
"3204","3517","CHE+DWT","T29","18",0.391,18,"False"
"3205","3518","CHE+DWT","T29","18",0.175,18,"False"
"3206","3519","CHE+DWT","T29","18",0.404,18,"False"
"3207","3520","CHE+DWT","T29","18",0.343,18,"False"
"3208","3521","CHE+DWT","T29","18",0.392,18,"False"
"3209","3522","CHE+DWT","T29","18",0.114,18,"True"
"3210","3524","CHE+DWT","T29","18",0.075,18,"True"
"3211","3525","CHE+DWT","T29","18",0.215,18,"False"
"3212","3526","CHE+DWT","T29","18",0.232,18,"False"
"3213","3527","CHE+DWT","T29","18",0.322,18,"False"
"3214","3528","CHE+DWT","T29","18",0.334,18,"False"
"3215","3529","CHE+DWT","T29","18",0.286,18,"False"
"3216","3530","CHE+DWT","T29","18",0.358,18,"False"
"3217","3532","CHE+DWT","T29","18",0.071,18,"False"
"3218","3533","CHE+DWT","T29","18",0.117,18,"False"
"3219","3534","CHE+DWT","T29","18",0.192,18,"False"
"3220","3537","CHE+DWT","T29","18",0.193,18,"False"
"3221","3538","CHE+DWT","T29","18",0.237,18,"True"
"3222","3539","CHE+DWT","T29","18",0.353,18,"False"
"3223","3540","CHE+DWT","T29","18",0.218,18,"False"
"3224","3541","CHE+DWT","T29","18",0.143,18,"False"
"3225","3542","CHE+DWT","T29","18",0.123,18,"False"
"3226","3543","CHE+DWT","T29","18",0.237,18,"False"
"3227","3544","CHE+DWT","T29","18",0.279,18,"False"
"3228","3547","CHE+DWT","T29","18",0.285,18,"False"
"3229","3548","CHE+DWT","T29","18",0.341,18,"False"
"3230","3549","CHE+DWT","T29","18",0.238,18,"False"
"3231","3550","CHE+DWT","T29","18",0.236,18,"False"
"3232","3551","CHE+DWT","T29","18",0.197,18,"True"
"3233","3552","CHE+DWT","T29","18",0.161,18,"False"
"3234","3553","CHE+DWT","T29","18",0.209,18,"True"
"3235","3554","CHE+DWT","T29","18",0.306,18,"False"
"3236","3555","CHE+DWT","T29","18",0.243,18,"True"
"3237","3556","CHE+DWT","T29","18",0.302,18,"False"
"3238","3557","CHE+DWT","T29","18",0.169,18,"False"
"3239","3558","CHE+DWT","T29","18",0.577,18,"False"
"3240","3559","CHE+DWT","T29","18",0.209,18,"False"
"3241","3560","CHE+DWT","T29","18",0.19,18,"False"
"3242","3561","CHE+DWT","T29","18",0.226,18,"False"
"3243","3562","CHE+DWT","T29","18",0.197,18,"False"
"3244","3563","CHE+DWT","T29","18",0.106,18,"True"
"3245","3564","CHE+DWT","T29","18",0.171,18,"False"
"3246","3565","CHE+DWT","T29","18",0.159,18,"False"
"3247","3566","CHE+DWT","T29","18",0.226,18,"False"
"3248","3567","CHE+DWT","T29","18",0.071,18,"True"
"3249","3568","CHE+DWT","T29","18",0.247,18,"False"
"3250","3569","CHE+DWT","T29","18",0.24,18,"False"
"3251","3570","CHE+DWT","T29","18",0.255,18,"False"
"3252","3571","CHE+DWT","T29","18",0.172,18,"False"
"3253","3572","CHE+DWT","T29","18",0.027,18,"True"
"3254","3573","CHE+DWT","T29","18",0.185,18,"True"
"3255","3574","CHE+DWT","T29","18",0.189,18,"False"
"3256","3575","CHE+DWT","T29","18",0.217,18,"False"
"3257","3576","CHE+DWT","T29","18",0.059,18,"True"
"3258","2077","CWT+DWT","T8","18",0.033,18,"True"
"3259","2126","CWT+DWT","T8","18",0.068,18,"True"
"3260","2128","CWT+DWT","T8","18",0.206,18,"False"
"3261","2129","CWT+DWT","T8","18",0.154,18,"False"
"3262","2130","CWT+DWT","T8","18",0.337,18,"False"
"3263","2131","CWT+DWT","T8","18",0.148,18,"False"
"3264","2132","CWT+DWT","T8","18",0.197,18,"False"
"3265","2133","CWT+DWT","T8","18",0.307,18,"False"
"3266","2134","CWT+DWT","T8","18",0.148,18,"False"
"3267","2135","CWT+DWT","T8","18",0.17,18,"False"
"3268","2136","CWT+DWT","T8","18",0.232,18,"False"
"3269","2137","CWT+DWT","T8","18",0.24,18,"False"
"3270","2138","CWT+DWT","T8","18",0.207,18,"False"
"3271","2139","CWT+DWT","T8","18",0.123,18,"False"
"3272","2142","CWT+DWT","T8","18",0.218,18,"False"
"3273","2145","CWT+DWT","T8","18",0.217,18,"False"
"3274","2148","CWT+DWT","T8","18",0.191,18,"False"
"3275","2151","CWT+DWT","T8","18",0.167,18,"False"
"3276","2152","CWT+DWT","T8","18",0.257,18,"False"
"3277","2153","CWT+DWT","T8","18",0.199,18,"False"
"3278","2154","CWT+DWT","T8","18",0.28,18,"False"
"3279","2156","CWT+DWT","T8","18",0.168,18,"False"
"3280","2157","CWT+DWT","T8","18",0.035,18,"False"
"3281","2158","CWT+DWT","T8","18",0.149,18,"False"
"3282","2159","CWT+DWT","T8","18",0.123,18,"False"
"3283","2160","CWT+DWT","T8","18",0.181,18,"False"
"3284","2161","CWT+DWT","T8","18",0.305,18,"False"
"3285","2162","CWT+DWT","T8","18",0.199,18,"True"
"3286","2163","CWT+DWT","T8","18",0.157,18,"False"
"3287","2164","CWT+DWT","T8","18",0.104,18,"False"
"3288","2165","CWT+DWT","T8","18",0.13,18,"False"
"3289","2166","CWT+DWT","T8","18",0.192,18,"False"
"3290","2169","CWT+DWT","T8","18",0.089,18,"False"
"3291","2170","CWT+DWT","T8","18",0.217,18,"False"
"3292","2171","CWT+DWT","T8","18",0.33,18,"False"
"3293","2172","CWT+DWT","T8","18",0.329,18,"False"
"3294","2173","CWT+DWT","T8","18",0.301,18,"False"
"3295","2175","CWT+DWT","T8","18",0.107,18,"False"
"3296","2179","CWT+DWT","T8","18",0.305,18,"False"
"3297","2181","CWT+DWT","T8","18",0.224,18,"False"
"3298","2183","CWT+DWT","T8","18",0.242,18,"False"
"3299","2184","CWT+DWT","T8","18",0.384,18,"False"
"3300","2185","CWT+DWT","T8","18",0.167,18,"False"
"3301","2186","CWT+DWT","T8","18",0.144,18,"False"
"3302","2187","CWT+DWT","T8","18",0.159,18,"False"
"3303","2188","CWT+DWT","T8","18",0.265,18,"False"
"3304","2189","CWT+DWT","T8","18",0.118,18,"False"
"3305","2190","CWT+DWT","T8","18",0.139,18,"False"
"3306","2191","CWT+DWT","T8","18",0.201,18,"False"
"3307","2192","CWT+DWT","T8","18",0.048,18,"True"
"3308","2193","CWT+DWT","T8","18",0.236,18,"False"
"3309","2194","CWT+DWT","T8","18",0.264,18,"False"
"3310","2195","CWT+DWT","T8","18",0.22,18,"True"
"3311","2220","CWT+DWT","T8","18",0.246,18,"False"
"3312","2222","CWT+DWT","T8","18",0.083,18,"False"
"3313","2223","CWT+DWT","T8","18",0.117,18,"False"
"3314","2224","CWT+DWT","T8","18",0.074,18,"False"
"3315","2225","CWT+DWT","T8","18",0.073,18,"False"
"3316","3595","DWT","T25","18",0.175,18,"False"
"3317","3596","DWT","T25","18",0.356,18,"False"
"3318","3597","DWT","T25","18",0.174,18,"False"
"3319","3598","DWT","T25","18",0.185,18,"False"
"3320","3599","DWT","T25","18",0.112,18,"False"
"3321","3600","DWT","T25","18",0.119,18,"False"
"3322","3602","DWT","T25","18",0.139,18,"False"
"3323","3603","DWT","T25","18",0.177,18,"False"
"3324","3604","DWT","T25","18",0.106,18,"False"
"3325","3605","DWT","T25","18",0.304,18,"False"
"3326","3608","DWT","T25","18",0.068,18,"False"
"3327","3609","DWT","T25","18",0.129,18,"False"
"3328","3611","DWT","T25","18",0.314,18,"False"
"3329","3612","DWT","T25","18",0.343,18,"False"
"3330","3613","DWT","T25","18",0.297,18,"False"
"3331","3614","DWT","T25","18",0.248,18,"False"
"3332","3616","DWT","T25","18",0.12,18,"False"
"3333","3621","DWT","T25","18",0.24,18,"False"
"3334","3622","DWT","T25","18",0.404,18,"False"
"3335","3623","DWT","T25","18",0.371,18,"False"
"3336","3624","DWT","T25","18",0.437,18,"False"
"3337","3625","DWT","T25","18",0.338,18,"False"
"3338","3626","DWT","T25","18",0.315,18,"False"
"3339","3627","DWT","T25","18",0.069,18,"False"
"3340","3628","DWT","T25","18",0.36,18,"False"
"3341","3629","DWT","T25","18",0.324,18,"False"
"3342","3630","DWT","T25","18",0.291,18,"False"
"3343","3631","DWT","T25","18",0.193,18,"False"
"3344","3632","DWT","T25","18",0.346,18,"False"
"3345","3633","DWT","T25","18",0.09,18,"False"
"3346","3634","DWT","T25","18",0.352,18,"False"
"3347","3636","DWT","T25","18",0.133,18,"False"
"3348","3637","DWT","T25","18",0.462,18,"False"
"3349","3638","DWT","T25","18",0.122,18,"False"
"3350","3639","DWT","T25","18",0.124,18,"False"
"3351","3640","DWT","T25","18",0.459,18,"False"
"3352","3641","DWT","T25","18",0.408,18,"False"
"3353","3642","DWT","T25","18",0.29,18,"False"
"3354","3643","DWT","T25","18",0.135,18,"False"
"3355","3644","DWT","T25","18",0.124,18,"False"
"3356","3645","DWT","T25","18",0.309,18,"False"
"3357","3656","CWT+DHE","T23","18",0.165,18,"False"
"3358","3657","CWT+DHE","T23","18",0.139,18,"True"
"3359","3658","CWT+DHE","T23","18",0.07,18,"False"
"3360","3659","CWT+DHE","T23","18",0.086,18,"False"
"3361","3660","CWT+DHE","T23","18",0.168,18,"False"
"3362","3662","CWT+DHE","T23","18",0.18,18,"False"
"3363","3663","CWT+DHE","T23","18",0.176,18,"False"
"3364","3664","CWT+DHE","T23","18",0.297,18,"False"
"3365","3665","CWT+DHE","T23","18",0.248,18,"False"
"3366","3666","CWT+DHE","T23","18",0.32,18,"False"
"3367","3667","CWT+DHE","T23","18",0.155,18,"False"
"3368","3668","CWT+DHE","T23","18",0.087,18,"False"
"3369","3669","CWT+DHE","T23","18",0.04,18,"False"
"3370","3670","CWT+DHE","T23","18",0.096,18,"False"
"3371","3672","CWT+DHE","T23","18",0.085,18,"True"
"3372","3673","CWT+DHE","T23","18",0.106,18,"False"
"3373","3674","CWT+DHE","T23","18",0.166,18,"False"
"3374","3677","CWT+DHE","T23","18",0.051,18,"False"
"3375","3678","CWT+DHE","T23","18",0.092,18,"False"
"3376","3679","CWT+DHE","T23","18",0.093,18,"False"
"3377","3680","CWT+DHE","T23","18",0.284,18,"False"
"3378","3682","CWT+DHE","T23","18",0.149,18,"False"
"3379","3683","CWT+DHE","T23","18",0.288,18,"False"
"3380","3684","CWT+DHE","T23","18",0.157,18,"False"
"3381","3685","CWT+DHE","T23","18",0.235,18,"False"
"3382","3686","CWT+DHE","T23","18",0.178,18,"False"
"3383","3688","CWT+DHE","T23","18",0.05,18,"False"
"3384","3689","CWT+DHE","T23","18",0.138,18,"False"
"3385","3690","CWT+DHE","T23","18",0.038,18,"False"
"3386","3691","CWT+DHE","T23","18",0.094,18,"False"
"3387","3692","CWT+DHE","T23","18",0.24,18,"False"
"3388","3693","CWT+DHE","T23","18",0.263,18,"False"
"3389","3694","CWT+DHE","T23","18",0.097,18,"False"
"3390","3695","CWT+DHE","T23","18",0.076,18,"False"
"3391","3696","CWT+DHE","T23","18",0.033,18,"False"
"3392","3697","CWT+DHE","T23","18",0.15,18,"False"
"3393","3698","CWT+DHE","T23","18",0.136,18,"False"
"3394","3699","CWT+DHE","T23","18",0.122,18,"False"
"3395","3700","CWT+DHE","T23","18",0.175,18,"False"
"3396","3704","CWT+DHE","T23","18",0.11,18,"False"
"3397","3709","CWT+DHE","T23","18",0.1,18,"False"
"3398","3710","CWT+DHE","T23","18",0.149,18,"False"
"3399","3711","CWT+DHE","T23","18",0.083,18,"False"
"3400","3712","CWT+DHE","T23","18",0.041,18,"False"
"3401","3713","CWT+DHE","T23","18",0.178,18,"False"
"3402","3714","CWT+DHE","T23","18",0.098,18,"False"
"3403","3715","CWT+DHE","T23","18",0.191,18,"False"
"3404","3718","CWT+DHE","T23","18",0.184,18,"False"
"3405","3719","CWT+DHE","T23","18",0.156,18,"False"
"3406","3720","CWT+DHE","T23","18",0.121,18,"False"
"3407","3721","CWT+DHE","T23","18",0.099,18,"False"
"3408","3722","CWT+DHE","T23","18",0.308,18,"False"
"3409","3723","CWT+DHE","T23","18",0.275,18,"False"
"3410","3724","CWT+DHE","T23","18",0.261,18,"False"
"3411","3726","CWT+DHE","T23","18",0.105,18,"False"
"3412","3728","CWT+DHE","T23","18",0.165,18,"False"
"3413","3729","CWT+DHE","T23","18",0.236,18,"False"
"3414","3730","CWT+DHE","T23","18",0.105,18,"False"
"3415","3731","CWT+DHE","T23","18",0.156,18,"False"
"3416","3732","CWT+DHE","T23","18",0.122,18,"False"
"3417","3733","CWT+DHE","T23","18",0.05,18,"False"
"3418","3734","CWT+DHE","T23","18",0.149,18,"False"
"3419","3737","CWT+DHE","T23","18",0.137,18,"False"
"3420","3738","CWT+DHE","T23","18",0.246,18,"False"
"3421","3739","CWT+DHE","T23","18",0.198,18,"False"
"3422","3740","CWT+DHE","T23","18",0.153,18,"False"
"3423","3741","CWT+DHE","T23","18",0.159,18,"False"
"3424","3742","CWT+DHE","T23","18",0.104,18,"False"
"3425","3745","CWT+DHE","T23","18",0.128,18,"False"
"3426","3746","CWT+DHE","T23","18",0.272,18,"False"
"3427","3747","CWT+DHE","T23","18",0.053,18,"False"
"3428","3750","CWT+DHE","T23","18",0.206,18,"False"
"3429","3751","CWT+DHE","T23","18",0.199,18,"False"
"3430","3752","CWT+DHE","T23","18",0.186,18,"False"
"3431","3753","CWT+DHE","T23","18",0.125,18,"False"
"3432","3756","CWT+DHE","T23","18",0.286,18,"False"
"3433","3757","CWT+DHE","T23","18",0.228,18,"False"
"3434","3758","CWT+DHE","T23","18",0.131,18,"False"
"3435","3759","CWT+DHE","T23","18",0.181,18,"False"
"3436","3762","CWT+DHE","T23","18",0.18,18,"False"
"3437","3763","CWT+DHE","T23","18",0.208,18,"False"
"3438","3764","CWT+DHE","T23","18",0.265,18,"False"
"3439","3765","CWT+DHE","T23","18",0.176,18,"False"
"3440","3766","CWT+DHE","T23","18",0.104,18,"False"
"3441","3767","CWT+DHE","T23","18",0.1,18,"False"
"3442","3768","CWT+DHE","T23","18",0.157,18,"False"
"3443","3769","CWT+DHE","T23","18",0.075,18,"False"
"3444","3770","CWT+DHE","T23","18",0.245,18,"False"
"3445","3771","CWT+DHE","T23","18",0.189,18,"False"
"3446","3772","CWT+DHE","T23","18",0.121,18,"False"
"3447","3773","CWT+DHE","T23","18",0.205,18,"False"
"3448","3774","CWT+DHE","T23","18",0.164,18,"False"
"3449","3775","CWT+DHE","T23","18",0.136,18,"False"
"3450","3776","CWT+DHE","T23","18",0.118,18,"False"
"3451","3778","CWT+DHE","T23","18",0.082,18,"True"
"3452","3779","CWT+DHE","T23","18",0.189,18,"False"
"3453","3780","CWT+DHE","T23","18",0.321,18,"False"
"3454","3781","CWT+DHE","T23","18",0.194,18,"False"
"3455","3782","CWT+DHE","T23","18",0.223,18,"False"
"3456","3785","CWT+DHE","T23","18",0.167,18,"False"
"3457","3787","CWT+DHE","T23","18",0.259,18,"False"
"3458","3789","CWT+DHE","T23","18",0.177,18,"False"
"3459","3790","CWT+DHE","T23","18",0.211,18,"False"
"3460","3791","CWT+DHE","T23","18",0.399,18,"False"
"3461","3793","CWT+DHE","T23","18",0.278,18,"False"
"3462","3794","CWT+DHE","T23","18",0.085,18,"False"
"3463","3795","CWT+DHE","T23","18",0.061,18,"False"
"3464","3796","CWT+DHE","T23","18",0.176,18,"False"
"3465","3799","CWT+DHE","T23","18",0.236,18,"False"
"3466","3801","CWT+DHE","T23","18",0.161,18,"False"
"3467","3805","CWT+DHE","T23","18",0.124,18,"False"
"3468","3806","CWT+DHE","T23","18",0.1,18,"False"
"3469","3807","CWT+DHE","T23","18",0.225,18,"False"
"3470","3808","CWT+DHE","T23","18",0.272,18,"False"
"3471","3809","CWT+DHE","T23","18",0.178,18,"False"
"3472","3810","CWT+DHE","T23","18",0.325,18,"False"
"3473","3811","CWT+DHE","T23","18",0.26,18,"False"
"3474","3812","CWT+DHE","T23","18",0.174,18,"False"
"3475","3815","CWT+DHE","T23","18",0.191,18,"False"
"3476","3816","CWT+DHE","T23","18",0.086,18,"False"
"3477","3817","CWT+DHE","T23","18",0.155,18,"False"
"3478","3819","CWT+DHE","T23","18",0.232,18,"False"
"3479","3834","CWT+DHE","T23","18",0.231,18,"False"
"3480","3835","CWT+DHE","T23","18",0.238,18,"False"
"3481","3840","CWT+DHE","T23","18",0.255,18,"False"
"3482","3843","CWT+DHE","T23","18",0.235,18,"False"
"3483","3850","CWT+DHE","T23","18",0.257,18,"False"
"3484","3853","CWT+DHE","T23","18",0.253,18,"False"
"3485","3854","CWT+DHE","T23","18",0.276,18,"False"
"3486","3855","CWT+DHE","T23","18",0.124,18,"False"
"3487","3856","CWT+DHE","T23","18",0.175,18,"False"
"3488","3857","CWT+DHE","T23","18",0.139,18,"False"
"3489","3858","CWT+DHE","T23","18",0.375,18,"False"
"3490","3859","CWT+DHE","T23","18",0.379,18,"False"
"3491","3862","CWT+DHE","T23","18",0.215,18,"False"
"3492","3863","CWT+DHE","T23","18",0.255,18,"False"
"3493","3864","CWT+DHE","T23","18",0.125,18,"False"
"3494","3865","CWT+DHE","T23","18",0.112,18,"False"
"3495","3866","CWT+DHE","T23","18",0.303,18,"False"
"3496","3868","CWT+DHE","T23","18",0.156,18,"False"
"3497","3869","CWT+DHE","T23","18",0.04,18,"False"
"3498","3896","CHE","T30","18",0.164,18,"False"
"3499","3897","CHE","T30","18",0.145,18,"False"
"3500","3898","CHE","T30","18",0.103,18,"True"
"3501","3899","CHE","T30","18",0.167,18,"True"
"3502","3902","CHE","T30","18",0.194,18,"True"
"3503","3903","CHE","T30","18",0.232,18,"False"
"3504","3904","CHE","T30","18",0.145,18,"False"
"3505","3905","CHE","T30","18",0.102,18,"False"
"3506","3906","CHE","T30","18",0.08,18,"False"
"3507","3909","CHE","T30","18",0.132,18,"False"
"3508","3911","CHE","T30","18",0.103,18,"False"
"3509","3912","CHE","T30","18",0.08,18,"False"
"3510","3913","CHE","T30","18",0.124,18,"False"
"3511","3915","CHE","T30","18",0.173,18,"False"
"3512","3916","CHE","T30","18",0.119,18,"False"
"3513","3917","CHE","T30","18",0.168,18,"False"
"3514","3918","CHE","T30","18",0.135,18,"False"
"3515","3920","CHE","T30","18",0.139,18,"False"
"3516","3921","CHE","T30","18",0.076,18,"False"
"3517","3922","CHE","T30","18",0.054,18,"False"
"3518","3923","CHE","T30","18",0.172,18,"False"
"3519","3924","CHE","T30","18",0.094,18,"False"
"3520","3927","CHE","T30","18",0.115,18,"False"
"3521","3928","CHE","T30","18",0.16,18,"False"
"3522","3929","CHE","T30","18",0.15,18,"False"
"3523","3930","CHE","T30","18",0.194,18,"True"
"3524","3932","CHE","T30","18",0.121,18,"True"
"3525","3933","CHE","T30","18",0.198,18,"True"
"3526","3934","CHE","T30","18",0.16,18,"False"
"3527","3935","CHE","T30","18",0.19,18,"True"
"3528","3936","CHE","T30","18",0.119,18,"False"
"3529","3937","CHE","T30","18",0.068,18,"False"
"3530","3938","CHE","T30","18",0.088,18,"False"
"3531","3939","CHE","T30","18",0.128,18,"True"
"3532","3940","CHE","T30","18",0.039,18,"False"
"3533","3941","CHE","T30","18",0.157,18,"False"
"3534","3942","CHE","T30","18",0.113,18,"False"
"3535","3943","CHE","T30","18",0.08,18,"True"
"3536","3944","CHE","T30","18",0.19,18,"True"
"3537","3945","CHE","T30","18",0.143,18,"False"
"3538","3946","CHE","T30","18",0.165,18,"False"
"3539","3949","CHE","T30","18",0.212,18,"False"
"3540","3953","CHE","T30","18",0.025,18,"False"
"3541","31","CWT+DHE","T1","24",0.256,24,"False"
"3542","52","CWT+DHE","T1","24",0.497,24,"False"
"3543","53","CWT+DHE","T1","24",0.407,24,"False"
"3544","65","CWT+DHE","T1","24",0.268,24,"False"
"3545","78","CWT+DHE","T1","24",0.259,24,"False"
"3546","79","CWT+DHE","T1","24",0.151,24,"False"
"3547","80","CWT+DHE","T1","24",0.34,24,"False"
"3548","81","CWT+DHE","T1","24",0.417,24,"False"
"3549","117","CWT+DHE","T1","24",0.526,24,"False"
"3550","132","CWT+DHE","T1","24",0.403,24,"False"
"3551","137","CWT+DHE","T1","24",0.348,24,"False"
"3552","156","CWT+DHE","T1","24",0.526,24,"False"
"3553","157","CWT+DHE","T1","24",0.584,24,"False"
"3554","1000","CWT+DHE","T1","24",0.298,24,"False"
"3555","1001","CWT+DHE","T1","24",0.483,24,"False"
"3556","1002","CWT+DHE","T1","24",0.098,24,"True"
"3557","1003","CWT+DHE","T1","24",0.252,24,"False"
"3558","1005","CWT+DHE","T1","24",0.224,24,"True"
"3559","1006","CWT+DHE","T1","24",0.446,24,"True"
"3560","1007","CWT+DHE","T1","24",0.434,24,"True"
"3561","1008","CWT+DHE","T1","24",0.33,24,"False"
"3562","1010","CWT+DHE","T1","24",0.202,24,"True"
"3563","1011","CWT+DHE","T1","24",0.482,24,"True"
"3564","1013","CWT+DHE","T1","24",0.244,24,"True"
"3565","1014","CWT+DHE","T1","24",0.375,24,"True"
"3566","1016","CWT+DHE","T1","24",0.261,24,"True"
"3567","164","CWT","T2","24",0.408,24,"False"
"3568","165a","CWT","T2","24",0.35,24,"False"
"3569","165b","CWT","T2","24",0.31,24,"False"
"3570","168","CWT","T2","24",0.555,24,"False"
"3571","183","CWT","T2","24",0.326,24,"False"
"3572","187","CWT","T2","24",0.35,24,"False"
"3573","222","CWT","T2","24",0.277,24,"False"
"3574","250","CWT","T2","24",0.349,24,"False"
"3575","1026","CWT","T2","24",0.172,24,"False"
"3576","1029","CWT","T2","24",0.212,24,"False"
"3577","1033","CWT","T2","24",0.191,24,"False"
"3578","1034","CWT","T2","24",0.204,24,"False"
"3579","1035","CWT","T2","24",0.459,24,"False"
"3580","1036","CWT","T2","24",0.187,24,"True"
"3581","1037","CWT","T2","24",0.171,24,"True"
"3582","1038","CWT","T2","24",0.184,24,"False"
"3583","1040","CWT","T2","24",0.198,24,"False"
"3584","1042","CWT","T2","24",0.158,24,"False"
"3585","1043","CWT","T2","24",0.14,24,"True"
"3586","1045","CWT","T2","24",0.289,24,"False"
"3587","1047","CWT","T2","24",0.271,24,"False"
"3588","1048","CWT","T2","24",0.137,24,"False"
"3589","1049","CWT","T2","24",0.235,24,"False"
"3590","1050","CWT","T2","24",0.243,24,"True"
"3591","1051","CWT","T2","24",0.373,24,"False"
"3592","1052","CWT","T2","24",0.178,24,"False"
"3593","1054","CWT","T2","24",0.104,24,"False"
"3594","709","DHE","T3","24",0.099,24,"False"
"3595","766","DHE","T3","24",0.085,24,"False"
"3596","1055","DHE","T3","24",0.298,24,"True"
"3597","1056","DHE","T3","24",0.123,24,"False"
"3598","1057","DHE","T3","24",0.117,24,"False"
"3599","1058","DHE","T3","24",0.242,24,"False"
"3600","1059","DHE","T3","24",0.11,24,"False"
"3601","1060","DHE","T3","24",0.219,24,"False"
"3602","1061","DHE","T3","24",0.299,24,"False"
"3603","1062","DHE","T3","24",0.226,24,"False"
"3604","1063","DHE","T3","24",0.07,24,"False"
"3605","1065","DHE","T3","24",0.304,24,"False"
"3606","1067","DHE","T3","24",0.195,24,"False"
"3607","1068","DHE","T3","24",0.136,24,"False"
"3608","1069","DHE","T3","24",0.155,24,"False"
"3609","1070","DHE","T3","24",0.405,24,"False"
"3610","1071","DHE","T3","24",0.204,24,"False"
"3611","1072","DHE","T3","24",0.08,24,"False"
"3612","1073","DHE","T3","24",0.482,24,"False"
"3613","1075","DHE","T3","24",0.402,24,"False"
"3614","1077","DHE","T3","24",0.494,24,"False"
"3615","1078","DHE","T3","24",0.275,24,"False"
"3616","1079","DHE","T3","24",0.459,24,"False"
"3617","1080","DHE","T3","24",0.367,24,"False"
"3618","1081","DHE","T3","24",0.318,24,"True"
"3619","1082","DHE","T3","24",0.311,24,"True"
"3620","1083","DHE","T3","24",0.434,24,"False"
"3621","1084","DHE","T3","24",0.437,24,"False"
"3622","1085","DHE","T3","24",0.329,24,"False"
"3623","1086","DHE","T3","24",0.186,24,"False"
"3624","1087","DHE","T3","24",0.413,24,"False"
"3625","1088","DHE","T3","24",0.16,24,"False"
"3626","1089","DHE","T3","24",0.227,24,"True"
"3627","1090","DHE","T3","24",0.109,24,"True"
"3628","1091","DHE","T3","24",0.207,24,"False"
"3629","1092","DHE","T3","24",0.29,24,"False"
"3630","1093","DHE","T3","24",0.103,24,"True"
"3631","160","CWT","T4","24",0.156,24,"False"
"3632","161","CWT","T4","24",0.145,24,"False"
"3633","163","CWT","T4","24",0.165,24,"False"
"3634","166","CWT","T4","24",0.333,24,"False"
"3635","170","CWT","T4","24",0.041,24,"False"
"3636","171","CWT","T4","24",0.303,24,"False"
"3637","178","CWT","T4","24",0.293,24,"False"
"3638","179","CWT","T4","24",0.175,24,"False"
"3639","180","CWT","T4","24",0.118,24,"False"
"3640","186","CWT","T4","24",0.202,24,"False"
"3641","189","CWT","T4","24",0.187,24,"False"
"3642","193","CWT","T4","24",0.132,24,"False"
"3643","194","CWT","T4","24",0.171,24,"False"
"3644","197","CWT","T4","24",0.231,24,"False"
"3645","198","CWT","T4","24",0.337,24,"False"
"3646","199","CWT","T4","24",0.209,24,"False"
"3647","200","CWT","T4","24",0.078,24,"False"
"3648","201","CWT","T4","24",0.238,24,"False"
"3649","202","CWT","T4","24",0.224,24,"False"
"3650","203","CWT","T4","24",0.299,24,"False"
"3651","205","CWT","T4","24",0.3,24,"False"
"3652","206","CWT","T4","24",0.275,24,"False"
"3653","212","CWT","T4","24",0.166,24,"False"
"3654","213","CWT","T4","24",0.132,24,"False"
"3655","214","CWT","T4","24",0.108,24,"False"
"3656","220","CWT","T4","24",0.186,24,"False"
"3657","221","CWT","T4","24",0.197,24,"False"
"3658","223","CWT","T4","24",0.175,24,"False"
"3659","225","CWT","T4","24",0.21,24,"False"
"3660","226","CWT","T4","24",0.165,24,"False"
"3661","227","CWT","T4","24",0.179,24,"False"
"3662","228","CWT","T4","24",0.121,24,"False"
"3663","229","CWT","T4","24",0.235,24,"False"
"3664","230","CWT","T4","24",0.176,24,"False"
"3665","231","CWT","T4","24",0.081,24,"False"
"3666","232","CWT","T4","24",0.183,24,"False"
"3667","233","CWT","T4","24",0.111,24,"False"
"3668","236","CWT","T4","24",0.147,24,"False"
"3669","237","CWT","T4","24",0.396,24,"False"
"3670","238","CWT","T4","24",0.228,24,"False"
"3671","241","CWT","T4","24",0.111,24,"False"
"3672","242","CWT","T4","24",0.139,24,"False"
"3673","246","CWT","T4","24",0.358,24,"False"
"3674","247","CWT","T4","24",0.277,24,"False"
"3675","248","CWT","T4","24",0.19,24,"False"
"3676","255","CWT","T4","24",0.138,24,"False"
"3677","256","CWT","T4","24",0.232,24,"False"
"3678","262","CWT","T4","24",0.123,24,"False"
"3679","263","CWT","T4","24",0.155,24,"False"
"3680","267","CWT","T4","24",0.197,24,"False"
"3681","268","CWT","T4","24",0.164,24,"False"
"3682","272","CWT","T4","24",0.235,24,"False"
"3683","276","CWT","T4","24",0.18,24,"False"
"3684","278","CWT","T4","24",0.092,24,"False"
"3685","1111","CWT","T4","24",0.138,24,"False"
"3686","1112","CWT","T4","24",0.08,24,"False"
"3687","1113","CWT","T4","24",0.123,24,"False"
"3688","1114","CWT","T4","24",0.239,24,"False"
"3689","1115","CWT","T4","24",0.176,24,"False"
"3690","1117","CWT","T4","24",0.233,24,"False"
"3691","1118","CWT","T4","24",0.32,24,"False"
"3692","1120","CWT","T4","24",0.139,24,"False"
"3693","1121","CWT","T4","24",0.13,24,"False"
"3694","1122","CWT","T4","24",0.218,24,"False"
"3695","1123","CWT","T4","24",0.083,24,"False"
"3696","1124","CWT","T4","24",0.203,24,"False"
"3697","1125","CWT","T4","24",0.128,24,"False"
"3698","1126","CWT","T4","24",0.134,24,"False"
"3699","1128","CWT","T4","24",0.115,24,"False"
"3700","1129","CWT","T4","24",0.056,24,"False"
"3701","1130","CWT","T4","24",0.314,24,"False"
"3702","1131","CWT","T4","24",0.245,24,"False"
"3703","1132","CWT","T4","24",0.213,24,"False"
"3704","1134","CWT","T4","24",0.19,24,"False"
"3705","1136","CWT","T4","24",0.152,24,"True"
"3706","1137","CWT","T4","24",0.259,24,"False"
"3707","1138","CWT","T4","24",0.12,24,"False"
"3708","1139","CWT","T4","24",0.21,24,"False"
"3709","1140","CWT","T4","24",0.114,24,"False"
"3710","1141","CWT","T4","24",0.183,24,"False"
"3711","1142","CWT","T4","24",0.1,24,"False"
"3712","1143","CWT","T4","24",0.416,24,"False"
"3713","1144","CWT","T4","24",0.197,24,"False"
"3714","1146","CWT","T4","24",0.07,24,"False"
"3715","1147","CWT","T4","24",0.138,24,"False"
"3716","1149","CWT","T4","24",0.222,24,"False"
"3717","1150","CWT","T4","24",0.208,24,"False"
"3718","1151","CWT","T4","24",0.059,24,"False"
"3719","1152","CWT","T4","24",0.19,24,"True"
"3720","1153","CWT","T4","24",0.231,24,"False"
"3721","1154","CWT","T4","24",0.199,24,"False"
"3722","1155","CWT","T4","24",0.112,24,"False"
"3723","1156","CWT","T4","24",0.215,24,"False"
"3724","1157","CWT","T4","24",0.266,24,"False"
"3725","1159","CWT","T4","24",0.103,24,"True"
"3726","1160","CWT","T4","24",0.095,24,"False"
"3727","1161","CWT","T4","24",0.178,24,"False"
"3728","1162","CWT","T4","24",0.092,24,"False"
"3729","1163","CWT","T4","24",0.122,24,"True"
"3730","1165","CWT","T4","24",0.377,24,"True"
"3731","1167","CWT","T4","24",0.495,24,"False"
"3732","1170","CWT","T4","24",0.311,24,"False"
"3733","1179","CWT","T4","24",0.092,24,"False"
"3734","1181","CWT","T4","24",0.052,24,"False"
"3735","1183","CHE+DWT","T5","24",0.258,24,"False"
"3736","1184","CHE+DWT","T5","24",0.288,24,"True"
"3737","1187","CHE+DWT","T5","24",0.317,24,"False"
"3738","1188","CHE+DWT","T5","24",0.234,24,"False"
"3739","1189","CHE+DWT","T5","24",0.136,24,"True"
"3740","1190","CHE+DWT","T5","24",0.212,24,"False"
"3741","1191","CHE+DWT","T5","24",0.318,24,"True"
"3742","1192","CHE+DWT","T5","24",0.178,24,"False"
"3743","1194","CHE+DWT","T5","24",0.109,24,"True"
"3744","1195","CHE+DWT","T5","24",0.254,24,"False"
"3745","1196","CHE+DWT","T5","24",0.273,24,"False"
"3746","1198","CHE+DWT","T5","24",0.288,24,"True"
"3747","1199","CHE+DWT","T5","24",0.514,24,"False"
"3748","1200","CHE+DWT","T5","24",0.137,24,"False"
"3749","1201","CHE+DWT","T5","24",0.411,24,"False"
"3750","1204","CHE+DWT","T5","24",0.419,24,"False"
"3751","1208","CHE+DWT","T5","24",0.229,24,"False"
"3752","1209","CHE+DWT","T5","24",0.136,24,"False"
"3753","1210","CHE+DWT","T5","24",0.242,24,"False"
"3754","1213","CHE+DWT","T5","24",0.211,24,"False"
"3755","1223","CHE+DWT","T5","24",0.232,24,"False"
"3756","1224","CHE+DWT","T5","24",0.177,24,"True"
"3757","1225","CHE+DWT","T5","24",0.238,24,"False"
"3758","1228","CHE+DWT","T5","24",0.159,24,"True"
"3759","1229","CHE+DWT","T5","24",0.199,24,"False"
"3760","1231","CHE+DWT","T5","24",0.307,24,"False"
"3761","1232","CHE+DWT","T5","24",0.18,24,"False"
"3762","1233","CHE+DWT","T5","24",0.454,24,"False"
"3763","1234","CHE+DWT","T5","24",0.198,24,"False"
"3764","1237","CHE+DWT","T5","24",0.243,24,"False"
"3765","1239","CHE+DWT","T5","24",0.367,24,"True"
"3766","1240","CHE+DWT","T5","24",0.288,24,"False"
"3767","1241","CHE+DWT","T5","24",0.309,24,"True"
"3768","1242","CHE+DWT","T5","24",0.389,24,"False"
"3769","1245","CHE+DWT","T5","24",0.278,24,"False"
"3770","1246","CHE+DWT","T5","24",0.222,24,"False"
"3771","1250","CHE+DWT","T5","24",0.173,24,"False"
"3772","1251","CHE+DWT","T5","24",0.256,24,"False"
"3773","1252","CHE+DWT","T5","24",0.372,24,"False"
"3774","1254","CHE+DWT","T5","24",0.298,24,"False"
"3775","1257","CHE+DWT","T5","24",0.085,24,"True"
"3776","1261","CHE+DWT","T5","24",0.255,24,"False"
"3777","1263","CHE+DWT","T5","24",0.301,24,"False"
"3778","1264","CHE+DWT","T5","24",0.369,24,"True"
"3779","1266","CHE+DWT","T5","24",0.233,24,"False"
"3780","1270","CHE+DWT","T5","24",0.219,24,"False"
"3781","1271","CHE+DWT","T5","24",0.028,24,"True"
"3782","1272","CHE+DWT","T5","24",0.197,24,"False"
"3783","1275","CHE+DWT","T5","24",0.222,24,"True"
"3784","1302","CHE+DWT","T5","24",0.185,24,"True"
"3785","1303","CHE+DWT","T5","24",0.269,24,"False"
"3786","1305","CHE+DWT","T5","24",0.194,24,"True"
"3787","1306","CHE+DWT","T5","24",0.28,24,"True"
"3788","1307","CHE","T7","24",0.072,24,"True"
"3789","1309","CHE","T7","24",0.124,24,"False"
"3790","1310","CHE","T7","24",0.341,24,"False"
"3791","1311","CHE","T7","24",0.327,24,"False"
"3792","1316","CHE","T7","24",0.16,24,"False"
"3793","1318","CHE","T7","24",0.261,24,"False"
"3794","1319","CHE","T7","24",0.091,24,"False"
"3795","1320","CHE","T7","24",0.168,24,"False"
"3796","1322","CHE","T7","24",0.295,24,"False"
"3797","1325","CHE","T7","24",0.213,24,"True"
"3798","1326","CHE","T7","24",0.356,24,"False"
"3799","1327","CHE","T7","24",0.298,24,"False"
"3800","1328","CHE","T7","24",0.26,24,"True"
"3801","1331","CHE","T7","24",0.224,24,"False"
"3802","1332","CHE","T7","24",0.199,24,"True"
"3803","1334","CHE","T7","24",0.311,24,"False"
"3804","1337","CHE","T7","24",0.139,24,"False"
"3805","1338","CHE","T7","24",0.286,24,"False"
"3806","1340","CHE","T7","24",0.203,24,"False"
"3807","1341","CHE","T7","24",0.332,24,"False"
"3808","1342","CHE","T7","24",0.124,24,"False"
"3809","1343","CHE","T7","24",0.207,24,"False"
"3810","1344","CHE","T7","24",0.274,24,"False"
"3811","1345","CHE","T7","24",0.097,24,"False"
"3812","1346","CHE","T7","24",0.115,24,"False"
"3813","1347","CHE","T7","24",0.192,24,"False"
"3814","1348","CHE","T7","24",0.226,24,"False"
"3815","1349","CHE","T7","24",0.168,24,"False"
"3816","1350","CHE","T7","24",0.057,24,"False"
"3817","1351","CHE","T7","24",0.102,24,"False"
"3818","1424","CWT+DHE","T11","24",0.248,24,"False"
"3819","1425","CWT+DHE","T11","24",0.237,24,"False"
"3820","1426","CWT+DHE","T11","24",0.31,24,"False"
"3821","1427","CWT+DHE","T11","24",0.274,24,"False"
"3822","1429","CWT+DHE","T11","24",0.207,24,"False"
"3823","1430","CWT+DHE","T11","24",0.313,24,"False"
"3824","1431","CWT+DHE","T11","24",0.275,24,"False"
"3825","1432","CWT+DHE","T11","24",0.096,24,"False"
"3826","1434","CWT+DHE","T11","24",0.325,24,"False"
"3827","1435","CWT+DHE","T11","24",0.434,24,"False"
"3828","1436","CWT+DHE","T11","24",0.224,24,"False"
"3829","1437","CWT+DHE","T11","24",0.259,24,"False"
"3830","1441","CWT+DHE","T11","24",0.357,24,"False"
"3831","1442","CWT+DHE","T11","24",0.389,24,"False"
"3832","1443","CWT+DHE","T11","24",0.161,24,"False"
"3833","1444","CWT+DHE","T11","24",0.159,24,"False"
"3834","1445","CWT+DHE","T11","24",0.344,24,"False"
"3835","1446","CWT+DHE","T11","24",0.353,24,"False"
"3836","1447","CWT+DHE","T11","24",0.443,24,"False"
"3837","1449","CWT+DHE","T11","24",0.24,24,"False"
"3838","1450","CWT+DHE","T11","24",0.281,24,"False"
"3839","1451","CWT+DHE","T11","24",0.181,24,"False"
"3840","1452","CWT+DHE","T11","24",0.263,24,"False"
"3841","1455","CWT+DHE","T11","24",0.265,24,"False"
"3842","1456","CWT+DHE","T11","24",0.07,24,"False"
"3843","1459","CWT+DHE","T11","24",0.131,24,"False"
"3844","1460","CWT+DHE","T11","24",0.152,24,"False"
"3845","1465","CWT+DHE","T11","24",0.14,24,"False"
"3846","1466","CWT+DHE","T11","24",0.237,24,"False"
"3847","1468","CWT+DHE","T11","24",0.195,24,"False"
"3848","1469","CWT+DHE","T11","24",0.268,24,"False"
"3849","1470","CWT+DHE","T11","24",0.198,24,"False"
"3850","1473","CWT+DHE","T11","24",0.256,24,"False"
"3851","1474","CWT+DHE","T11","24",0.323,24,"False"
"3852","1475","CWT+DHE","T11","24",0.23,24,"False"
"3853","1477","CWT+DHE","T11","24",0.198,24,"False"
"3854","1479","CWT+DHE","T11","24",0.178,24,"False"
"3855","1480","CWT+DHE","T11","24",0.105,24,"False"
"3856","1481","CWT+DHE","T11","24",0.208,24,"False"
"3857","1482","CWT+DHE","T11","24",0.167,24,"False"
"3858","1484","CWT+DHE","T11","24",0.169,24,"False"
"3859","1486","CWT+DHE","T11","24",0.351,24,"False"
"3860","1487","CWT+DHE","T11","24",0.176,24,"True"
"3861","1488","CWT+DHE","T11","24",0.155,24,"False"
"3862","1489","CWT+DHE","T11","24",0.317,24,"False"
"3863","1490","CWT+DHE","T11","24",0.042,24,"True"
"3864","1491","CWT+DHE","T11","24",0.306,24,"False"
"3865","1492","CWT+DHE","T11","24",0.212,24,"False"
"3866","1494","CWT+DHE","T11","24",0.051,24,"True"
"3867","1495","CWT+DHE","T11","24",0.139,24,"False"
"3868","1496","CWT+DHE","T11","24",0.162,24,"False"
"3869","1497","CWT+DHE","T11","24",0.222,24,"False"
"3870","1498","CWT+DHE","T11","24",0.191,24,"False"
"3871","1499","CWT+DHE","T11","24",0.206,24,"False"
"3872","1500","CWT+DHE","T11","24",0.416,24,"True"
"3873","1502","CWT+DHE","T11","24",0.181,24,"True"
"3874","1503","CWT+DHE","T11","24",0.307,24,"False"
"3875","1504","CWT+DHE","T11","24",0.695,24,"False"
"3876","1506","CWT+DHE","T11","24",0.181,24,"False"
"3877","1507","CWT+DHE","T11","24",0.195,24,"False"
"3878","1508","CWT+DHE","T11","24",0.181,24,"False"
"3879","1509","CWT+DHE","T11","24",0.091,24,"True"
"3880","1510","CWT+DHE","T11","24",0.163,24,"False"
"3881","1511","CWT+DHE","T11","24",0.132,24,"False"
"3882","1513","CWT+DHE","T11","24",0.264,24,"False"
"3883","1514","CWT+DHE","T11","24",0.115,24,"False"
"3884","1515","CWT+DHE","T11","24",0.305,24,"False"
"3885","1516","CWT+DHE","T11","24",0.054,24,"False"
"3886","1517","CWT+DHE","T11","24",0.295,24,"False"
"3887","1518","CWT+DHE","T11","24",0.434,24,"False"
"3888","1519","CWT+DHE","T11","24",0.155,24,"False"
"3889","1520","CWT+DHE","T11","24",0.175,24,"False"
"3890","1521","CWT+DHE","T11","24",0.248,24,"False"
"3891","1531","CWT+DHE","T11","24",0.29,24,"False"
"3892","1532","CWT+DHE","T11","24",0.204,24,"False"
"3893","1533","CWT+DHE","T11","24",0.068,24,"False"
"3894","1535","CHE+DHE","T6","24",0.091,24,"False"
"3895","1536","CHE+DHE","T6","24",0.223,24,"False"
"3896","1537","CHE+DHE","T6","24",0.066,24,"True"
"3897","1538","CHE+DHE","T6","24",0.133,24,"False"
"3898","1539","CHE+DHE","T6","24",0.188,24,"False"
"3899","1540","CHE+DHE","T6","24",0.314,24,"False"
"3900","1541","CHE+DHE","T6","24",0.068,24,"False"
"3901","1544","CHE+DHE","T6","24",0.172,24,"False"
"3902","1545","CHE+DHE","T6","24",0.073,24,"True"
"3903","1546","CHE+DHE","T6","24",0.09,24,"False"
"3904","1547","CHE+DHE","T6","24",0.119,24,"False"
"3905","1548","CHE+DHE","T6","24",0.043,24,"False"
"3906","1549","CHE+DHE","T6","24",0.094,24,"False"
"3907","1550","CHE+DHE","T6","24",0.093,24,"False"
"3908","1551","CHE+DHE","T6","24",0.116,24,"False"
"3909","1553","CHE+DHE","T6","24",0.147,24,"False"
"3910","1554","CHE+DHE","T6","24",0.117,24,"False"
"3911","1556","CHE+DHE","T6","24",0.335,24,"False"
"3912","1557","CHE+DHE","T6","24",0.504,24,"False"
"3913","1562","CHE+DHE","T6","24",0.271,24,"False"
"3914","1563","CHE+DHE","T6","24",0.403,24,"False"
"3915","1564","CHE+DHE","T6","24",0.244,24,"False"
"3916","1590","CHE+DHE","T6","24",0.146,24,"False"
"3917","1593","CHE+DHE","T6","24",0.277,24,"False"
"3918","1595","CHE+DHE","T6","24",0.374,24,"False"
"3919","1603","CHE+DHE","T6","24",0.387,24,"False"
"3920","1605","CHE+DHE","T6","24",0.251,24,"False"
"3921","1606","CHE+DHE","T6","24",0.296,24,"False"
"3922","1607","CHE+DHE","T6","24",0.293,24,"False"
"3923","1611","CHE+DHE","T6","24",0.144,24,"True"
"3924","1628","CHE+DHE","T6","24",0.373,24,"True"
"3925","1636","CHE+DHE","T6","24",0.503,24,"False"
"3926","1637","CHE+DHE","T6","24",0.383,24,"False"
"3927","1640","CHE+DHE","T6","24",0.3,24,"False"
"3928","1641","CHE+DHE","T6","24",0.274,24,"False"
"3929","1647","CHE+DHE","T6","24",0.24,24,"False"
"3930","1655","CHE+DHE","T6","24",0.234,24,"False"
"3931","1660","CHE+DHE","T6","24",0.533,24,"False"
"3932","1661","CHE+DHE","T6","24",0.481,24,"False"
"3933","1662","CHE+DHE","T6","24",0.472,24,"False"
"3934","1664","CHE+DHE","T6","24",0.254,24,"False"
"3935","1665","CHE+DHE","T6","24",0.401,24,"False"
"3936","1672","CHE+DHE","T6","24",0.083,24,"False"
"3937","1676","CHE+DHE","T6","24",0.108,24,"True"
"3938","1679","CHE+DHE","T6","24",0.071,24,"False"
"3939","1680","CHE+DHE","T6","24",0.048,24,"True"
"3940","1355","DHE","T9","24",0.33,24,"False"
"3941","1356","DHE","T9","24",0.254,24,"False"
"3942","1357","DHE","T9","24",0.337,24,"False"
"3943","1363","DHE","T9","24",0.236,24,"False"
"3944","1364","DHE","T9","24",0.171,24,"True"
"3945","1374","DHE","T9","24",0.285,24,"False"
"3946","1376","DHE","T9","24",0.17,24,"False"
"3947","1377","DHE","T9","24",0.88,24,"False"
"3948","1380","DHE","T9","24",0.314,24,"False"
"3949","1381","DHE","T9","24",0.044,24,"True"
"3950","1382","DHE","T9","24",0.152,24,"False"
"3951","1383","DHE","T9","24",0.232,24,"False"
"3952","1384","DHE","T9","24",0.205,24,"False"
"3953","1385","DHE","T9","24",0.192,24,"False"
"3954","1386","DHE","T9","24",0.192,24,"False"
"3955","1388","DHE","T9","24",0.421,24,"False"
"3956","1389","DHE","T9","24",0.5,24,"True"
"3957","1390","DHE","T9","24",0.236,24,"False"
"3958","1392","DHE","T9","24",0.27,24,"False"
"3959","1394","DHE","T9","24",0.07,24,"False"
"3960","1397","DHE","T9","24",0.178,24,"False"
"3961","1398","DHE","T9","24",0.219,24,"False"
"3962","1399","DHE","T9","24",0.225,24,"False"
"3963","1400","DHE","T9","24",0.126,24,"False"
"3964","1401","DHE","T9","24",0.204,24,"False"
"3965","1402","DHE","T9","24",0.207,24,"False"
"3966","1404","DHE","T9","24",0.26,24,"False"
"3967","1405","DHE","T9","24",0.193,24,"False"
"3968","1406","DHE","T9","24",0.22,24,"False"
"3969","1407","DHE","T9","24",0.281,24,"False"
"3970","1408","DHE","T9","24",0.282,24,"False"
"3971","1409","DHE","T9","24",0.057,24,"False"
"3972","1410","DHE","T9","24",0.148,24,"False"
"3973","1411","DHE","T9","24",0.063,24,"False"
"3974","1412","DHE","T9","24",0.159,24,"False"
"3975","1413","DHE","T9","24",0.067,24,"True"
"3976","1414","DHE","T9","24",0.172,24,"False"
"3977","1415","DHE","T9","24",0.056,24,"False"
"3978","1416","DHE","T9","24",0.214,24,"False"
"3979","1420","DHE","T9","24",0.147,24,"False"
"3980","1421","DHE","T9","24",0.248,24,"False"
"3981","1926","CHE+DWT","T12","24",0.372,24,"False"
"3982","1927","CHE+DWT","T12","24",0.332,24,"False"
"3983","1928","CHE+DWT","T12","24",0.469,24,"False"
"3984","1929","CHE+DWT","T12","24",0.198,24,"False"
"3985","1930","CHE+DWT","T12","24",0.323,24,"True"
"3986","1931","CHE+DWT","T12","24",0.5,24,"True"
"3987","1932","CHE+DWT","T12","24",0.33,24,"True"
"3988","1933","CHE+DWT","T12","24",0.239,24,"False"
"3989","1937","CHE+DWT","T12","24",0.332,24,"False"
"3990","1938","CHE+DWT","T12","24",0.048,24,"True"
"3991","1939","CHE+DWT","T12","24",0.131,24,"True"
"3992","1940","CHE+DWT","T12","24",0.253,24,"False"
"3993","1943","CHE+DWT","T12","24",0.057,24,"False"
"3994","1948","CHE+DWT","T12","24",0.389,24,"True"
"3995","1949","CHE+DWT","T12","24",0.339,24,"True"
"3996","1950","CHE+DWT","T12","24",0.153,24,"False"
"3997","1951","CHE+DWT","T12","24",0.437,24,"True"
"3998","1952","CHE+DWT","T12","24",2.024,24,"True"
"3999","1954","CHE+DWT","T12","24",0.315,24,"True"
"4000","1956","CHE+DWT","T12","24",0.317,24,"False"
"4001","1957","CHE+DWT","T12","24",0.264,24,"True"
"4002","1958","CHE+DWT","T12","24",0.127,24,"True"
"4003","1961","CHE+DWT","T12","24",0.33,24,"True"
"4004","1964","CHE+DWT","T12","24",0.151,24,"True"
"4005","1965","CHE+DWT","T12","24",0.06,24,"True"
"4006","1966","CHE+DWT","T12","24",0.166,24,"True"
"4007","1967","CHE+DWT","T12","24",0.42,24,"True"
"4008","1968","CHE+DWT","T12","24",0.376,24,"True"
"4009","1969","CHE+DWT","T12","24",0.403,24,"True"
"4010","1970","CHE+DWT","T12","24",0.324,24,"False"
"4011","1971","CHE+DWT","T12","24",0.202,24,"False"
"4012","1986","CHE+DWT","T12","24",0.254,24,"False"
"4013","1615","CHE+DHE","T14","24",0.161,24,"False"
"4014","1616","CHE+DHE","T14","24",0.124,24,"False"
"4015","1633","CHE+DHE","T14","24",0.305,24,"False"
"4016","1761","CHE+DHE","T14","24",0.185,24,"False"
"4017","1763","CHE+DHE","T14","24",0.219,24,"False"
"4018","1764","CHE+DHE","T14","24",0.352,24,"False"
"4019","1766","CHE+DHE","T14","24",0.308,24,"False"
"4020","1767","CHE+DHE","T14","24",0.304,24,"False"
"4021","1770","CHE+DHE","T14","24",0.165,24,"False"
"4022","1771","CHE+DHE","T14","24",0.211,24,"False"
"4023","1772","CHE+DHE","T14","24",0.238,24,"False"
"4024","1773","CHE+DHE","T14","24",0.479,24,"False"
"4025","1774","CHE+DHE","T14","24",0.134,24,"False"
"4026","1775","CHE+DHE","T14","24",0.285,24,"False"
"4027","1776","CHE+DHE","T14","24",0.296,24,"False"
"4028","1777","CHE+DHE","T14","24",0.261,24,"False"
"4029","1780","CHE+DHE","T14","24",0.238,24,"False"
"4030","1786","CHE+DHE","T14","24",0.394,24,"False"
"4031","1787","CHE+DHE","T14","24",0.206,24,"False"
"4032","1790","CHE+DHE","T14","24",0.314,24,"False"
"4033","1794","CHE+DHE","T14","24",0.142,24,"False"
"4034","1803","CHE+DHE","T14","24",0.094,24,"False"
"4035","1806","CHE+DHE","T14","24",0.214,24,"False"
"4036","1807","CHE+DHE","T14","24",0.233,24,"False"
"4037","1809","CHE+DHE","T14","24",0.269,24,"False"
"4038","1810","CHE+DHE","T14","24",0.209,24,"False"
"4039","1811","CHE+DHE","T14","24",0.137,24,"False"
"4040","1814","CHE+DHE","T14","24",0.425,24,"False"
"4041","1821","CHE+DHE","T14","24",0.158,24,"False"
"4042","1824","CHE+DHE","T14","24",0.243,24,"False"
"4043","1825","CHE+DHE","T14","24",0.224,24,"False"
"4044","1827","CHE+DHE","T14","24",0.431,24,"False"
"4045","1830","CHE+DHE","T14","24",0.363,24,"False"
"4046","1831","CHE+DHE","T14","24",0.442,24,"False"
"4047","1839","CHE+DHE","T14","24",0.095,24,"False"
"4048","1840","CHE+DHE","T14","24",0.332,24,"False"
"4049","1841","CHE+DHE","T14","24",0.245,24,"False"
"4050","1846","CHE+DHE","T14","24",0.256,24,"False"
"4051","1848","CHE+DHE","T14","24",0.505,24,"False"
"4052","1849","CHE+DHE","T14","24",0.08,24,"False"
"4053","1850","CHE+DHE","T14","24",0.191,24,"False"
"4054","1851","CHE+DHE","T14","24",0.268,24,"False"
"4055","1854","CHE+DHE","T14","24",0.21,24,"False"
"4056","1855","CHE+DHE","T14","24",0.263,24,"False"
"4057","1856","CHE+DHE","T14","24",0.337,24,"False"
"4058","1857","CHE+DHE","T14","24",0.204,24,"False"
"4059","1858","CHE+DHE","T14","24",0.262,24,"False"
"4060","1859","CHE+DHE","T14","24",0.349,24,"False"
"4061","1860","CHE+DHE","T14","24",0.061,24,"False"
"4062","1861","CHE+DHE","T14","24",0.432,24,"False"
"4063","1862","CHE+DHE","T14","24",0.219,24,"False"
"4064","1863","CHE+DHE","T14","24",0.334,24,"False"
"4065","1864","CHE+DHE","T14","24",0.265,24,"False"
"4066","1866","CHE+DHE","T14","24",0.184,24,"False"
"4067","1870","CHE+DHE","T14","24",0.276,24,"True"
"4068","1873","CHE+DHE","T14","24",0.292,24,"False"
"4069","1874","CHE+DHE","T14","24",0.189,24,"False"
"4070","1876","CHE+DHE","T14","24",0.374,24,"False"
"4071","1878","CHE+DHE","T14","24",0.395,24,"False"
"4072","1879","CHE+DHE","T14","24",0.378,24,"False"
"4073","1880","CHE+DHE","T14","24",0.377,24,"False"
"4074","1881","CHE+DHE","T14","24",0.303,24,"False"
"4075","1884","CHE+DHE","T14","24",0.21,24,"False"
"4076","1887","CHE+DHE","T14","24",0.406,24,"False"
"4077","1888","CHE+DHE","T14","24",0.198,24,"False"
"4078","1889","CHE+DHE","T14","24",0.292,24,"False"
"4079","1894","CHE+DHE","T14","24",0.304,24,"False"
"4080","1895","CHE+DHE","T14","24",0.365,24,"True"
"4081","1896","CHE+DHE","T14","24",0.332,24,"False"
"4082","1897","CHE+DHE","T14","24",0.119,24,"False"
"4083","1898","CHE+DHE","T14","24",0.317,24,"False"
"4084","1899","CHE+DHE","T14","24",0.223,24,"False"
"4085","1901","CHE+DHE","T14","24",0.265,24,"False"
"4086","1904","CHE+DHE","T14","24",0.299,24,"False"
"4087","1905","CHE+DHE","T14","24",0.375,24,"False"
"4088","1906","CHE+DHE","T14","24",0.375,24,"False"
"4089","1907","CHE+DHE","T14","24",0.269,24,"False"
"4090","1908","CHE+DHE","T14","24",0.456,24,"False"
"4091","1910","CHE+DHE","T14","24",0.402,24,"False"
"4092","1911","CHE+DHE","T14","24",0.331,24,"False"
"4093","1912","CHE+DHE","T14","24",0.224,24,"False"
"4094","1915","CHE+DHE","T14","24",0.407,24,"False"
"4095","1921","CHE+DHE","T14","24",0.212,24,"False"
"4096","1924","CHE+DHE","T14","24",0.104,24,"False"
"4097","1925","CHE+DHE","T14","24",0.203,24,"False"
"4098","2057","CHE+DHE","T14","24",0.061,24,"False"
"4099","2058","CHE+DHE","T14","24",0.199,24,"False"
"4100","2059","CHE+DHE","T14","24",0.249,24,"False"
"4101","2060","CHE+DHE","T14","24",0.089,24,"False"
"4102","2093","CWT+DHE","T15","24",0.426,24,"False"
"4103","2094","CWT+DHE","T15","24",0.394,24,"False"
"4104","2095","CWT+DHE","T15","24",0.263,24,"False"
"4105","2096","CWT+DHE","T15","24",0.296,24,"False"
"4106","2098","CWT+DHE","T15","24",0.571,24,"False"
"4107","2104","CWT+DHE","T15","24",0.185,24,"False"
"4108","2108","CWT+DHE","T15","24",0.132,24,"False"
"4109","2113","CWT+DHE","T15","24",0.249,24,"False"
"4110","2114","CWT+DHE","T15","24",0.249,24,"True"
"4111","2115","CWT+DHE","T15","24",0.402,24,"False"
"4112","2116","CWT+DHE","T15","24",0.236,24,"False"
"4113","2120","CWT+DHE","T15","24",0.459,24,"False"
"4114","1991","CWT+DWT","T13","24",0.181,24,"False"
"4115","1992","CWT+DWT","T13","24",0.212,24,"False"
"4116","1993","CWT+DWT","T13","24",0.34,24,"False"
"4117","1997","CWT+DWT","T13","24",0.255,24,"True"
"4118","1998","CWT+DWT","T13","24",0.421,24,"False"
"4119","1999","CWT+DWT","T13","24",0.388,24,"False"
"4120","2000","CWT+DWT","T13","24",0.365,24,"False"
"4121","2003","CWT+DWT","T13","24",0.253,24,"False"
"4122","2005","CWT+DWT","T13","24",0.538,24,"False"
"4123","2006","CWT+DWT","T13","24",0.276,24,"False"
"4124","2008","CWT+DWT","T13","24",0.2,24,"False"
"4125","2009","CWT+DWT","T13","24",0.172,24,"False"
"4126","2010","CWT+DWT","T13","24",0.322,24,"False"
"4127","2011","CWT+DWT","T13","24",0.271,24,"False"
"4128","2012","CWT+DWT","T13","24",0.397,24,"False"
"4129","2013","CWT+DWT","T13","24",0.372,24,"False"
"4130","2014","CWT+DWT","T13","24",0.286,24,"False"
"4131","2015","CWT+DWT","T13","24",0.204,24,"False"
"4132","2022","CWT+DWT","T13","24",0.249,24,"False"
"4133","2023","CWT+DWT","T13","24",0.408,24,"False"
"4134","2024","CWT+DWT","T13","24",0.061,24,"False"
"4135","2025","CWT+DWT","T13","24",0.169,24,"False"
"4136","2026","CWT+DWT","T13","24",0.387,24,"False"
"4137","2027","CWT+DWT","T13","24",0.214,24,"False"
"4138","2031","CWT+DWT","T13","24",0.276,24,"False"
"4139","2032","CWT+DWT","T13","24",0.399,24,"False"
"4140","2033","CWT+DWT","T13","24",0.628,24,"False"
"4141","2035","CWT+DWT","T13","24",0.263,24,"False"
"4142","2037","CWT+DWT","T13","24",0.104,24,"True"
"4143","2038","CWT+DWT","T13","24",0.132,24,"False"
"4144","2039","CWT+DWT","T13","24",0.426,24,"False"
"4145","2040","CWT+DWT","T13","24",0.248,24,"False"
"4146","2041","CWT+DWT","T13","24",0.361,24,"False"
"4147","2042","CWT+DWT","T13","24",0.229,24,"False"
"4148","2043","CWT+DWT","T13","24",0.239,24,"False"
"4149","2044","CWT+DWT","T13","24",0.288,24,"False"
"4150","2045","CWT+DWT","T13","24",0.051,24,"False"
"4151","2046","CWT+DWT","T13","24",0.157,24,"False"
"4152","2047","CWT+DWT","T13","24",0.225,24,"False"
"4153","2048","CWT+DWT","T13","24",0.077,24,"False"
"4154","2051","CWT+DWT","T13","24",0.283,24,"False"
"4155","2053","CWT+DWT","T13","24",0.08,24,"False"
"4156","2054","CWT+DWT","T13","24",0.22,24,"False"
"4157","2055","CWT+DWT","T13","24",0.18,24,"False"
"4158","2080","CWT+DWT","T13","24",0.095,24,"False"
"4159","2081","CWT+DWT","T13","24",0.14,24,"False"
"4160","2092","CWT+DWT","T13","24",0.129,24,"True"
"4161","2259","CWT","T16","24",0.236,24,"False"
"4162","2260","CWT","T16","24",0.054,24,"True"
"4163","2261","CWT","T16","24",0.097,24,"True"
"4164","2262","CWT","T16","24",0.109,24,"False"
"4165","2263","CWT","T16","24",0.188,24,"False"
"4166","2264","CWT","T16","24",0.387,24,"False"
"4167","2267","CWT","T16","24",0.151,24,"False"
"4168","2269","CWT","T16","24",0.2,24,"False"
"4169","2272","CWT","T16","24",0.208,24,"False"
"4170","2274","CWT","T16","24",0.177,24,"False"
"4171","2281","CWT","T16","24",0.148,24,"False"
"4172","2282","CWT","T16","24",0.186,24,"True"
"4173","2283","CWT","T16","24",0.207,24,"False"
"4174","2284","CWT","T16","24",0.195,24,"False"
"4175","2286","CWT","T16","24",0.152,24,"True"
"4176","2292","CWT","T16","24",0.204,24,"True"
"4177","2293","CWT","T16","24",0.139,24,"False"
"4178","2294","CWT","T16","24",0.062,24,"False"
"4179","2296","CWT","T16","24",0.192,24,"True"
"4180","2298","CWT","T16","24",0.15,24,"False"
"4181","2299","CWT","T16","24",0.138,24,"False"
"4182","2300","CWT","T16","24",0.107,24,"False"
"4183","2305","CWT","T16","24",0.099,24,"True"
"4184","2306","CWT","T16","24",0.176,24,"False"
"4185","2307","CWT","T16","24",0.114,24,"True"
"4186","2308","CWT","T16","24",0.176,24,"False"
"4187","2310","CWT","T16","24",0.05,24,"True"
"4188","2311","CWT","T16","24",0.067,24,"False"
"4189","2315","CWT","T16","24",0.143,24,"False"
"4190","2316","CWT","T16","24",0.062,24,"True"
"4191","2317","CWT","T16","24",0.176,24,"False"
"4192","2318","CWT","T16","24",0.09,24,"False"
"4193","2319","CWT","T16","24",0.099,24,"False"
"4194","2320","CWT","T16","24",0.056,24,"False"
"4195","2321","CWT","T16","24",0.13,24,"False"
"4196","2322","CWT","T16","24",0.066,24,"False"
"4197","2323","CWT","T16","24",0.062,24,"False"
"4198","2324","CWT","T16","24",0.116,24,"False"
"4199","2325","CWT","T16","24",0.118,24,"False"
"4200","2326","CWT","T16","24",0.119,24,"False"
"4201","2330","CWT","T16","24",0.121,24,"False"
"4202","2338","CWT","T16","24",0.102,24,"True"
"4203","2339","CWT","T16","24",0.069,24,"True"
"4204","2343","CWT","T16","24",0.121,24,"False"
"4205","2345","CWT","T16","24",0.115,24,"False"
"4206","2347","CWT","T16","24",0.102,24,"False"
"4207","2348","CWT","T16","24",0.083,24,"False"
"4208","2350","CWT","T16","24",0.093,24,"False"
"4209","2351","CWT","T16","24",0.077,24,"False"
"4210","2352","CWT","T16","24",0.071,24,"False"
"4211","2353","CWT","T16","24",0.073,24,"False"
"4212","2354","CWT","T16","24",0.105,24,"True"
"4213","2355","CWT","T16","24",0.136,24,"False"
"4214","2356","CWT","T16","24",0.116,24,"False"
"4215","2357","CWT","T16","24",0.111,24,"False"
"4216","2361","CWT","T16","24",0.181,24,"False"
"4217","2362","CWT","T16","24",0.17,24,"False"
"4218","2364","CWT","T16","24",0.146,24,"False"
"4219","2365","CWT","T16","24",0.161,24,"False"
"4220","2368","CWT","T16","24",0.065,24,"False"
"4221","2369","CWT","T16","24",0.085,24,"False"
"4222","2370","CWT","T16","24",0.194,24,"False"
"4223","2372","CWT","T16","24",0.105,24,"False"
"4224","2374","CWT","T16","24",0.132,24,"False"
"4225","2376","CWT","T16","24",0.104,24,"False"
"4226","2377","CWT","T16","24",0.107,24,"True"
"4227","2378","CWT","T16","24",0.086,24,"True"
"4228","2379","CWT","T16","24",0.065,24,"True"
"4229","2380","CWT","T16","24",0.182,24,"False"
"4230","2514","CHE","T22","24",0.262,24,"False"
"4231","2515","CHE","T22","24",0.219,24,"False"
"4232","2516","CHE","T22","24",0.176,24,"False"
"4233","2520","CHE","T22","24",0.172,24,"False"
"4234","2526","CHE","T22","24",0.199,24,"False"
"4235","2527","CHE","T22","24",0.146,24,"False"
"4236","2529","CHE","T22","24",0.069,24,"False"
"4237","2531","CHE","T22","24",0.096,24,"False"
"4238","2532","CHE","T22","24",0.195,24,"False"
"4239","2533","CHE","T22","24",0.118,24,"False"
"4240","2534","CHE","T22","24",0.116,24,"False"
"4241","2538","CHE","T22","24",0.145,24,"False"
"4242","2539","CHE","T22","24",0.121,24,"False"
"4243","2542","CHE","T22","24",0.079,24,"True"
"4244","2543","CHE","T22","24",0.045,24,"False"
"4245","2544","CHE","T22","24",0.143,24,"False"
"4246","2547","CHE","T22","24",0.193,24,"False"
"4247","2550","CHE","T22","24",0.194,24,"False"
"4248","2558","CHE","T22","24",0.131,24,"False"
"4249","2561","CHE","T22","24",0.171,24,"False"
"4250","2564","CHE","T22","24",0.081,24,"False"
"4251","2566","CHE","T22","24",0.162,24,"False"
"4252","2567","CHE","T22","24",0.204,24,"False"
"4253","2568","CHE","T22","24",0.153,24,"False"
"4254","2569","CHE","T22","24",0.141,24,"False"
"4255","2576","CHE","T22","24",0.072,24,"False"
"4256","2580","CHE","T22","24",0.168,24,"False"
"4257","2584","CHE","T22","24",0.144,24,"False"
"4258","2585","CHE","T22","24",0.137,24,"False"
"4259","2586","CHE","T22","24",0.223,24,"False"
"4260","2587","CHE","T22","24",0.368,24,"True"
"4261","2588","CHE","T22","24",0.208,24,"False"
"4262","2591","CHE","T22","24",0.299,24,"True"
"4263","2592","CHE","T22","24",0.381,24,"False"
"4264","2593","CHE","T22","24",0.212,24,"False"
"4265","2603","CHE","T22","24",0.314,24,"False"
"4266","2608","CHE","T22","24",0.195,24,"False"
"4267","2385","DWT","T17","24",0.247,24,"False"
"4268","2386","DWT","T17","24",0.284,24,"False"
"4269","2387","DWT","T17","24",0.348,24,"False"
"4270","2389","DWT","T17","24",0.275,24,"False"
"4271","2390","DWT","T17","24",0.268,24,"False"
"4272","2391","DWT","T17","24",0.28,24,"False"
"4273","2396","DWT","T17","24",0.168,24,"False"
"4274","2397","DWT","T17","24",0.402,24,"False"
"4275","2398","DWT","T17","24",0.289,24,"False"
"4276","2401","DWT","T17","24",0.434,24,"False"
"4277","2402","DWT","T17","24",0.339,24,"False"
"4278","2404","DWT","T17","24",0.328,24,"False"
"4279","2405","DWT","T17","24",0.265,24,"False"
"4280","2406","DWT","T17","24",0.115,24,"False"
"4281","2408","DWT","T17","24",0.427,24,"False"
"4282","2409","DWT","T17","24",0.258,24,"False"
"4283","2410","DWT","T17","24",0.15,24,"False"
"4284","2412","DWT","T17","24",0.183,24,"False"
"4285","2413","DWT","T17","24",0.523,24,"False"
"4286","2414","DWT","T17","24",0.15,24,"False"
"4287","2415","DWT","T17","24",0.412,24,"False"
"4288","2416","DWT","T17","24",0.416,24,"False"
"4289","2417","DWT","T17","24",0.404,24,"False"
"4290","2424","DWT","T17","24",0.415,24,"False"
"4291","2425","DWT","T17","24",0.438,24,"True"
"4292","2426","DWT","T17","24",0.099,24,"False"
"4293","2427","DWT","T17","24",0.34,24,"False"
"4294","2428","DWT","T17","24",0.357,24,"True"
"4295","2430","DWT","T17","24",0.334,24,"False"
"4296","2431","DWT","T17","24",0.151,24,"False"
"4297","2433","DWT","T17","24",0.316,24,"False"
"4298","2435","DWT","T17","24",0.197,24,"False"
"4299","2438","DWT","T17","24",0.284,24,"False"
"4300","2439","DWT","T17","24",0.438,24,"True"
"4301","2442","DWT","T17","24",0.289,24,"False"
"4302","2443","DWT","T17","24",0.192,24,"True"
"4303","2444","DWT","T17","24",0.303,24,"False"
"4304","2445","DWT","T17","24",0.315,24,"False"
"4305","2446","DWT","T17","24",0.283,24,"False"
"4306","2449","DWT","T17","24",0.351,24,"False"
"4307","2453","DWT","T17","24",0.43,24,"True"
"4308","2456","DWT","T17","24",0.919,24,"True"
"4309","2461","DWT","T17","24",0.151,24,"False"
"4310","2463","DWT","T17","24",0.165,24,"False"
"4311","2464","DWT","T17","24",0.336,24,"False"
"4312","2469","DWT","T17","24",0.468,24,"False"
"4313","2472","DWT","T17","24",0.318,24,"True"
"4314","2478","DWT","T17","24",0.408,24,"False"
"4315","2479","DWT","T17","24",0.367,24,"True"
"4316","2480","DWT","T17","24",0.308,24,"True"
"4317","2481","DWT","T17","24",0.324,24,"False"
"4318","2482","DWT","T17","24",0.297,24,"True"
"4319","2483","DWT","T17","24",0.308,24,"False"
"4320","2484","DWT","T17","24",0.379,24,"False"
"4321","2486","DWT","T17","24",0.252,24,"True"
"4322","2487","DWT","T17","24",0.25,24,"False"
"4323","2488","DWT","T17","24",0.334,24,"False"
"4324","2489","DWT","T17","24",0.177,24,"False"
"4325","2491","DWT","T17","24",0.285,24,"False"
"4326","2492","DWT","T17","24",0.379,24,"False"
"4327","2493","DWT","T17","24",0.384,24,"False"
"4328","2494","DWT","T17","24",0.384,24,"False"
"4329","2495","DWT","T17","24",0.244,24,"False"
"4330","2496","DWT","T17","24",0.368,24,"True"
"4331","2497","DWT","T17","24",0.238,24,"False"
"4332","2501","DWT","T17","24",0.156,24,"False"
"4333","2502","DWT","T17","24",0.046,24,"False"
"4334","2504","DWT","T17","24",0.189,24,"False"
"4335","2505","DWT","T17","24",0.157,24,"False"
"4336","2506","DWT","T17","24",0.173,24,"False"
"4337","2507","DWT","T17","24",0.1,24,"False"
"4338","2508","DWT","T17","24",0.357,24,"False"
"4339","2695","CHE","T20","24",0.286,24,"False"
"4340","2696","CHE","T20","24",0.214,24,"True"
"4341","2698","CHE","T20","24",0.188,24,"False"
"4342","2699","CHE","T20","24",0.224,24,"False"
"4343","2700","CHE","T20","24",0.086,24,"False"
"4344","2703","CHE","T20","24",0.2,24,"False"
"4345","2706","CHE","T20","24",0.258,24,"False"
"4346","2707","CHE","T20","24",0.191,24,"False"
"4347","2708","CHE","T20","24",0.173,24,"False"
"4348","2709","CHE","T20","24",0.12,24,"False"
"4349","2712","CHE","T20","24",0.232,24,"False"
"4350","2713","CHE","T20","24",0.24,24,"False"
"4351","2720","CHE","T20","24",0.138,24,"False"
"4352","2721","CHE","T20","24",0.169,24,"False"
"4353","2722","CHE","T20","24",0.095,24,"False"
"4354","2723","CHE","T20","24",0.124,24,"False"
"4355","2725","CHE","T20","24",0.116,24,"False"
"4356","2726","CHE","T20","24",0.185,24,"False"
"4357","2728","CHE","T20","24",0.162,24,"False"
"4358","2729","CHE","T20","24",0.135,24,"False"
"4359","2730","CHE","T20","24",0.111,24,"False"
"4360","2733","CHE","T20","24",0.123,24,"False"
"4361","2734","CHE","T20","24",0.136,24,"False"
"4362","2735","CHE","T20","24",0.176,24,"True"
"4363","2736","CHE","T20","24",0.1,24,"False"
"4364","1681","DWT","T10","24",0.306,24,"False"
"4365","1683","DWT","T10","24",0.338,24,"False"
"4366","1685","DWT","T10","24",0.218,24,"False"
"4367","1686","DWT","T10","24",0.107,24,"True"
"4368","1691","DWT","T10","24",0.416,24,"False"
"4369","1692","DWT","T10","24",0.476,24,"True"
"4370","1693","DWT","T10","24",0.489,24,"False"
"4371","1694","DWT","T10","24",0.255,24,"False"
"4372","1695","DWT","T10","24",0.467,24,"False"
"4373","1696","DWT","T10","24",0.264,24,"False"
"4374","1697","DWT","T10","24",0.159,24,"False"
"4375","1698","DWT","T10","24",0.284,24,"False"
"4376","1699","DWT","T10","24",0.316,24,"False"
"4377","1700","DWT","T10","24",0.279,24,"False"
"4378","1702","DWT","T10","24",0.31,24,"False"
"4379","1703","DWT","T10","24",0.355,24,"True"
"4380","1704","DWT","T10","24",0.146,24,"False"
"4381","1705","DWT","T10","24",0.338,24,"False"
"4382","1706","DWT","T10","24",0.111,24,"False"
"4383","1707","DWT","T10","24",0.292,24,"False"
"4384","1709","DWT","T10","24",0.377,24,"True"
"4385","1710","DWT","T10","24",0.162,24,"True"
"4386","1711","DWT","T10","24",0.447,24,"True"
"4387","1712","DWT","T10","24",0.105,24,"True"
"4388","1713","DWT","T10","24",0.358,24,"False"
"4389","1715","DWT","T10","24",0.389,24,"False"
"4390","1716","DWT","T10","24",0.373,24,"False"
"4391","1717","DWT","T10","24",0.092,24,"False"
"4392","1719","DWT","T10","24",0.495,24,"False"
"4393","1720","DWT","T10","24",0.235,24,"True"
"4394","1721","DWT","T10","24",0.189,24,"False"
"4395","1723","DWT","T10","24",0.287,24,"False"
"4396","1724","DWT","T10","24",0.493,24,"False"
"4397","1725","DWT","T10","24",0.441,24,"True"
"4398","1726","DWT","T10","24",0.071,24,"True"
"4399","1727","DWT","T10","24",0.272,24,"False"
"4400","1730","DWT","T10","24",0.083,24,"False"
"4401","1731","DWT","T10","24",0.265,24,"False"
"4402","1732","DWT","T10","24",0.15,24,"False"
"4403","1733","DWT","T10","24",0.151,24,"False"
"4404","1734","DWT","T10","24",0.153,24,"False"
"4405","1735","DWT","T10","24",0.12,24,"False"
"4406","1737","DWT","T10","24",0.125,24,"False"
"4407","1738","DWT","T10","24",0.102,24,"False"
"4408","1739","DWT","T10","24",0.246,24,"False"
"4409","1740","DWT","T10","24",0.267,24,"False"
"4410","1741","DWT","T10","24",0.141,24,"False"
"4411","1742","DWT","T10","24",0.358,24,"False"
"4412","1743","DWT","T10","24",0.308,24,"False"
"4413","1748","DWT","T10","24",0.182,24,"False"
"4414","1757","DWT","T10","24",0.233,24,"True"
"4415","2623","CHE+DHE","T21","24",0.4,24,"False"
"4416","2624","CHE+DHE","T21","24",0.503,24,"True"
"4417","2629","CHE+DHE","T21","24",0.177,24,"False"
"4418","2630","CHE+DHE","T21","24",0.33,24,"False"
"4419","2631","CHE+DHE","T21","24",0.202,24,"False"
"4420","2632","CHE+DHE","T21","24",0.339,24,"False"
"4421","2633","CHE+DHE","T21","24",0.213,24,"False"
"4422","2634","CHE+DHE","T21","24",0.317,24,"False"
"4423","2636","CHE+DHE","T21","24",0.161,24,"True"
"4424","2637","CHE+DHE","T21","24",0.22,24,"False"
"4425","2638","CHE+DHE","T21","24",0.398,24,"False"
"4426","2639","CHE+DHE","T21","24",0.349,24,"False"
"4427","2640","CHE+DHE","T21","24",0.347,24,"False"
"4428","2641","CHE+DHE","T21","24",0.096,24,"False"
"4429","2642","CHE+DHE","T21","24",0.2,24,"False"
"4430","2643","CHE+DHE","T21","24",0.294,24,"False"
"4431","2644","CHE+DHE","T21","24",0.256,24,"False"
"4432","2649","CHE+DHE","T21","24",0.322,24,"False"
"4433","2650","CHE+DHE","T21","24",0.285,24,"False"
"4434","2651","CHE+DHE","T21","24",0.178,24,"False"
"4435","2652","CHE+DHE","T21","24",0.083,24,"False"
"4436","2653","CHE+DHE","T21","24",0.348,24,"False"
"4437","2654","CHE+DHE","T21","24",0.438,24,"False"
"4438","2655","CHE+DHE","T21","24",0.054,24,"True"
"4439","2656","CHE+DHE","T21","24",0.308,24,"False"
"4440","2657","CHE+DHE","T21","24",0.458,24,"False"
"4441","2660","CHE+DHE","T21","24",0.271,24,"False"
"4442","2663","CHE+DHE","T21","24",0.259,24,"False"
"4443","2665","CHE+DHE","T21","24",0.366,24,"False"
"4444","2666","CHE+DHE","T21","24",0.4,24,"False"
"4445","2667","CHE+DHE","T21","24",0.261,24,"True"
"4446","2672","CHE+DHE","T21","24",0.268,24,"False"
"4447","2673","CHE+DHE","T21","24",0.245,24,"False"
"4448","2674","CHE+DHE","T21","24",0.21,24,"True"
"4449","2678","CHE+DHE","T21","24",0.139,24,"False"
"4450","2683","CHE+DHE","T21","24",0.994,24,"False"
"4451","2685","CHE+DHE","T21","24",0.097,24,"False"
"4452","2687","CHE+DHE","T21","24",0.062,24,"True"
"4453","2689","CHE+DHE","T21","24",0.022,24,"False"
"4454","2751","CWT+DWT","T27","24",0.288,24,"False"
"4455","2752","CWT+DWT","T27","24",0.273,24,"False"
"4456","2753","CWT+DWT","T27","24",0.292,24,"False"
"4457","2758","CWT+DWT","T27","24",0.189,24,"True"
"4458","2759","CWT+DWT","T27","24",0.27,24,"False"
"4459","2761","CWT+DWT","T27","24",0.163,24,"False"
"4460","2764","CWT+DWT","T27","24",0.451,24,"False"
"4461","2765","CWT+DWT","T27","24",0.211,24,"False"
"4462","2766","CWT+DWT","T27","24",0.177,24,"False"
"4463","2768","CWT+DWT","T27","24",0.2,24,"False"
"4464","2769","CWT+DWT","T27","24",0.332,24,"False"
"4465","2770","CWT+DWT","T27","24",0.254,24,"False"
"4466","2771","CWT+DWT","T27","24",0.392,24,"False"
"4467","2772","CWT+DWT","T27","24",0.179,24,"False"
"4468","2777","CWT+DWT","T27","24",0.282,24,"False"
"4469","2778","CWT+DWT","T27","24",0.513,24,"False"
"4470","2784","CWT+DWT","T27","24",0.249,24,"False"
"4471","2785","CWT+DWT","T27","24",0.181,24,"False"
"4472","2787","CWT+DWT","T27","24",0.512,24,"False"
"4473","2789","CWT+DWT","T27","24",0.119,24,"False"
"4474","2790","CWT+DWT","T27","24",0.071,24,"True"
"4475","2798","CWT+DWT","T27","24",0.285,24,"False"
"4476","2800","CWT+DWT","T27","24",0.299,24,"False"
"4477","2803","CWT+DWT","T27","24",0.107,24,"False"
"4478","2804","CWT+DWT","T27","24",0.311,24,"False"
"4479","2805","CWT+DWT","T27","24",0.064,24,"False"
"4480","2806","CWT+DWT","T27","24",0.148,24,"False"
"4481","2807","CWT+DWT","T27","24",0.172,24,"False"
"4482","2808","CWT+DWT","T27","24",0.219,24,"False"
"4483","2809","CWT+DWT","T27","24",0.232,24,"False"
"4484","2811","CWT+DWT","T27","24",0.382,24,"False"
"4485","2812","CWT+DWT","T27","24",0.247,24,"False"
"4486","2815","CWT+DWT","T27","24",0.106,24,"False"
"4487","2816","CWT+DWT","T27","24",0.2,24,"False"
"4488","2817","CWT+DWT","T27","24",0.203,24,"True"
"4489","2818","CWT+DWT","T27","24",0.267,24,"True"
"4490","2819","CWT+DWT","T27","24",0.273,24,"False"
"4491","2820","CWT+DWT","T27","24",0.403,24,"False"
"4492","2821","CWT+DWT","T27","24",0.393,24,"True"
"4493","2822","CWT+DWT","T27","24",0.225,24,"False"
"4494","2823","CWT+DWT","T27","24",0.073,24,"True"
"4495","2825","CWT+DWT","T27","24",0.103,24,"False"
"4496","2826","CWT+DWT","T27","24",0.157,24,"False"
"4497","2864","DWT","T18","24",0.116,24,"False"
"4498","2866","DWT","T18","24",0.164,24,"False"
"4499","2869","DWT","T18","24",0.287,24,"False"
"4500","2870","DWT","T18","24",0.354,24,"False"
"4501","2872","DWT","T18","24",0.138,24,"False"
"4502","2874","DWT","T18","24",0.125,24,"False"
"4503","2875","DWT","T18","24",0.067,24,"False"
"4504","2876","DWT","T18","24",0.186,24,"False"
"4505","2877","DWT","T18","24",0.191,24,"False"
"4506","2880","DWT","T18","24",0.289,24,"False"
"4507","2881","DWT","T18","24",0.242,24,"False"
"4508","2882","DWT","T18","24",0.212,24,"False"
"4509","2883","DWT","T18","24",0.224,24,"False"
"4510","2884","DWT","T18","24",0.339,24,"False"
"4511","2887","DWT","T18","24",0.247,24,"False"
"4512","2888","DWT","T18","24",0.283,24,"False"
"4513","2898","DWT","T18","24",0.375,24,"False"
"4514","2899","DWT","T18","24",0.198,24,"False"
"4515","2900","DWT","T18","24",0.399,24,"False"
"4516","2906","DWT","T18","24",0.224,24,"False"
"4517","2907","DWT","T18","24",0.219,24,"False"
"4518","2908","DWT","T18","24",0.312,24,"False"
"4519","2909","DWT","T18","24",0.383,24,"False"
"4520","2910","DWT","T18","24",0.25,24,"False"
"4521","2912","DWT","T18","24",0.329,24,"False"
"4522","2918","DWT","T18","24",0.223,24,"True"
"4523","2929","DWT","T18","24",0.328,24,"False"
"4524","2935","DWT","T18","24",0.332,24,"False"
"4525","2952","DWT","T18","24",0.247,24,"False"
"4526","2953","DWT","T18","24",0.238,24,"False"
"4527","2956","DWT","T18","24",0.347,24,"False"
"4528","2958","DWT","T18","24",0.315,24,"True"
"4529","2960","DWT","T18","24",0.193,24,"False"
"4530","2961","DWT","T18","24",0.067,24,"True"
"4531","2963","DWT","T18","24",0.109,24,"False"
"4532","2964","DWT","T18","24",0.178,24,"False"
"4533","2965","DWT","T18","24",0.283,24,"False"
"4534","2966","DWT","T18","24",0.143,24,"False"
"4535","2972","DWT","T18","24",0.34,24,"False"
"4536","2973","DWT","T18","24",0.294,24,"False"
"4537","2974","DWT","T18","24",0.48,24,"False"
"4538","2975","DWT","T18","24",0.372,24,"False"
"4539","2976","DWT","T18","24",0.37,24,"False"
"4540","2979","DWT","T18","24",0.222,24,"False"
"4541","2989","DWT","T18","24",0.336,24,"False"
"4542","2991","DWT","T18","24",0.328,24,"True"
"4543","2992","DWT","T18","24",0.274,24,"False"
"4544","2993","DWT","T18","24",0.305,24,"False"
"4545","2994","DWT","T18","24",0.286,24,"False"
"4546","2995","DWT","T18","24",0.317,24,"False"
"4547","2997","DWT","T18","24",0.137,24,"False"
"4548","3001","DWT","T18","24",0.059,24,"True"
"4549","3002","DWT","T18","24",0.298,24,"False"
"4550","3003","DWT","T18","24",0.35,24,"False"
"4551","3004","DWT","T18","24",0.119,24,"False"
"4552","3151","DHE","T24","24",0.355,24,"True"
"4553","3157","DHE","T24","24",0.268,24,"False"
"4554","3158","DHE","T24","24",0.558,24,"False"
"4555","3159","DHE","T24","24",0.305,24,"False"
"4556","3163","DHE","T24","24",0.346,24,"False"
"4557","3165","DHE","T24","24",0.166,24,"False"
"4558","3166","DHE","T24","24",0.398,24,"False"
"4559","3167","DHE","T24","24",0.084,24,"False"
"4560","3169","DHE","T24","24",0.489,24,"True"
"4561","3171","DHE","T24","24",0.397,24,"True"
"4562","3178","DHE","T24","24",0.143,24,"False"
"4563","3180","DHE","T24","24",0.308,24,"False"
"4564","3181","DHE","T24","24",0.166,24,"False"
"4565","3182","DHE","T24","24",0.471,24,"False"
"4566","3186","DHE","T24","24",0.23,24,"False"
"4567","3187","DHE","T24","24",0.316,24,"True"
"4568","3188","DHE","T24","24",0.224,24,"False"
"4569","3189","DHE","T24","24",0.297,24,"False"
"4570","3190","DHE","T24","24",0.187,24,"False"
"4571","3191","DHE","T24","24",0.281,24,"False"
"4572","3192","DHE","T24","24",0.307,24,"False"
"4573","3196","DHE","T24","24",0.163,24,"False"
"4574","3197","DHE","T24","24",0.216,24,"False"
"4575","3198","DHE","T24","24",0.415,24,"False"
"4576","3199","DHE","T24","24",0.123,24,"False"
"4577","3200","DHE","T24","24",0.229,24,"False"
"4578","3203","DHE","T24","24",0.327,24,"False"
"4579","3204","DHE","T24","24",0.217,24,"True"
"4580","3205","DHE","T24","24",0.263,24,"False"
"4581","3207","DHE","T24","24",0.282,24,"False"
"4582","3208","DHE","T24","24",0.173,24,"False"
"4583","3209","DHE","T24","24",0.275,24,"True"
"4584","3210","DHE","T24","24",0.396,24,"False"
"4585","3211","DHE","T24","24",0.149,24,"True"
"4586","3213","DHE","T24","24",0.301,24,"False"
"4587","3219","DHE","T24","24",0.332,24,"False"
"4588","3222","DHE","T24","24",0.177,24,"False"
"4589","3223","DHE","T24","24",0.186,24,"True"
"4590","3224","DHE","T24","24",0.401,24,"False"
"4591","3225","DHE","T24","24",0.439,24,"False"
"4592","3228","DHE","T24","24",0.171,24,"False"
"4593","3229","DHE","T24","24",0.342,24,"False"
"4594","3231","DHE","T24","24",0.386,24,"False"
"4595","3232","DHE","T24","24",0.285,24,"True"
"4596","3240","DHE","T24","24",0.238,24,"False"
"4597","3244","DHE","T24","24",0.306,24,"True"
"4598","3246","DHE","T24","24",0.271,24,"False"
"4599","3250","DHE","T24","24",0.324,24,"True"
"4600","3258","DHE","T24","24",0.352,24,"False"
"4601","3259","DHE","T24","24",0.237,24,"False"
"4602","3261","DHE","T24","24",0.352,24,"False"
"4603","3262","DHE","T24","24",0.399,24,"True"
"4604","3263","DHE","T24","24",0.138,24,"True"
"4605","3264","DHE","T24","24",0.184,24,"True"
"4606","3265","DHE","T24","24",0.393,24,"False"
"4607","3269","DHE","T24","24",0.463,24,"False"
"4608","3271","DHE","T24","24",0.395,24,"True"
"4609","3272","DHE","T24","24",0.322,24,"False"
"4610","3273","DHE","T24","24",0.201,24,"False"
"4611","3274","DHE","T24","24",0.156,24,"False"
"4612","3275","DHE","T24","24",0.086,24,"True"
"4613","3276","DHE","T24","24",0.198,24,"True"
"4614","3279","DHE","T24","24",0.32,24,"True"
"4615","3280","DHE","T24","24",0.276,24,"True"
"4616","3281","DHE","T24","24",0.329,24,"False"
"4617","3288","DHE","T24","24",0.248,24,"True"
"4618","3292","DHE","T24","24",0.426,24,"False"
"4619","3293","DHE","T24","24",0.341,24,"False"
"4620","3294","DHE","T24","24",0.287,24,"False"
"4621","3295","DHE","T24","24",0.402,24,"False"
"4622","3304","DHE","T24","24",0.497,24,"False"
"4623","3305","DHE","T24","24",0.18,24,"False"
"4624","3306","DHE","T24","24",0.39,24,"False"
"4625","3307","DHE","T24","24",0.32,24,"False"
"4626","3309","DHE","T24","24",0.381,24,"False"
"4627","3310","DHE","T24","24",0.28,24,"False"
"4628","3311","DHE","T24","24",0.096,24,"False"
"4629","3312","DHE","T24","24",0.293,24,"True"
"4630","3313","DHE","T24","24",0.544,24,"False"
"4631","3314","DHE","T24","24",0.255,24,"True"
"4632","3315","DHE","T24","24",0.261,24,"False"
"4633","3316","DHE","T24","24",0.29,24,"False"
"4634","3317","DHE","T24","24",0.248,24,"True"
"4635","3319","DHE","T24","24",0.369,24,"False"
"4636","3322","DHE","T24","24",0.305,24,"False"
"4637","3323","DHE","T24","24",0.347,24,"False"
"4638","3324","DHE","T24","24",0.403,24,"False"
"4639","3329","DHE","T24","24",0.237,24,"False"
"4640","3345","DHE","T24","24",0.235,24,"False"
"4641","3005","CWT+DWT","T26","24",0.316,24,"False"
"4642","3006","CWT+DWT","T26","24",0.211,24,"False"
"4643","3011","CWT+DWT","T26","24",0.401,24,"False"
"4644","3012","CWT+DWT","T26","24",0.056,24,"False"
"4645","3013","CWT+DWT","T26","24",0.297,24,"False"
"4646","3016","CWT+DWT","T26","24",0.14,24,"False"
"4647","3017","CWT+DWT","T26","24",0.283,24,"False"
"4648","3018","CWT+DWT","T26","24",0.341,24,"False"
"4649","3019","CWT+DWT","T26","24",0.373,24,"False"
"4650","3020","CWT+DWT","T26","24",0.193,24,"False"
"4651","3021","CWT+DWT","T26","24",0.188,24,"False"
"4652","3024","CWT+DWT","T26","24",0.417,24,"False"
"4653","3025","CWT+DWT","T26","24",0.45,24,"False"
"4654","3026","CWT+DWT","T26","24",0.246,24,"False"
"4655","3028","CWT+DWT","T26","24",0.331,24,"False"
"4656","3029","CWT+DWT","T26","24",0.365,24,"False"
"4657","3030","CWT+DWT","T26","24",0.298,24,"False"
"4658","3031","CWT+DWT","T26","24",0.077,24,"False"
"4659","3032","CWT+DWT","T26","24",0.319,24,"False"
"4660","3033","CWT+DWT","T26","24",0.387,24,"False"
"4661","3034","CWT+DWT","T26","24",0.273,24,"False"
"4662","3035","CWT+DWT","T26","24",0.421,24,"False"
"4663","3037","CWT+DWT","T26","24",0.342,24,"False"
"4664","3045","CWT+DWT","T26","24",0.292,24,"False"
"4665","3048","CWT+DWT","T26","24",0.337,24,"False"
"4666","3049","CWT+DWT","T26","24",0.404,24,"False"
"4667","3052","CWT+DWT","T26","24",0.343,24,"False"
"4668","3053","CWT+DWT","T26","24",0.119,24,"False"
"4669","3056","CWT+DWT","T26","24",0.261,24,"False"
"4670","3057","CWT+DWT","T26","24",0.259,24,"False"
"4671","3058","CWT+DWT","T26","24",0.121,24,"False"
"4672","3060","CWT+DWT","T26","24",0.221,24,"False"
"4673","3061","CWT+DWT","T26","24",0.279,24,"False"
"4674","3062","CWT+DWT","T26","24",0.178,24,"False"
"4675","3064","CWT+DWT","T26","24",0.192,24,"False"
"4676","3065","CWT+DWT","T26","24",0.491,24,"False"
"4677","3066","CWT+DWT","T26","24",0.271,24,"False"
"4678","3067","CWT+DWT","T26","24",0.079,24,"True"
"4679","3068","CWT+DWT","T26","24",0.256,24,"False"
"4680","3069","CWT+DWT","T26","24",0.329,24,"False"
"4681","3070","CWT+DWT","T26","24",0.103,24,"True"
"4682","3071","CWT+DWT","T26","24",0.292,24,"False"
"4683","3072","CWT+DWT","T26","24",0.184,24,"False"
"4684","3073","CWT+DWT","T26","24",0.347,24,"False"
"4685","3074","CWT+DWT","T26","24",0.199,24,"False"
"4686","3075","CWT+DWT","T26","24",0.197,24,"False"
"4687","3076","CWT+DWT","T26","24",0.258,24,"False"
"4688","3077","CWT+DWT","T26","24",0.22,24,"False"
"4689","3078","CWT+DWT","T26","24",0.275,24,"False"
"4690","3079","CWT+DWT","T26","24",0.205,24,"False"
"4691","3080","CWT+DWT","T26","24",0.166,24,"False"
"4692","3081","CWT+DWT","T26","24",0.184,24,"False"
"4693","3082","CWT+DWT","T26","24",0.185,24,"False"
"4694","3083","CWT+DWT","T26","24",0.297,24,"False"
"4695","3084","CWT+DWT","T26","24",0.228,24,"False"
"4696","3085","CWT+DWT","T26","24",0.318,24,"False"
"4697","3086","CWT+DWT","T26","24",0.343,24,"False"
"4698","3087","CWT+DWT","T26","24",0.257,24,"False"
"4699","3088","CWT+DWT","T26","24",0.161,24,"False"
"4700","3089","CWT+DWT","T26","24",0.163,24,"False"
"4701","3090","CWT+DWT","T26","24",0.274,24,"False"
"4702","3093","CWT+DWT","T26","24",0.337,24,"False"
"4703","3094","CWT+DWT","T26","24",0.341,24,"False"
"4704","3098","CWT+DWT","T26","24",0.429,24,"False"
"4705","3099","CWT+DWT","T26","24",0.193,24,"False"
"4706","3100","CWT+DWT","T26","24",0.087,24,"False"
"4707","3107","CWT+DWT","T26","24",0.292,24,"False"
"4708","3108","CWT+DWT","T26","24",0.198,24,"False"
"4709","3110","CWT+DWT","T26","24",0.22,24,"False"
"4710","3122","CWT+DWT","T26","24",0.21,24,"False"
"4711","3128","CWT+DWT","T26","24",0.318,24,"False"
"4712","3129","CWT+DWT","T26","24",0.197,24,"False"
"4713","3133","CWT+DWT","T26","24",0.242,24,"False"
"4714","3134","CWT+DWT","T26","24",0.541,24,"False"
"4715","3135","CWT+DWT","T26","24",0.374,24,"False"
"4716","3143","CWT+DWT","T26","24",0.167,24,"False"
"4717","3144","CWT+DWT","T26","24",0.376,24,"True"
"4718","3145","CWT+DWT","T26","24",0.146,24,"False"
"4719","3147","CWT+DWT","T26","24",0.164,24,"False"
"4720","3150","CWT+DWT","T26","24",0.61,24,"False"
"4721","3365","CWT+DWT","T26","24",0.291,24,"False"
"4722","3467","CWT","T19","24",0.069,24,"False"
"4723","3468","CWT","T19","24",0.143,24,"False"
"4724","3469","CWT","T19","24",0.182,24,"False"
"4725","3470","CWT","T19","24",0.149,24,"False"
"4726","3471","CWT","T19","24",0.245,24,"True"
"4727","3474","CWT","T19","24",0.112,24,"False"
"4728","3475","CWT","T19","24",0.08,24,"True"
"4729","3476","CWT","T19","24",0.157,24,"True"
"4730","3477","CWT","T19","24",0.139,24,"False"
"4731","3478","CWT","T19","24",0.147,24,"False"
"4732","3479","CWT","T19","24",0.149,24,"False"
"4733","3483","CWT","T19","24",0.111,24,"False"
"4734","3484","CWT","T19","24",0.151,24,"True"
"4735","3485","CWT","T19","24",0.133,24,"False"
"4736","3486","CWT","T19","24",0.104,24,"False"
"4737","3488","CWT","T19","24",0.148,24,"False"
"4738","3490","CWT","T19","24",0.183,24,"True"
"4739","3491","CWT","T19","24",0.116,24,"False"
"4740","3492","CWT","T19","24",0.089,24,"False"
"4741","3494","CWT","T19","24",0.05,24,"False"
"4742","3495","CWT","T19","24",0.16,24,"False"
"4743","3496","CWT","T19","24",0.106,24,"False"
"4744","3497","CWT","T19","24",0.084,24,"False"
"4745","3503","CWT","T19","24",0.153,24,"False"
"4746","3504","CWT","T19","24",0.099,24,"False"
"4747","3505","CWT","T19","24",0.123,24,"False"
"4748","3401","CHE+DWT","T28","24",0.242,24,"False"
"4749","3402","CHE+DWT","T28","24",0.236,24,"False"
"4750","3403","CHE+DWT","T28","24",0.407,24,"True"
"4751","3405","CHE+DWT","T28","24",0.267,24,"True"
"4752","3409","CHE+DWT","T28","24",0.324,24,"False"
"4753","3411","CHE+DWT","T28","24",0.154,24,"False"
"4754","3419","CHE+DWT","T28","24",0.277,24,"False"
"4755","3423","CHE+DWT","T28","24",0.265,24,"False"
"4756","3424","CHE+DWT","T28","24",0.09,24,"True"
"4757","3430","CHE+DWT","T28","24",0.226,24,"False"
"4758","3440","CHE+DWT","T28","24",0.281,24,"False"
"4759","3441","CHE+DWT","T28","24",0.251,24,"False"
"4760","3445","CHE+DWT","T28","24",0.333,24,"False"
"4761","3512","CHE+DWT","T29","24",0.267,24,"False"
"4762","3514","CHE+DWT","T29","24",0.388,24,"True"
"4763","3516","CHE+DWT","T29","24",0.364,24,"False"
"4764","3517","CHE+DWT","T29","24",0.548,24,"False"
"4765","3518","CHE+DWT","T29","24",0.251,24,"True"
"4766","3519","CHE+DWT","T29","24",0.491,24,"False"
"4767","3520","CHE+DWT","T29","24",0.377,24,"False"
"4768","3521","CHE+DWT","T29","24",0.448,24,"False"
"4769","3525","CHE+DWT","T29","24",0.207,24,"False"
"4770","3526","CHE+DWT","T29","24",0.265,24,"False"
"4771","3527","CHE+DWT","T29","24",0.426,24,"True"
"4772","3528","CHE+DWT","T29","24",0.413,24,"False"
"4773","3529","CHE+DWT","T29","24",0.297,24,"False"
"4774","3530","CHE+DWT","T29","24",0.303,24,"False"
"4775","3532","CHE+DWT","T29","24",0.135,24,"True"
"4776","3533","CHE+DWT","T29","24",0.048,24,"False"
"4777","3534","CHE+DWT","T29","24",0.225,24,"False"
"4778","3537","CHE+DWT","T29","24",0.193,24,"False"
"4779","3539","CHE+DWT","T29","24",0.474,24,"False"
"4780","3540","CHE+DWT","T29","24",0.363,24,"True"
"4781","3541","CHE+DWT","T29","24",0.108,24,"False"
"4782","3542","CHE+DWT","T29","24",0.129,24,"True"
"4783","3543","CHE+DWT","T29","24",0.246,24,"False"
"4784","3544","CHE+DWT","T29","24",0.322,24,"True"
"4785","3547","CHE+DWT","T29","24",0.308,24,"False"
"4786","3548","CHE+DWT","T29","24",0.346,24,"False"
"4787","3549","CHE+DWT","T29","24",0.207,24,"True"
"4788","3550","CHE+DWT","T29","24",0.231,24,"True"
"4789","3552","CHE+DWT","T29","24",0.068,24,"False"
"4790","3554","CHE+DWT","T29","24",0.38,24,"False"
"4791","3556","CHE+DWT","T29","24",0.39,24,"False"
"4792","3557","CHE+DWT","T29","24",0.158,24,"True"
"4793","3558","CHE+DWT","T29","24",0.581,24,"True"
"4794","3559","CHE+DWT","T29","24",0.205,24,"True"
"4795","3560","CHE+DWT","T29","24",0.111,24,"True"
"4796","3561","CHE+DWT","T29","24",0.259,24,"False"
"4797","3562","CHE+DWT","T29","24",0.321,24,"False"
"4798","3564","CHE+DWT","T29","24",0.183,24,"False"
"4799","3565","CHE+DWT","T29","24",0.087,24,"False"
"4800","3566","CHE+DWT","T29","24",0.336,24,"False"
"4801","3568","CHE+DWT","T29","24",0.207,24,"False"
"4802","3569","CHE+DWT","T29","24",0.292,24,"False"
"4803","3570","CHE+DWT","T29","24",0.288,24,"False"
"4804","3571","CHE+DWT","T29","24",0.157,24,"True"
"4805","3574","CHE+DWT","T29","24",0.095,24,"True"
"4806","3575","CHE+DWT","T29","24",0.255,24,"False"
"4807","2128","CWT+DWT","T8","24",0.295,24,"False"
"4808","2129","CWT+DWT","T8","24",0.218,24,"False"
"4809","2130","CWT+DWT","T8","24",0.479,24,"False"
"4810","2131","CWT+DWT","T8","24",0.238,24,"False"
"4811","2132","CWT+DWT","T8","24",0.423,24,"False"
"4812","2133","CWT+DWT","T8","24",0.419,24,"False"
"4813","2134","CWT+DWT","T8","24",0.159,24,"False"
"4814","2135","CWT+DWT","T8","24",0.201,24,"False"
"4815","2136","CWT+DWT","T8","24",0.364,24,"False"
"4816","2137","CWT+DWT","T8","24",0.315,24,"False"
"4817","2138","CWT+DWT","T8","24",0.286,24,"False"
"4818","2139","CWT+DWT","T8","24",0.189,24,"False"
"4819","2142","CWT+DWT","T8","24",0.247,24,"False"
"4820","2145","CWT+DWT","T8","24",0.178,24,"False"
"4821","2148","CWT+DWT","T8","24",0.275,24,"False"
"4822","2151","CWT+DWT","T8","24",0.239,24,"False"
"4823","2152","CWT+DWT","T8","24",0.406,24,"False"
"4824","2153","CWT+DWT","T8","24",0.25,24,"False"
"4825","2154","CWT+DWT","T8","24",0.33,24,"False"
"4826","2156","CWT+DWT","T8","24",0.174,24,"True"
"4827","2157","CWT+DWT","T8","24",0.054,24,"False"
"4828","2158","CWT+DWT","T8","24",0.459,24,"False"
"4829","2159","CWT+DWT","T8","24",0.115,24,"False"
"4830","2160","CWT+DWT","T8","24",0.397,24,"False"
"4831","2161","CWT+DWT","T8","24",0.401,24,"False"
"4832","2163","CWT+DWT","T8","24",0.201,24,"False"
"4833","2164","CWT+DWT","T8","24",0.33,24,"False"
"4834","2165","CWT+DWT","T8","24",0.16,24,"False"
"4835","2166","CWT+DWT","T8","24",0.174,24,"False"
"4836","2169","CWT+DWT","T8","24",0.098,24,"False"
"4837","2170","CWT+DWT","T8","24",0.286,24,"False"
"4838","2171","CWT+DWT","T8","24",0.477,24,"False"
"4839","2172","CWT+DWT","T8","24",0.45,24,"False"
"4840","2173","CWT+DWT","T8","24",0.306,24,"False"
"4841","2175","CWT+DWT","T8","24",0.158,24,"False"
"4842","2179","CWT+DWT","T8","24",0.361,24,"False"
"4843","2181","CWT+DWT","T8","24",0.288,24,"False"
"4844","2183","CWT+DWT","T8","24",0.223,24,"False"
"4845","2184","CWT+DWT","T8","24",0.412,24,"False"
"4846","2185","CWT+DWT","T8","24",0.153,24,"False"
"4847","2186","CWT+DWT","T8","24",0.155,24,"False"
"4848","2187","CWT+DWT","T8","24",0.124,24,"True"
"4849","2188","CWT+DWT","T8","24",0.23,24,"False"
"4850","2189","CWT+DWT","T8","24",0.17,24,"False"
"4851","2190","CWT+DWT","T8","24",0.197,24,"False"
"4852","2191","CWT+DWT","T8","24",0.19,24,"False"
"4853","2193","CWT+DWT","T8","24",0.351,24,"False"
"4854","2194","CWT+DWT","T8","24",0.28,24,"False"
"4855","2220","CWT+DWT","T8","24",0.241,24,"False"
"4856","2222","CWT+DWT","T8","24",0.034,24,"False"
"4857","2223","CWT+DWT","T8","24",0.068,24,"False"
"4858","2224","CWT+DWT","T8","24",0.101,24,"False"
"4859","2225","CWT+DWT","T8","24",0.227,24,"False"
"4860","3595","DWT","T25","24",0.204,24,"False"
"4861","3596","DWT","T25","24",0.566,24,"False"
"4862","3597","DWT","T25","24",0.183,24,"False"
"4863","3598","DWT","T25","24",0.257,24,"False"
"4864","3599","DWT","T25","24",0.093,24,"True"
"4865","3600","DWT","T25","24",0.138,24,"False"
"4866","3602","DWT","T25","24",0.269,24,"True"
"4867","3603","DWT","T25","24",0.244,24,"False"
"4868","3604","DWT","T25","24",0.12,24,"False"
"4869","3605","DWT","T25","24",0.302,24,"False"
"4870","3608","DWT","T25","24",0.305,24,"False"
"4871","3609","DWT","T25","24",0.142,24,"True"
"4872","3611","DWT","T25","24",0.43,24,"False"
"4873","3612","DWT","T25","24",0.39,24,"False"
"4874","3613","DWT","T25","24",0.325,24,"False"
"4875","3614","DWT","T25","24",0.263,24,"False"
"4876","3616","DWT","T25","24",0.133,24,"False"
"4877","3621","DWT","T25","24",0.204,24,"False"
"4878","3622","DWT","T25","24",0.471,24,"False"
"4879","3623","DWT","T25","24",0.549,24,"False"
"4880","3624","DWT","T25","24",0.598,24,"False"
"4881","3625","DWT","T25","24",0.723,24,"False"
"4882","3626","DWT","T25","24",0.431,24,"False"
"4883","3627","DWT","T25","24",0.08,24,"False"
"4884","3628","DWT","T25","24",0.418,24,"False"
"4885","3629","DWT","T25","24",0.471,24,"True"
"4886","3630","DWT","T25","24",0.526,24,"False"
"4887","3631","DWT","T25","24",0.206,24,"False"
"4888","3632","DWT","T25","24",0.382,24,"False"
"4889","3633","DWT","T25","24",0.106,24,"False"
"4890","3634","DWT","T25","24",0.36,24,"False"
"4891","3636","DWT","T25","24",0.227,24,"True"
"4892","3637","DWT","T25","24",0.512,24,"False"
"4893","3638","DWT","T25","24",0.328,24,"False"
"4894","3639","DWT","T25","24",0.17,24,"False"
"4895","3640","DWT","T25","24",0.45,24,"False"
"4896","3641","DWT","T25","24",0.588,24,"False"
"4897","3642","DWT","T25","24",0.405,24,"False"
"4898","3643","DWT","T25","24",0.142,24,"True"
"4899","3644","DWT","T25","24",0.27,24,"False"
"4900","3645","DWT","T25","24",0.382,24,"False"
"4901","3656","CWT+DHE","T23","24",0.173,24,"False"
"4902","3658","CWT+DHE","T23","24",0.104,24,"True"
"4903","3659","CWT+DHE","T23","24",0.148,24,"True"
"4904","3660","CWT+DHE","T23","24",0.181,24,"False"
"4905","3662","CWT+DHE","T23","24",0.151,24,"False"
"4906","3663","CWT+DHE","T23","24",0.267,24,"False"
"4907","3664","CWT+DHE","T23","24",0.241,24,"False"
"4908","3665","CWT+DHE","T23","24",0.326,24,"False"
"4909","3666","CWT+DHE","T23","24",0.445,24,"False"
"4910","3667","CWT+DHE","T23","24",0.08,24,"False"
"4911","3668","CWT+DHE","T23","24",0.121,24,"False"
"4912","3669","CWT+DHE","T23","24",0.059,24,"False"
"4913","3670","CWT+DHE","T23","24",0.099,24,"False"
"4914","3673","CWT+DHE","T23","24",0.098,24,"False"
"4915","3674","CWT+DHE","T23","24",0.161,24,"False"
"4916","3677","CWT+DHE","T23","24",0.144,24,"False"
"4917","3678","CWT+DHE","T23","24",0.101,24,"False"
"4918","3679","CWT+DHE","T23","24",0.107,24,"False"
"4919","3680","CWT+DHE","T23","24",0.33,24,"False"
"4920","3682","CWT+DHE","T23","24",0.201,24,"False"
"4921","3683","CWT+DHE","T23","24",0.247,24,"False"
"4922","3684","CWT+DHE","T23","24",0.134,24,"False"
"4923","3685","CWT+DHE","T23","24",0.329,24,"False"
"4924","3686","CWT+DHE","T23","24",0.203,24,"False"
"4925","3688","CWT+DHE","T23","24",0.058,24,"True"
"4926","3689","CWT+DHE","T23","24",0.112,24,"False"
"4927","3690","CWT+DHE","T23","24",0.061,24,"False"
"4928","3691","CWT+DHE","T23","24",0.085,24,"False"
"4929","3692","CWT+DHE","T23","24",0.374,24,"False"
"4930","3693","CWT+DHE","T23","24",0.391,24,"False"
"4931","3694","CWT+DHE","T23","24",0.157,24,"False"
"4932","3695","CWT+DHE","T23","24",0.142,24,"False"
"4933","3696","CWT+DHE","T23","24",0.068,24,"False"
"4934","3697","CWT+DHE","T23","24",0.217,24,"False"
"4935","3698","CWT+DHE","T23","24",0.201,24,"False"
"4936","3699","CWT+DHE","T23","24",0.149,24,"False"
"4937","3700","CWT+DHE","T23","24",0.246,24,"False"
"4938","3704","CWT+DHE","T23","24",0.113,24,"True"
"4939","3709","CWT+DHE","T23","24",0.102,24,"False"
"4940","3710","CWT+DHE","T23","24",0.152,24,"False"
"4941","3711","CWT+DHE","T23","24",0.139,24,"False"
"4942","3712","CWT+DHE","T23","24",0.049,24,"False"
"4943","3713","CWT+DHE","T23","24",0.108,24,"False"
"4944","3714","CWT+DHE","T23","24",0.102,24,"False"
"4945","3715","CWT+DHE","T23","24",0.353,24,"False"
"4946","3718","CWT+DHE","T23","24",0.266,24,"False"
"4947","3719","CWT+DHE","T23","24",0.23,24,"False"
"4948","3720","CWT+DHE","T23","24",0.151,24,"False"
"4949","3721","CWT+DHE","T23","24",0.11,24,"False"
"4950","3722","CWT+DHE","T23","24",0.432,24,"False"
"4951","3723","CWT+DHE","T23","24",0.287,24,"False"
"4952","3724","CWT+DHE","T23","24",0.252,24,"False"
"4953","3726","CWT+DHE","T23","24",0.129,24,"False"
"4954","3728","CWT+DHE","T23","24",0.115,24,"False"
"4955","3729","CWT+DHE","T23","24",0.197,24,"False"
"4956","3730","CWT+DHE","T23","24",0.111,24,"False"
"4957","3731","CWT+DHE","T23","24",0.183,24,"False"
"4958","3732","CWT+DHE","T23","24",0.121,24,"False"
"4959","3733","CWT+DHE","T23","24",0.064,24,"False"
"4960","3734","CWT+DHE","T23","24",0.142,24,"False"
"4961","3737","CWT+DHE","T23","24",0.132,24,"False"
"4962","3738","CWT+DHE","T23","24",0.333,24,"False"
"4963","3739","CWT+DHE","T23","24",0.246,24,"False"
"4964","3740","CWT+DHE","T23","24",0.134,24,"False"
"4965","3741","CWT+DHE","T23","24",0.209,24,"False"
"4966","3742","CWT+DHE","T23","24",0.119,24,"False"
"4967","3745","CWT+DHE","T23","24",0.135,24,"False"
"4968","3746","CWT+DHE","T23","24",0.268,24,"False"
"4969","3747","CWT+DHE","T23","24",0.096,24,"False"
"4970","3750","CWT+DHE","T23","24",0.291,24,"False"
"4971","3751","CWT+DHE","T23","24",0.195,24,"True"
"4972","3752","CWT+DHE","T23","24",0.308,24,"False"
"4973","3753","CWT+DHE","T23","24",0.131,24,"False"
"4974","3756","CWT+DHE","T23","24",0.401,24,"False"
"4975","3757","CWT+DHE","T23","24",0.37,24,"False"
"4976","3758","CWT+DHE","T23","24",0.135,24,"False"
"4977","3759","CWT+DHE","T23","24",0.291,24,"False"
"4978","3762","CWT+DHE","T23","24",0.141,24,"False"
"4979","3763","CWT+DHE","T23","24",0.243,24,"False"
"4980","3764","CWT+DHE","T23","24",0.446,24,"False"
"4981","3765","CWT+DHE","T23","24",0.209,24,"False"
"4982","3766","CWT+DHE","T23","24",0.157,24,"False"
"4983","3767","CWT+DHE","T23","24",0.131,24,"False"
"4984","3768","CWT+DHE","T23","24",0.178,24,"False"
"4985","3769","CWT+DHE","T23","24",0.106,24,"False"
"4986","3770","CWT+DHE","T23","24",0.341,24,"False"
"4987","3771","CWT+DHE","T23","24",0.252,24,"False"
"4988","3772","CWT+DHE","T23","24",0.124,24,"False"
"4989","3773","CWT+DHE","T23","24",0.47,24,"False"
"4990","3774","CWT+DHE","T23","24",0.283,24,"False"
"4991","3775","CWT+DHE","T23","24",0.171,24,"False"
"4992","3776","CWT+DHE","T23","24",0.16,24,"False"
"4993","3779","CWT+DHE","T23","24",0.271,24,"False"
"4994","3780","CWT+DHE","T23","24",0.393,24,"False"
"4995","3781","CWT+DHE","T23","24",0.272,24,"False"
"4996","3782","CWT+DHE","T23","24",0.149,24,"False"
"4997","3785","CWT+DHE","T23","24",0.178,24,"False"
"4998","3787","CWT+DHE","T23","24",0.372,24,"False"
"4999","3789","CWT+DHE","T23","24",0.258,24,"False"
"5000","3790","CWT+DHE","T23","24",0.292,24,"False"
"5001","3791","CWT+DHE","T23","24",0.444,24,"False"
"5002","3793","CWT+DHE","T23","24",0.247,24,"False"
"5003","3794","CWT+DHE","T23","24",0.063,24,"True"
"5004","3795","CWT+DHE","T23","24",0.081,24,"False"
"5005","3796","CWT+DHE","T23","24",0.192,24,"False"
"5006","3799","CWT+DHE","T23","24",0.373,24,"False"
"5007","3801","CWT+DHE","T23","24",0.126,24,"False"
"5008","3805","CWT+DHE","T23","24",0.146,24,"True"
"5009","3806","CWT+DHE","T23","24",0.099,24,"False"
"5010","3807","CWT+DHE","T23","24",0.272,24,"False"
"5011","3808","CWT+DHE","T23","24",0.329,24,"False"
"5012","3809","CWT+DHE","T23","24",0.205,24,"False"
"5013","3810","CWT+DHE","T23","24",0.45,24,"False"
"5014","3811","CWT+DHE","T23","24",0.333,24,"True"
"5015","3812","CWT+DHE","T23","24",0.322,24,"True"
"5016","3815","CWT+DHE","T23","24",0.281,24,"False"
"5017","3816","CWT+DHE","T23","24",0.1,24,"False"
"5018","3817","CWT+DHE","T23","24",0.131,24,"False"
"5019","3819","CWT+DHE","T23","24",0.457,24,"False"
"5020","3834","CWT+DHE","T23","24",0.48,24,"False"
"5021","3835","CWT+DHE","T23","24",0.344,24,"False"
"5022","3840","CWT+DHE","T23","24",0.388,24,"False"
"5023","3843","CWT+DHE","T23","24",0.483,24,"False"
"5024","3850","CWT+DHE","T23","24",0.343,24,"False"
"5025","3853","CWT+DHE","T23","24",0.302,24,"False"
"5026","3854","CWT+DHE","T23","24",0.464,24,"False"
"5027","3855","CWT+DHE","T23","24",0.098,24,"False"
"5028","3856","CWT+DHE","T23","24",0.235,24,"False"
"5029","3857","CWT+DHE","T23","24",0.123,24,"False"
"5030","3858","CWT+DHE","T23","24",0.345,24,"False"
"5031","3859","CWT+DHE","T23","24",0.489,24,"False"
"5032","3862","CWT+DHE","T23","24",0.264,24,"False"
"5033","3863","CWT+DHE","T23","24",0.378,24,"False"
"5034","3864","CWT+DHE","T23","24",0.16,24,"False"
"5035","3865","CWT+DHE","T23","24",0.15,24,"False"
"5036","3866","CWT+DHE","T23","24",0.503,24,"False"
"5037","3868","CWT+DHE","T23","24",0.11,24,"True"
"5038","3869","CWT+DHE","T23","24",0.053,24,"False"
"5039","3896","CHE","T30","24",0.22,24,"False"
"5040","3897","CHE","T30","24",0.116,24,"True"
"5041","3903","CHE","T30","24",0.251,24,"False"
"5042","3904","CHE","T30","24",0.098,24,"False"
"5043","3905","CHE","T30","24",0.096,24,"True"
"5044","3906","CHE","T30","24",0.057,24,"True"
"5045","3909","CHE","T30","24",0.081,24,"True"
"5046","3911","CHE","T30","24",0.069,24,"True"
"5047","3912","CHE","T30","24",0.072,24,"False"
"5048","3913","CHE","T30","24",0.152,24,"True"
"5049","3915","CHE","T30","24",0.117,24,"False"
"5050","3916","CHE","T30","24",0.145,24,"True"
"5051","3917","CHE","T30","24",0.234,24,"False"
"5052","3918","CHE","T30","24",0.167,24,"True"
"5053","3920","CHE","T30","24",0.142,24,"False"
"5054","3921","CHE","T30","24",0.064,24,"False"
"5055","3922","CHE","T30","24",0.081,24,"False"
"5056","3923","CHE","T30","24",0.234,24,"False"
"5057","3924","CHE","T30","24",0.071,24,"False"
"5058","3927","CHE","T30","24",0.132,24,"True"
"5059","3928","CHE","T30","24",0.138,24,"False"
"5060","3929","CHE","T30","24",0.125,24,"False"
"5061","3934","CHE","T30","24",0.139,24,"True"
"5062","3936","CHE","T30","24",0.161,24,"True"
"5063","3937","CHE","T30","24",0.062,24,"False"
"5064","3938","CHE","T30","24",0.141,24,"False"
"5065","3940","CHE","T30","24",0.046,24,"False"
"5066","3941","CHE","T30","24",0.125,24,"False"
"5067","3942","CHE","T30","24",0.134,24,"False"
"5068","3945","CHE","T30","24",0.143,24,"False"
"5069","3946","CHE","T30","24",0.121,24,"False"
"5070","3949","CHE","T30","24",0.22,24,"True"
"5071","3953","CHE","T30","24",0.036,24,"False"
"5072","31","CWT+DHE","T1","38",0.283,38,"False"
"5073","52","CWT+DHE","T1","38",0.578,38,"False"
"5074","53","CWT+DHE","T1","38",0.942,38,"False"
"5075","65","CWT+DHE","T1","38",0.301,38,"False"
"5076","78","CWT+DHE","T1","38",0.287,38,"False"
"5077","79","CWT+DHE","T1","38",0.146,38,"False"
"5078","80","CWT+DHE","T1","38",0.348,38,"False"
"5079","81","CWT+DHE","T1","38",0.466,38,"False"
"5080","117","CWT+DHE","T1","38",0.518,38,"False"
"5081","132","CWT+DHE","T1","38",0.572,38,"False"
"5082","137","CWT+DHE","T1","38",0.508,38,"False"
"5083","156","CWT+DHE","T1","38",0.836,38,"False"
"5084","157","CWT+DHE","T1","38",0.495,38,"False"
"5085","1000","CWT+DHE","T1","38",0.402,38,"False"
"5086","1003","CWT+DHE","T1","38",0.335,38,"False"
"5087","1008","CWT+DHE","T1","38",0.364,38,"True"
"5088","164","CWT","T2","38",0.533,38,"False"
"5089","165a","CWT","T2","38",0.233,38,"False"
"5090","165b","CWT","T2","38",0.289,38,"False"
"5091","168","CWT","T2","38",0.671,38,"False"
"5092","183","CWT","T2","38",0.419,38,"False"
"5093","187","CWT","T2","38",0.408,38,"False"
"5094","222","CWT","T2","38",0.22,38,"False"
"5095","250","CWT","T2","38",0.385,38,"False"
"5096","1026","CWT","T2","38",0.171,38,"True"
"5097","1029","CWT","T2","38",0.192,38,"False"
"5098","1033","CWT","T2","38",0.318,38,"False"
"5099","1034","CWT","T2","38",0.265,38,"False"
"5100","1035","CWT","T2","38",0.489,38,"False"
"5101","1038","CWT","T2","38",0.205,38,"False"
"5102","1040","CWT","T2","38",0.323,38,"False"
"5103","1042","CWT","T2","38",0.154,38,"False"
"5104","1045","CWT","T2","38",0.344,38,"False"
"5105","1047","CWT","T2","38",0.334,38,"True"
"5106","1048","CWT","T2","38",0.184,38,"True"
"5107","1049","CWT","T2","38",0.294,38,"False"
"5108","1051","CWT","T2","38",0.405,38,"False"
"5109","1052","CWT","T2","38",0.164,38,"False"
"5110","1054","CWT","T2","38",0.157,38,"False"
"5111","709","DHE","T3","38",0.131,38,"False"
"5112","766","DHE","T3","38",0.112,38,"False"
"5113","1056","DHE","T3","38",0.287,38,"False"
"5114","1057","DHE","T3","38",0.168,38,"False"
"5115","1058","DHE","T3","38",0.422,38,"False"
"5116","1059","DHE","T3","38",0.315,38,"False"
"5117","1060","DHE","T3","38",0.415,38,"False"
"5118","1061","DHE","T3","38",0.397,38,"False"
"5119","1062","DHE","T3","38",0.446,38,"False"
"5120","1063","DHE","T3","38",0.183,38,"False"
"5121","1065","DHE","T3","38",0.699,38,"False"
"5122","1067","DHE","T3","38",0.457,38,"False"
"5123","1068","DHE","T3","38",0.322,38,"False"
"5124","1069","DHE","T3","38",0.414,38,"False"
"5125","1070","DHE","T3","38",1.812,38,"False"
"5126","1071","DHE","T3","38",0.14,38,"True"
"5127","1072","DHE","T3","38",0.125,38,"False"
"5128","1073","DHE","T3","38",0.821,38,"False"
"5129","1075","DHE","T3","38",0.806,38,"False"
"5130","1077","DHE","T3","38",0.643,38,"False"
"5131","1078","DHE","T3","38",0.283,38,"False"
"5132","1079","DHE","T3","38",0.776,38,"False"
"5133","1080","DHE","T3","38",0.327,38,"False"
"5134","1083","DHE","T3","38",0.627,38,"False"
"5135","1084","DHE","T3","38",0.513,38,"False"
"5136","1085","DHE","T3","38",0.537,38,"False"
"5137","1086","DHE","T3","38",0.231,38,"False"
"5138","1087","DHE","T3","38",0.525,38,"False"
"5139","1088","DHE","T3","38",0.158,38,"False"
"5140","1091","DHE","T3","38",0.137,38,"False"
"5141","1092","DHE","T3","38",0.472,38,"False"
"5142","160","CWT","T4","38",0.385,38,"False"
"5143","161","CWT","T4","38",0.245,38,"False"
"5144","163","CWT","T4","38",0.157,38,"False"
"5145","166","CWT","T4","38",0.252,38,"False"
"5146","170","CWT","T4","38",0.058,38,"False"
"5147","171","CWT","T4","38",0.469,38,"False"
"5148","178","CWT","T4","38",0.364,38,"False"
"5149","179","CWT","T4","38",0.224,38,"False"
"5150","180","CWT","T4","38",0.232,38,"False"
"5151","186","CWT","T4","38",0.331,38,"False"
"5152","189","CWT","T4","38",0.245,38,"False"
"5153","193","CWT","T4","38",0.186,38,"False"
"5154","194","CWT","T4","38",0.185,38,"False"
"5155","197","CWT","T4","38",0.465,38,"False"
"5156","198","CWT","T4","38",0.186,38,"False"
"5157","199","CWT","T4","38",0.206,38,"False"
"5158","200","CWT","T4","38",0.174,38,"False"
"5159","201","CWT","T4","38",0.15,38,"False"
"5160","202","CWT","T4","38",0.19,38,"False"
"5161","203","CWT","T4","38",0.372,38,"False"
"5162","205","CWT","T4","38",0.296,38,"False"
"5163","206","CWT","T4","38",0.269,38,"False"
"5164","212","CWT","T4","38",0.37,38,"False"
"5165","213","CWT","T4","38",0.239,38,"False"
"5166","214","CWT","T4","38",0.131,38,"False"
"5167","220","CWT","T4","38",0.355,38,"False"
"5168","221","CWT","T4","38",0.416,38,"False"
"5169","223","CWT","T4","38",0.325,38,"False"
"5170","225","CWT","T4","38",0.256,38,"False"
"5171","226","CWT","T4","38",0.224,38,"False"
"5172","227","CWT","T4","38",0.221,38,"False"
"5173","228","CWT","T4","38",0.243,38,"False"
"5174","229","CWT","T4","38",0.352,38,"False"
"5175","230","CWT","T4","38",0.174,38,"False"
"5176","231","CWT","T4","38",0.171,38,"False"
"5177","232","CWT","T4","38",0.398,38,"False"
"5178","233","CWT","T4","38",0.125,38,"False"
"5179","236","CWT","T4","38",0.162,38,"False"
"5180","237","CWT","T4","38",0.36,38,"False"
"5181","238","CWT","T4","38",0.287,38,"False"
"5182","241","CWT","T4","38",0.345,38,"False"
"5183","242","CWT","T4","38",0.281,38,"False"
"5184","246","CWT","T4","38",0.245,38,"False"
"5185","247","CWT","T4","38",0.195,38,"False"
"5186","248","CWT","T4","38",0.127,38,"False"
"5187","255","CWT","T4","38",0.256,38,"False"
"5188","256","CWT","T4","38",0.473,38,"False"
"5189","262","CWT","T4","38",0.289,38,"False"
"5190","263","CWT","T4","38",0.305,38,"False"
"5191","267","CWT","T4","38",0.35,38,"False"
"5192","268","CWT","T4","38",0.347,38,"False"
"5193","276","CWT","T4","38",0.274,38,"False"
"5194","278","CWT","T4","38",0.076,38,"False"
"5195","1111","CWT","T4","38",0.126,38,"False"
"5196","1112","CWT","T4","38",0.303,38,"False"
"5197","1113","CWT","T4","38",0.302,38,"False"
"5198","1114","CWT","T4","38",0.153,38,"False"
"5199","1115","CWT","T4","38",0.366,38,"False"
"5200","1117","CWT","T4","38",0.265,38,"False"
"5201","1118","CWT","T4","38",0.277,38,"False"
"5202","1120","CWT","T4","38",0.229,38,"False"
"5203","1121","CWT","T4","38",0.145,38,"False"
"5204","1122","CWT","T4","38",0.246,38,"False"
"5205","1123","CWT","T4","38",0.04,38,"False"
"5206","1124","CWT","T4","38",0.291,38,"True"
"5207","1125","CWT","T4","38",0.334,38,"False"
"5208","1126","CWT","T4","38",0.319,38,"False"
"5209","1128","CWT","T4","38",0.233,38,"False"
"5210","1129","CWT","T4","38",0.121,38,"False"
"5211","1130","CWT","T4","38",0.375,38,"False"
"5212","1131","CWT","T4","38",0.342,38,"False"
"5213","1132","CWT","T4","38",0.405,38,"False"
"5214","1134","CWT","T4","38",0.366,38,"False"
"5215","1137","CWT","T4","38",0.214,38,"False"
"5216","1138","CWT","T4","38",0.282,38,"False"
"5217","1139","CWT","T4","38",0.314,38,"False"
"5218","1140","CWT","T4","38",0.147,38,"False"
"5219","1141","CWT","T4","38",0.296,38,"False"
"5220","1142","CWT","T4","38",0.28,38,"False"
"5221","1143","CWT","T4","38",0.232,38,"False"
"5222","1144","CWT","T4","38",0.235,38,"False"
"5223","1146","CWT","T4","38",0.168,38,"True"
"5224","1147","CWT","T4","38",0.162,38,"True"
"5225","1149","CWT","T4","38",0.198,38,"False"
"5226","1150","CWT","T4","38",0.281,38,"True"
"5227","1151","CWT","T4","38",0.043,38,"False"
"5228","1153","CWT","T4","38",0.273,38,"False"
"5229","1154","CWT","T4","38",0.24,38,"False"
"5230","1155","CWT","T4","38",0.098,38,"False"
"5231","1156","CWT","T4","38",0.257,38,"False"
"5232","1157","CWT","T4","38",0.251,38,"False"
"5233","1158","CWT","T4","38",0.191,38,"True"
"5234","1160","CWT","T4","38",0.095,38,"False"
"5235","1161","CWT","T4","38",0.151,38,"False"
"5236","1162","CWT","T4","38",0.1,38,"False"
"5237","1167","CWT","T4","38",0.238,38,"False"
"5238","1170","CWT","T4","38",0.454,38,"True"
"5239","1179","CWT","T4","38",0.101,38,"True"
"5240","1181","CWT","T4","38",0.038,38,"False"
"5241","1183","CHE+DWT","T5","38",0.43,38,"False"
"5242","1187","CHE+DWT","T5","38",0.499,38,"True"
"5243","1188","CHE+DWT","T5","38",0.336,38,"False"
"5244","1192","CHE+DWT","T5","38",0.444,38,"False"
"5245","1195","CHE+DWT","T5","38",0.441,38,"False"
"5246","1196","CHE+DWT","T5","38",0.535,38,"False"
"5247","1199","CHE+DWT","T5","38",0.778,38,"False"
"5248","1200","CHE+DWT","T5","38",0.349,38,"False"
"5249","1201","CHE+DWT","T5","38",0.55,38,"False"
"5250","1204","CHE+DWT","T5","38",0.357,38,"False"
"5251","1208","CHE+DWT","T5","38",0.204,38,"False"
"5252","1209","CHE+DWT","T5","38",0.111,38,"False"
"5253","1210","CHE+DWT","T5","38",0.282,38,"False"
"5254","1213","CHE+DWT","T5","38",0.301,38,"False"
"5255","1223","CHE+DWT","T5","38",0.249,38,"False"
"5256","1225","CHE+DWT","T5","38",0.392,38,"False"
"5257","1229","CHE+DWT","T5","38",0.411,38,"False"
"5258","1231","CHE+DWT","T5","38",0.461,38,"False"
"5259","1232","CHE+DWT","T5","38",0.195,38,"False"
"5260","1233","CHE+DWT","T5","38",0.29,38,"False"
"5261","1234","CHE+DWT","T5","38",0.22,38,"False"
"5262","1237","CHE+DWT","T5","38",0.349,38,"False"
"5263","1240","CHE+DWT","T5","38",0.386,38,"False"
"5264","1242","CHE+DWT","T5","38",0.358,38,"False"
"5265","1245","CHE+DWT","T5","38",0.226,38,"False"
"5266","1246","CHE+DWT","T5","38",0.331,38,"False"
"5267","1250","CHE+DWT","T5","38",0.121,38,"False"
"5268","1251","CHE+DWT","T5","38",0.285,38,"False"
"5269","1252","CHE+DWT","T5","38",0.347,38,"False"
"5270","1254","CHE+DWT","T5","38",0.343,38,"False"
"5271","1261","CHE+DWT","T5","38",0.542,38,"False"
"5272","1263","CHE+DWT","T5","38",0.224,38,"False"
"5273","1266","CHE+DWT","T5","38",0.153,38,"False"
"5274","1269","CHE+DWT","T5","38",0.374,38,"False"
"5275","1270","CHE+DWT","T5","38",0.22,38,"False"
"5276","1272","CHE+DWT","T5","38",0.251,38,"False"
"5277","1303","CHE+DWT","T5","38",0.433,38,"False"
"5278","1309","CHE","T7","38",0.322,38,"False"
"5279","1310","CHE","T7","38",0.677,38,"False"
"5280","1311","CHE","T7","38",0.584,38,"False"
"5281","1316","CHE","T7","38",0.261,38,"False"
"5282","1318","CHE","T7","38",0.473,38,"False"
"5283","1319","CHE","T7","38",0.05,38,"False"
"5284","1320","CHE","T7","38",0.228,38,"False"
"5285","1322","CHE","T7","38",0.48,38,"False"
"5286","1326","CHE","T7","38",0.367,38,"False"
"5287","1327","CHE","T7","38",0.463,38,"False"
"5288","1331","CHE","T7","38",0.414,38,"False"
"5289","1333","CHE","T7","38",0.735,38,"False"
"5290","1334","CHE","T7","38",0.474,38,"False"
"5291","1337","CHE","T7","38",0.229,38,"False"
"5292","1338","CHE","T7","38",0.605,38,"False"
"5293","1340","CHE","T7","38",0.204,38,"False"
"5294","1341","CHE","T7","38",0.38,38,"False"
"5295","1342","CHE","T7","38",0.265,38,"False"
"5296","1343","CHE","T7","38",0.096,38,"False"
"5297","1344","CHE","T7","38",0.428,38,"False"
"5298","1345","CHE","T7","38",0.161,38,"False"
"5299","1346","CHE","T7","38",0.202,38,"False"
"5300","1347","CHE","T7","38",0.312,38,"False"
"5301","1348","CHE","T7","38",0.416,38,"False"
"5302","1349","CHE","T7","38",0.289,38,"False"
"5303","1350","CHE","T7","38",0.066,38,"False"
"5304","1351","CHE","T7","38",0.203,38,"False"
"5305","1424","CWT+DHE","T11","38",0.389,38,"False"
"5306","1425","CWT+DHE","T11","38",0.442,38,"False"
"5307","1426","CWT+DHE","T11","38",0.523,38,"False"
"5308","1427","CWT+DHE","T11","38",0.52,38,"False"
"5309","1429","CWT+DHE","T11","38",0.237,38,"False"
"5310","1430","CWT+DHE","T11","38",0.496,38,"False"
"5311","1431","CWT+DHE","T11","38",0.323,38,"False"
"5312","1432","CWT+DHE","T11","38",0.159,38,"False"
"5313","1434","CWT+DHE","T11","38",0.638,38,"False"
"5314","1435","CWT+DHE","T11","38",0.717,38,"False"
"5315","1436","CWT+DHE","T11","38",0.34,38,"False"
"5316","1437","CWT+DHE","T11","38",0.527,38,"False"
"5317","1441","CWT+DHE","T11","38",0.709,38,"False"
"5318","1442","CWT+DHE","T11","38",1.146,38,"False"
"5319","1443","CWT+DHE","T11","38",0.246,38,"False"
"5320","1444","CWT+DHE","T11","38",0.288,38,"False"
"5321","1445","CWT+DHE","T11","38",0.539,38,"False"
"5322","1446","CWT+DHE","T11","38",0.58,38,"False"
"5323","1447","CWT+DHE","T11","38",0.72,38,"False"
"5324","1449","CWT+DHE","T11","38",0.56,38,"False"
"5325","1450","CWT+DHE","T11","38",0.555,38,"False"
"5326","1451","CWT+DHE","T11","38",0.309,38,"False"
"5327","1452","CWT+DHE","T11","38",0.824,38,"True"
"5328","1455","CWT+DHE","T11","38",0.606,38,"False"
"5329","1456","CWT+DHE","T11","38",0.072,38,"True"
"5330","1459","CWT+DHE","T11","38",0.189,38,"False"
"5331","1460","CWT+DHE","T11","38",0.142,38,"True"
"5332","1465","CWT+DHE","T11","38",0.155,38,"False"
"5333","1466","CWT+DHE","T11","38",0.46,38,"True"
"5334","1468","CWT+DHE","T11","38",0.325,38,"True"
"5335","1469","CWT+DHE","T11","38",0.353,38,"True"
"5336","1470","CWT+DHE","T11","38",0.548,38,"True"
"5337","1473","CWT+DHE","T11","38",0.671,38,"True"
"5338","1474","CWT+DHE","T11","38",0.472,38,"True"
"5339","1475","CWT+DHE","T11","38",1.777,38,"False"
"5340","1477","CWT+DHE","T11","38",2.075,38,"True"
"5341","1479","CWT+DHE","T11","38",0.32,38,"True"
"5342","1480","CWT+DHE","T11","38",0.147,38,"True"
"5343","1481","CWT+DHE","T11","38",0.316,38,"True"
"5344","1482","CWT+DHE","T11","38",0.165,38,"False"
"5345","1484","CWT+DHE","T11","38",0.206,38,"False"
"5346","1486","CWT+DHE","T11","38",0.588,38,"True"
"5347","1488","CWT+DHE","T11","38",0.267,38,"False"
"5348","1489","CWT+DHE","T11","38",0.679,38,"False"
"5349","1491","CWT+DHE","T11","38",0.492,38,"True"
"5350","1492","CWT+DHE","T11","38",0.58,38,"True"
"5351","1495","CWT+DHE","T11","38",0.207,38,"False"
"5352","1496","CWT+DHE","T11","38",0.415,38,"False"
"5353","1497","CWT+DHE","T11","38",0.31,38,"False"
"5354","1498","CWT+DHE","T11","38",0.29,38,"False"
"5355","1499","CWT+DHE","T11","38",0.337,38,"False"
"5356","1503","CWT+DHE","T11","38",0.197,38,"False"
"5357","1504","CWT+DHE","T11","38",1.074,38,"False"
"5358","1506","CWT+DHE","T11","38",0.196,38,"False"
"5359","1507","CWT+DHE","T11","38",0.34,38,"False"
"5360","1508","CWT+DHE","T11","38",0.186,38,"False"
"5361","1510","CWT+DHE","T11","38",0.227,38,"True"
"5362","1511","CWT+DHE","T11","38",0.237,38,"False"
"5363","1513","CWT+DHE","T11","38",0.455,38,"False"
"5364","1514","CWT+DHE","T11","38",0.167,38,"True"
"5365","1515","CWT+DHE","T11","38",0.433,38,"False"
"5366","1516","CWT+DHE","T11","38",0.079,38,"False"
"5367","1517","CWT+DHE","T11","38",0.447,38,"False"
"5368","1518","CWT+DHE","T11","38",0.488,38,"False"
"5369","1519","CWT+DHE","T11","38",0.23,38,"False"
"5370","1520","CWT+DHE","T11","38",0.198,38,"False"
"5371","1521","CWT+DHE","T11","38",0.301,38,"False"
"5372","1531","CWT+DHE","T11","38",0.564,38,"False"
"5373","1532","CWT+DHE","T11","38",0.306,38,"True"
"5374","1533","CWT+DHE","T11","38",0.092,38,"True"
"5375","1535","CHE+DHE","T6","38",0.266,38,"False"
"5376","1536","CHE+DHE","T6","38",0.714,38,"False"
"5377","1538","CHE+DHE","T6","38",0.187,38,"False"
"5378","1539","CHE+DHE","T6","38",0.418,38,"False"
"5379","1540","CHE+DHE","T6","38",0.924,38,"False"
"5380","1541","CHE+DHE","T6","38",0.255,38,"False"
"5381","1544","CHE+DHE","T6","38",0.455,38,"False"
"5382","1546","CHE+DHE","T6","38",0.136,38,"False"
"5383","1547","CHE+DHE","T6","38",0.264,38,"False"
"5384","1548","CHE+DHE","T6","38",0.071,38,"False"
"5385","1549","CHE+DHE","T6","38",0.311,38,"False"
"5386","1550","CHE+DHE","T6","38",0.294,38,"False"
"5387","1551","CHE+DHE","T6","38",0.313,38,"False"
"5388","1553","CHE+DHE","T6","38",0.183,38,"False"
"5389","1554","CHE+DHE","T6","38",0.291,38,"False"
"5390","1556","CHE+DHE","T6","38",0.814,38,"False"
"5391","1557","CHE+DHE","T6","38",1.084,38,"False"
"5392","1562","CHE+DHE","T6","38",0.515,38,"False"
"5393","1563","CHE+DHE","T6","38",0.594,38,"False"
"5394","1564","CHE+DHE","T6","38",0.711,38,"False"
"5395","1590","CHE+DHE","T6","38",0.305,38,"False"
"5396","1593","CHE+DHE","T6","38",0.425,38,"False"
"5397","1595","CHE+DHE","T6","38",0.928,38,"False"
"5398","1603","CHE+DHE","T6","38",0.756,38,"False"
"5399","1605","CHE+DHE","T6","38",0.571,38,"False"
"5400","1606","CHE+DHE","T6","38",0.555,38,"False"
"5401","1607","CHE+DHE","T6","38",0.522,38,"False"
"5402","1636","CHE+DHE","T6","38",0.631,38,"False"
"5403","1637","CHE+DHE","T6","38",0.531,38,"False"
"5404","1640","CHE+DHE","T6","38",0.595,38,"False"
"5405","1641","CHE+DHE","T6","38",0.473,38,"False"
"5406","1647","CHE+DHE","T6","38",0.422,38,"False"
"5407","1655","CHE+DHE","T6","38",0.402,38,"False"
"5408","1660","CHE+DHE","T6","38",0.752,38,"False"
"5409","1661","CHE+DHE","T6","38",0.772,38,"False"
"5410","1662","CHE+DHE","T6","38",0.892,38,"False"
"5411","1664","CHE+DHE","T6","38",0.415,38,"False"
"5412","1665","CHE+DHE","T6","38",0.646,38,"False"
"5413","1672","CHE+DHE","T6","38",0.058,38,"False"
"5414","1679","CHE+DHE","T6","38",0.193,38,"False"
"5415","1355","DHE","T9","38",0.37,38,"False"
"5416","1356","DHE","T9","38",0.371,38,"False"
"5417","1357","DHE","T9","38",0.605,38,"False"
"5418","1363","DHE","T9","38",0.359,38,"False"
"5419","1374","DHE","T9","38",0.447,38,"True"
"5420","1376","DHE","T9","38",0.277,38,"False"
"5421","1377","DHE","T9","38",0.096,38,"False"
"5422","1380","DHE","T9","38",0.324,38,"False"
"5423","1382","DHE","T9","38",0.188,38,"True"
"5424","1383","DHE","T9","38",0.284,38,"False"
"5425","1384","DHE","T9","38",0.234,38,"False"
"5426","1385","DHE","T9","38",0.214,38,"False"
"5427","1386","DHE","T9","38",0.279,38,"False"
"5428","1388","DHE","T9","38",0.386,38,"True"
"5429","1390","DHE","T9","38",0.318,38,"True"
"5430","1392","DHE","T9","38",0.396,38,"False"
"5431","1394","DHE","T9","38",0.104,38,"False"
"5432","1397","DHE","T9","38",0.336,38,"False"
"5433","1398","DHE","T9","38",0.274,38,"False"
"5434","1399","DHE","T9","38",0.267,38,"False"
"5435","1400","DHE","T9","38",0.078,38,"False"
"5436","1401","DHE","T9","38",0.216,38,"False"
"5437","1402","DHE","T9","38",0.372,38,"True"
"5438","1404","DHE","T9","38",0.365,38,"False"
"5439","1405","DHE","T9","38",0.391,38,"False"
"5440","1406","DHE","T9","38",0.187,38,"False"
"5441","1407","DHE","T9","38",0.439,38,"False"
"5442","1408","DHE","T9","38",0.243,38,"False"
"5443","1409","DHE","T9","38",0.067,38,"True"
"5444","1410","DHE","T9","38",0.202,38,"False"
"5445","1411","DHE","T9","38",0.067,38,"False"
"5446","1412","DHE","T9","38",0.247,38,"False"
"5447","1414","DHE","T9","38",0.146,38,"False"
"5448","1415","DHE","T9","38",0.056,38,"False"
"5449","1416","DHE","T9","38",0.205,38,"False"
"5450","1420","DHE","T9","38",0.135,38,"False"
"5451","1421","DHE","T9","38",0.216,38,"False"
"5452","1926","CHE+DWT","T12","38",0.343,38,"False"
"5453","1927","CHE+DWT","T12","38",0.207,38,"False"
"5454","1928","CHE+DWT","T12","38",0.393,38,"False"
"5455","1929","CHE+DWT","T12","38",0.164,38,"False"
"5456","1933","CHE+DWT","T12","38",0.131,38,"False"
"5457","1937","CHE+DWT","T12","38",0.48,38,"False"
"5458","1940","CHE+DWT","T12","38",0.354,38,"False"
"5459","1943","CHE+DWT","T12","38",0.099,38,"False"
"5460","1950","CHE+DWT","T12","38",0.203,38,"False"
"5461","1956","CHE+DWT","T12","38",0.193,38,"False"
"5462","1970","CHE+DWT","T12","38",0.317,38,"False"
"5463","1971","CHE+DWT","T12","38",0.164,38,"False"
"5464","1986","CHE+DWT","T12","38",0.171,38,"False"
"5465","1615","CHE+DHE","T14","38",0.465,38,"False"
"5466","1616","CHE+DHE","T14","38",0.147,38,"False"
"5467","1633","CHE+DHE","T14","38",0.237,38,"False"
"5468","1761","CHE+DHE","T14","38",0.268,38,"False"
"5469","1763","CHE+DHE","T14","38",0.488,38,"False"
"5470","1764","CHE+DHE","T14","38",0.74,38,"False"
"5471","1766","CHE+DHE","T14","38",0.479,38,"False"
"5472","1767","CHE+DHE","T14","38",0.573,38,"False"
"5473","1770","CHE+DHE","T14","38",0.406,38,"False"
"5474","1771","CHE+DHE","T14","38",0.684,38,"False"
"5475","1772","CHE+DHE","T14","38",0.401,38,"False"
"5476","1773","CHE+DHE","T14","38",0.763,38,"False"
"5477","1774","CHE+DHE","T14","38",0.424,38,"False"
"5478","1775","CHE+DHE","T14","38",0.567,38,"False"
"5479","1776","CHE+DHE","T14","38",0.408,38,"False"
"5480","1777","CHE+DHE","T14","38",0.653,38,"False"
"5481","1780","CHE+DHE","T14","38",0.466,38,"False"
"5482","1786","CHE+DHE","T14","38",0.546,38,"False"
"5483","1787","CHE+DHE","T14","38",0.455,38,"False"
"5484","1790","CHE+DHE","T14","38",0.867,38,"False"
"5485","1794","CHE+DHE","T14","38",0.221,38,"False"
"5486","1803","CHE+DHE","T14","38",0.11,38,"False"
"5487","1806","CHE+DHE","T14","38",0.37,38,"False"
"5488","1807","CHE+DHE","T14","38",0.315,38,"False"
"5489","1809","CHE+DHE","T14","38",0.52,38,"False"
"5490","1810","CHE+DHE","T14","38",0.336,38,"False"
"5491","1811","CHE+DHE","T14","38",0.222,38,"False"
"5492","1814","CHE+DHE","T14","38",0.623,38,"False"
"5493","1821","CHE+DHE","T14","38",0.258,38,"False"
"5494","1824","CHE+DHE","T14","38",0.464,38,"False"
"5495","1825","CHE+DHE","T14","38",0.428,38,"False"
"5496","1827","CHE+DHE","T14","38",0.824,38,"False"
"5497","1830","CHE+DHE","T14","38",0.575,38,"False"
"5498","1831","CHE+DHE","T14","38",0.886,38,"False"
"5499","1839","CHE+DHE","T14","38",2.236,38,"False"
"5500","1840","CHE+DHE","T14","38",0.135,38,"False"
"5501","1841","CHE+DHE","T14","38",0.507,38,"False"
"5502","1846","CHE+DHE","T14","38",0.526,38,"True"
"5503","1848","CHE+DHE","T14","38",0.847,38,"False"
"5504","1849","CHE+DHE","T14","38",0.215,38,"False"
"5505","1850","CHE+DHE","T14","38",0.414,38,"False"
"5506","1851","CHE+DHE","T14","38",0.337,38,"False"
"5507","1854","CHE+DHE","T14","38",0.348,38,"False"
"5508","1855","CHE+DHE","T14","38",0.508,38,"False"
"5509","1856","CHE+DHE","T14","38",0.48,38,"False"
"5510","1857","CHE+DHE","T14","38",0.485,38,"False"
"5511","1858","CHE+DHE","T14","38",0.567,38,"False"
"5512","1859","CHE+DHE","T14","38",0.813,38,"False"
"5513","1860","CHE+DHE","T14","38",0.115,38,"False"
"5514","1861","CHE+DHE","T14","38",1.107,38,"False"
"5515","1862","CHE+DHE","T14","38",0.4,38,"False"
"5516","1863","CHE+DHE","T14","38",0.575,38,"False"
"5517","1864","CHE+DHE","T14","38",0.695,38,"False"
"5518","1866","CHE+DHE","T14","38",0.441,38,"False"
"5519","1873","CHE+DHE","T14","38",0.387,38,"False"
"5520","1874","CHE+DHE","T14","38",0.436,38,"False"
"5521","1876","CHE+DHE","T14","38",0.704,38,"False"
"5522","1878","CHE+DHE","T14","38",0.621,38,"False"
"5523","1879","CHE+DHE","T14","38",0.573,38,"False"
"5524","1880","CHE+DHE","T14","38",0.785,38,"False"
"5525","1881","CHE+DHE","T14","38",0.69,38,"False"
"5526","1884","CHE+DHE","T14","38",0.339,38,"False"
"5527","1887","CHE+DHE","T14","38",0.818,38,"False"
"5528","1888","CHE+DHE","T14","38",0.316,38,"False"
"5529","1889","CHE+DHE","T14","38",0.534,38,"False"
"5530","1894","CHE+DHE","T14","38",0.544,38,"False"
"5531","1896","CHE+DHE","T14","38",0.543,38,"False"
"5532","1897","CHE+DHE","T14","38",0.133,38,"False"
"5533","1898","CHE+DHE","T14","38",0.579,38,"False"
"5534","1899","CHE+DHE","T14","38",0.412,38,"False"
"5535","1901","CHE+DHE","T14","38",0.478,38,"False"
"5536","1904","CHE+DHE","T14","38",0.668,38,"False"
"5537","1905","CHE+DHE","T14","38",0.635,38,"False"
"5538","1906","CHE+DHE","T14","38",0.936,38,"False"
"5539","1907","CHE+DHE","T14","38",0.731,38,"False"
"5540","1908","CHE+DHE","T14","38",0.604,38,"False"
"5541","1910","CHE+DHE","T14","38",0.607,38,"False"
"5542","1911","CHE+DHE","T14","38",0.489,38,"False"
"5543","1912","CHE+DHE","T14","38",0.452,38,"False"
"5544","1915","CHE+DHE","T14","38",0.587,38,"False"
"5545","1921","CHE+DHE","T14","38",0.567,38,"False"
"5546","1924","CHE+DHE","T14","38",0.214,38,"False"
"5547","1925","CHE+DHE","T14","38",0.383,38,"False"
"5548","2057","CHE+DHE","T14","38",0.15,38,"False"
"5549","2058","CHE+DHE","T14","38",0.151,38,"False"
"5550","2059","CHE+DHE","T14","38",0.392,38,"False"
"5551","2060","CHE+DHE","T14","38",0.103,38,"False"
"5552","2093","CWT+DHE","T15","38",0.363,38,"False"
"5553","2094","CWT+DHE","T15","38",0.565,38,"False"
"5554","2095","CWT+DHE","T15","38",0.519,38,"False"
"5555","2098","CWT+DHE","T15","38",0.893,38,"False"
"5556","2104","CWT+DHE","T15","38",0.308,38,"False"
"5557","2108","CWT+DHE","T15","38",0.267,38,"False"
"5558","2113","CWT+DHE","T15","38",0.261,38,"False"
"5559","2115","CWT+DHE","T15","38",0.541,38,"False"
"5560","2116","CWT+DHE","T15","38",0.274,38,"False"
"5561","2120","CWT+DHE","T15","38",0.598,38,"False"
"5562","1991","CWT+DWT","T13","38",0.205,38,"False"
"5563","1992","CWT+DWT","T13","38",0.394,38,"False"
"5564","1993","CWT+DWT","T13","38",0.424,38,"False"
"5565","1998","CWT+DWT","T13","38",0.901,38,"False"
"5566","1999","CWT+DWT","T13","38",0.652,38,"False"
"5567","2000","CWT+DWT","T13","38",0.559,38,"False"
"5568","2003","CWT+DWT","T13","38",0.223,38,"False"
"5569","2005","CWT+DWT","T13","38",0.961,38,"False"
"5570","2006","CWT+DWT","T13","38",0.441,38,"False"
"5571","2008","CWT+DWT","T13","38",0.311,38,"False"
"5572","2009","CWT+DWT","T13","38",0.273,38,"False"
"5573","2010","CWT+DWT","T13","38",0.597,38,"False"
"5574","2011","CWT+DWT","T13","38",0.425,38,"False"
"5575","2012","CWT+DWT","T13","38",0.817,38,"False"
"5576","2013","CWT+DWT","T13","38",0.627,38,"False"
"5577","2014","CWT+DWT","T13","38",0.511,38,"False"
"5578","2015","CWT+DWT","T13","38",0.19,38,"False"
"5579","2022","CWT+DWT","T13","38",0.197,38,"False"
"5580","2023","CWT+DWT","T13","38",0.534,38,"False"
"5581","2024","CWT+DWT","T13","38",0.102,38,"False"
"5582","2025","CWT+DWT","T13","38",0.171,38,"False"
"5583","2026","CWT+DWT","T13","38",1.229,38,"False"
"5584","2027","CWT+DWT","T13","38",0.359,38,"False"
"5585","2031","CWT+DWT","T13","38",0.419,38,"False"
"5586","2032","CWT+DWT","T13","38",0.733,38,"False"
"5587","2033","CWT+DWT","T13","38",1.85,38,"False"
"5588","2035","CWT+DWT","T13","38",0.392,38,"False"
"5589","2038","CWT+DWT","T13","38",0.088,38,"False"
"5590","2039","CWT+DWT","T13","38",0.757,38,"False"
"5591","2040","CWT+DWT","T13","38",0.423,38,"False"
"5592","2041","CWT+DWT","T13","38",1,38,"False"
"5593","2042","CWT+DWT","T13","38",0.323,38,"False"
"5594","2043","CWT+DWT","T13","38",0.327,38,"False"
"5595","2044","CWT+DWT","T13","38",0.648,38,"False"
"5596","2045","CWT+DWT","T13","38",0.078,38,"False"
"5597","2046","CWT+DWT","T13","38",0.263,38,"False"
"5598","2047","CWT+DWT","T13","38",0.384,38,"False"
"5599","2048","CWT+DWT","T13","38",0.18,38,"False"
"5600","2051","CWT+DWT","T13","38",0.264,38,"False"
"5601","2053","CWT+DWT","T13","38",0.131,38,"False"
"5602","2054","CWT+DWT","T13","38",0.481,38,"False"
"5603","2055","CWT+DWT","T13","38",0.259,38,"False"
"5604","2080","CWT+DWT","T13","38",0.101,38,"False"
"5605","2081","CWT+DWT","T13","38",0.153,38,"False"
"5606","2259","CWT","T16","38",0.252,38,"False"
"5607","2262","CWT","T16","38",0.119,38,"False"
"5608","2263","CWT","T16","38",0.161,38,"False"
"5609","2264","CWT","T16","38",0.525,38,"False"
"5610","2267","CWT","T16","38",0.113,38,"False"
"5611","2269","CWT","T16","38",0.173,38,"False"
"5612","2272","CWT","T16","38",0.255,38,"False"
"5613","2274","CWT","T16","38",0.281,38,"False"
"5614","2281","CWT","T16","38",0.185,38,"False"
"5615","2283","CWT","T16","38",0.313,38,"False"
"5616","2284","CWT","T16","38",0.192,38,"False"
"5617","2293","CWT","T16","38",0.23,38,"False"
"5618","2294","CWT","T16","38",0.085,38,"False"
"5619","2298","CWT","T16","38",0.157,38,"False"
"5620","2299","CWT","T16","38",0.206,38,"False"
"5621","2300","CWT","T16","38",0.201,38,"False"
"5622","2306","CWT","T16","38",0.191,38,"False"
"5623","2308","CWT","T16","38",0.18,38,"False"
"5624","2311","CWT","T16","38",0.105,38,"False"
"5625","2315","CWT","T16","38",0.279,38,"False"
"5626","2317","CWT","T16","38",0.279,38,"False"
"5627","2318","CWT","T16","38",0.071,38,"False"
"5628","2319","CWT","T16","38",0.11,38,"False"
"5629","2320","CWT","T16","38",0.053,38,"False"
"5630","2321","CWT","T16","38",0.16,38,"False"
"5631","2322","CWT","T16","38",0.076,38,"False"
"5632","2323","CWT","T16","38",0.063,38,"False"
"5633","2324","CWT","T16","38",0.215,38,"False"
"5634","2325","CWT","T16","38",0.18,38,"False"
"5635","2326","CWT","T16","38",0.192,38,"False"
"5636","2330","CWT","T16","38",0.193,38,"False"
"5637","2343","CWT","T16","38",0.102,38,"False"
"5638","2345","CWT","T16","38",0.11,38,"False"
"5639","2347","CWT","T16","38",0.147,38,"False"
"5640","2348","CWT","T16","38",0.178,38,"False"
"5641","2350","CWT","T16","38",0.12,38,"False"
"5642","2351","CWT","T16","38",0.079,38,"False"
"5643","2352","CWT","T16","38",0.102,38,"False"
"5644","2353","CWT","T16","38",0.097,38,"False"
"5645","2355","CWT","T16","38",0.178,38,"False"
"5646","2356","CWT","T16","38",0.114,38,"False"
"5647","2357","CWT","T16","38",0.101,38,"False"
"5648","2361","CWT","T16","38",0.222,38,"False"
"5649","2362","CWT","T16","38",0.118,38,"False"
"5650","2364","CWT","T16","38",0.15,38,"False"
"5651","2365","CWT","T16","38",0.192,38,"False"
"5652","2368","CWT","T16","38",0.107,38,"False"
"5653","2369","CWT","T16","38",0.056,38,"False"
"5654","2370","CWT","T16","38",0.246,38,"False"
"5655","2372","CWT","T16","38",0.171,38,"False"
"5656","2374","CWT","T16","38",0.183,38,"False"
"5657","2376","CWT","T16","38",0.129,38,"False"
"5658","2380","CWT","T16","38",0.106,38,"False"
"5659","2514","CHE","T22","38",0.269,38,"False"
"5660","2515","CHE","T22","38",0.383,38,"False"
"5661","2516","CHE","T22","38",0.509,38,"False"
"5662","2520","CHE","T22","38",0.145,38,"False"
"5663","2526","CHE","T22","38",0.331,38,"False"
"5664","2527","CHE","T22","38",0.301,38,"False"
"5665","2529","CHE","T22","38",0.101,38,"False"
"5666","2531","CHE","T22","38",0.173,38,"False"
"5667","2532","CHE","T22","38",0.226,38,"False"
"5668","2533","CHE","T22","38",0.146,38,"False"
"5669","2534","CHE","T22","38",0.233,38,"False"
"5670","2538","CHE","T22","38",0.324,38,"False"
"5671","2539","CHE","T22","38",0.144,38,"False"
"5672","2543","CHE","T22","38",0.129,38,"False"
"5673","2544","CHE","T22","38",0.375,38,"False"
"5674","2547","CHE","T22","38",0.415,38,"False"
"5675","2550","CHE","T22","38",0.462,38,"False"
"5676","2558","CHE","T22","38",0.297,38,"False"
"5677","2561","CHE","T22","38",0.411,38,"False"
"5678","2564","CHE","T22","38",0.149,38,"False"
"5679","2566","CHE","T22","38",0.403,38,"False"
"5680","2567","CHE","T22","38",0.383,38,"False"
"5681","2568","CHE","T22","38",0.35,38,"False"
"5682","2569","CHE","T22","38",0.383,38,"False"
"5683","2576","CHE","T22","38",0.178,38,"False"
"5684","2580","CHE","T22","38",0.262,38,"False"
"5685","2584","CHE","T22","38",0.151,38,"False"
"5686","2585","CHE","T22","38",0.217,38,"False"
"5687","2586","CHE","T22","38",0.508,38,"False"
"5688","2588","CHE","T22","38",0.697,38,"False"
"5689","2592","CHE","T22","38",0.622,38,"False"
"5690","2593","CHE","T22","38",0.482,38,"False"
"5691","2603","CHE","T22","38",0.511,38,"False"
"5692","2608","CHE","T22","38",0.35,38,"False"
"5693","2385","DWT","T17","38",0.458,38,"False"
"5694","2386","DWT","T17","38",0.694,38,"False"
"5695","2387","DWT","T17","38",0.715,38,"False"
"5696","2389","DWT","T17","38",0.604,38,"False"
"5697","2390","DWT","T17","38",0.511,38,"False"
"5698","2391","DWT","T17","38",0.547,38,"False"
"5699","2396","DWT","T17","38",0.672,38,"False"
"5700","2397","DWT","T17","38",0.556,38,"False"
"5701","2398","DWT","T17","38",0.517,38,"False"
"5702","2401","DWT","T17","38",0.535,38,"False"
"5703","2402","DWT","T17","38",0.78,38,"False"
"5704","2404","DWT","T17","38",0.679,38,"False"
"5705","2405","DWT","T17","38",0.508,38,"False"
"5706","2406","DWT","T17","38",0.119,38,"False"
"5707","2408","DWT","T17","38",0.441,38,"False"
"5708","2409","DWT","T17","38",0.303,38,"False"
"5709","2410","DWT","T17","38",0.225,38,"False"
"5710","2412","DWT","T17","38",0.324,38,"False"
"5711","2413","DWT","T17","38",0.407,38,"False"
"5712","2414","DWT","T17","38",0.227,38,"True"
"5713","2415","DWT","T17","38",0.401,38,"True"
"5714","2416","DWT","T17","38",1.089,38,"True"
"5715","2417","DWT","T17","38",0.392,38,"False"
"5716","2424","DWT","T17","38",1.008,38,"True"
"5717","2426","DWT","T17","38",0.113,38,"False"
"5718","2427","DWT","T17","38",0.232,38,"False"
"5719","2430","DWT","T17","38",0.452,38,"False"
"5720","2431","DWT","T17","38",0.256,38,"False"
"5721","2433","DWT","T17","38",0.209,38,"False"
"5722","2435","DWT","T17","38",0.23,38,"False"
"5723","2438","DWT","T17","38",0.297,38,"False"
"5724","2442","DWT","T17","38",0.719,38,"False"
"5725","2444","DWT","T17","38",0.416,38,"True"
"5726","2445","DWT","T17","38",0.601,38,"False"
"5727","2446","DWT","T17","38",0.534,38,"False"
"5728","2449","DWT","T17","38",0.5,38,"False"
"5729","2461","DWT","T17","38",0.186,38,"False"
"5730","2463","DWT","T17","38",0.239,38,"False"
"5731","2464","DWT","T17","38",0.338,38,"False"
"5732","2469","DWT","T17","38",0.914,38,"True"
"5733","2478","DWT","T17","38",0.383,38,"False"
"5734","2483","DWT","T17","38",0.311,38,"False"
"5735","2484","DWT","T17","38",0.63,38,"False"
"5736","2487","DWT","T17","38",0.409,38,"False"
"5737","2488","DWT","T17","38",0.427,38,"True"
"5738","2489","DWT","T17","38",0.19,38,"False"
"5739","2491","DWT","T17","38",0.669,38,"False"
"5740","2492","DWT","T17","38",0.416,38,"False"
"5741","2493","DWT","T17","38",0.265,38,"False"
"5742","2494","DWT","T17","38",0.701,38,"False"
"5743","2495","DWT","T17","38",0.383,38,"False"
"5744","2497","DWT","T17","38",0.181,38,"False"
"5745","2501","DWT","T17","38",0.139,38,"False"
"5746","2502","DWT","T17","38",0.064,38,"False"
"5747","2504","DWT","T17","38",0.239,38,"False"
"5748","2505","DWT","T17","38",0.213,38,"False"
"5749","2506","DWT","T17","38",0.471,38,"False"
"5750","2507","DWT","T17","38",0.16,38,"True"
"5751","2508","DWT","T17","38",0.534,38,"True"
"5752","2695","CHE","T20","38",0.479,38,"False"
"5753","2698","CHE","T20","38",0.412,38,"False"
"5754","2699","CHE","T20","38",0.285,38,"False"
"5755","2700","CHE","T20","38",0.127,38,"False"
"5756","2703","CHE","T20","38",0.159,38,"False"
"5757","2706","CHE","T20","38",0.066,38,"False"
"5758","2707","CHE","T20","38",0.229,38,"False"
"5759","2708","CHE","T20","38",0.217,38,"False"
"5760","2709","CHE","T20","38",0.18,38,"False"
"5761","2712","CHE","T20","38",0.254,38,"False"
"5762","2713","CHE","T20","38",0.396,38,"False"
"5763","2720","CHE","T20","38",0.08,38,"False"
"5764","2721","CHE","T20","38",0.27,38,"False"
"5765","2722","CHE","T20","38",0.159,38,"False"
"5766","2723","CHE","T20","38",0.337,38,"False"
"5767","2725","CHE","T20","38",0.144,38,"False"
"5768","2726","CHE","T20","38",0.406,38,"False"
"5769","2728","CHE","T20","38",0.451,38,"False"
"5770","2729","CHE","T20","38",0.17,38,"False"
"5771","2730","CHE","T20","38",0.169,38,"False"
"5772","2733","CHE","T20","38",0.189,38,"False"
"5773","2734","CHE","T20","38",0.165,38,"False"
"5774","2736","CHE","T20","38",0.188,38,"False"
"5775","1681","DWT","T10","38",0.178,38,"False"
"5776","1683","DWT","T10","38",0.385,38,"False"
"5777","1685","DWT","T10","38",0.271,38,"False"
"5778","1691","DWT","T10","38",0.507,38,"False"
"5779","1693","DWT","T10","38",0.563,38,"False"
"5780","1694","DWT","T10","38",0.347,38,"False"
"5781","1695","DWT","T10","38",0.776,38,"False"
"5782","1696","DWT","T10","38",0.394,38,"False"
"5783","1697","DWT","T10","38",0.326,38,"False"
"5784","1698","DWT","T10","38",0.478,38,"False"
"5785","1699","DWT","T10","38",0.677,38,"False"
"5786","1700","DWT","T10","38",0.311,38,"False"
"5787","1702","DWT","T10","38",0.511,38,"False"
"5788","1704","DWT","T10","38",0.274,38,"False"
"5789","1705","DWT","T10","38",0.494,38,"False"
"5790","1706","DWT","T10","38",0.144,38,"False"
"5791","1707","DWT","T10","38",0.359,38,"False"
"5792","1713","DWT","T10","38",0.594,38,"False"
"5793","1715","DWT","T10","38",0.42,38,"False"
"5794","1716","DWT","T10","38",0.564,38,"False"
"5795","1717","DWT","T10","38",0.224,38,"False"
"5796","1719","DWT","T10","38",0.569,38,"False"
"5797","1721","DWT","T10","38",0.211,38,"False"
"5798","1723","DWT","T10","38",0.443,38,"False"
"5799","1724","DWT","T10","38",0.62,38,"False"
"5800","1727","DWT","T10","38",0.342,38,"False"
"5801","1730","DWT","T10","38",0.093,38,"False"
"5802","1731","DWT","T10","38",0.457,38,"False"
"5803","1732","DWT","T10","38",0.212,38,"False"
"5804","1733","DWT","T10","38",0.187,38,"False"
"5805","1734","DWT","T10","38",0.128,38,"False"
"5806","1735","DWT","T10","38",0.109,38,"True"
"5807","1737","DWT","T10","38",0.123,38,"False"
"5808","1738","DWT","T10","38",0.253,38,"False"
"5809","1739","DWT","T10","38",0.34,38,"False"
"5810","1740","DWT","T10","38",0.352,38,"False"
"5811","1741","DWT","T10","38",0.167,38,"False"
"5812","1742","DWT","T10","38",0.427,38,"False"
"5813","1743","DWT","T10","38",0.59,38,"False"
"5814","1748","DWT","T10","38",0.424,38,"False"
"5815","2623","CHE+DHE","T21","38",0.323,38,"False"
"5816","2629","CHE+DHE","T21","38",0.427,38,"False"
"5817","2630","CHE+DHE","T21","38",0.426,38,"False"
"5818","2631","CHE+DHE","T21","38",0.465,38,"False"
"5819","2632","CHE+DHE","T21","38",0.77,38,"False"
"5820","2633","CHE+DHE","T21","38",0.463,38,"False"
"5821","2634","CHE+DHE","T21","38",1.14,38,"False"
"5822","2637","CHE+DHE","T21","38",0.15,38,"True"
"5823","2638","CHE+DHE","T21","38",0.576,38,"False"
"5824","2639","CHE+DHE","T21","38",0.494,38,"False"
"5825","2640","CHE+DHE","T21","38",0.266,38,"False"
"5826","2641","CHE+DHE","T21","38",0.099,38,"True"
"5827","2642","CHE+DHE","T21","38",0.185,38,"False"
"5828","2643","CHE+DHE","T21","38",0.144,38,"False"
"5829","2644","CHE+DHE","T21","38",0.209,38,"False"
"5830","2649","CHE+DHE","T21","38",0.523,38,"False"
"5831","2650","CHE+DHE","T21","38",1.05,38,"False"
"5832","2651","CHE+DHE","T21","38",0.392,38,"False"
"5833","2652","CHE+DHE","T21","38",0.088,38,"True"
"5834","2653","CHE+DHE","T21","38",0.545,38,"False"
"5835","2654","CHE+DHE","T21","38",0.455,38,"False"
"5836","2656","CHE+DHE","T21","38",0.247,38,"False"
"5837","2657","CHE+DHE","T21","38",0.245,38,"True"
"5838","2660","CHE+DHE","T21","38",0.156,38,"True"
"5839","2663","CHE+DHE","T21","38",0.426,38,"False"
"5840","2665","CHE+DHE","T21","38",0.228,38,"True"
"5841","2666","CHE+DHE","T21","38",1.004,38,"False"
"5842","2672","CHE+DHE","T21","38",0.21,38,"False"
"5843","2673","CHE+DHE","T21","38",0.229,38,"False"
"5844","2678","CHE+DHE","T21","38",0.214,38,"False"
"5845","2683","CHE+DHE","T21","38",1.105,38,"False"
"5846","2685","CHE+DHE","T21","38",0.213,38,"False"
"5847","2689","CHE+DHE","T21","38",0.054,38,"True"
"5848","2751","CWT+DWT","T27","38",0.575,38,"False"
"5849","2752","CWT+DWT","T27","38",0.502,38,"False"
"5850","2753","CWT+DWT","T27","38",0.629,38,"False"
"5851","2759","CWT+DWT","T27","38",0.361,38,"False"
"5852","2761","CWT+DWT","T27","38",0.234,38,"False"
"5853","2764","CWT+DWT","T27","38",1.016,38,"False"
"5854","2765","CWT+DWT","T27","38",0.459,38,"False"
"5855","2766","CWT+DWT","T27","38",0.161,38,"False"
"5856","2768","CWT+DWT","T27","38",0.131,38,"False"
"5857","2769","CWT+DWT","T27","38",0.526,38,"False"
"5858","2770","CWT+DWT","T27","38",0.458,38,"False"
"5859","2771","CWT+DWT","T27","38",0.986,38,"False"
"5860","2772","CWT+DWT","T27","38",0.186,38,"False"
"5861","2777","CWT+DWT","T27","38",0.432,38,"False"
"5862","2778","CWT+DWT","T27","38",0.786,38,"False"
"5863","2784","CWT+DWT","T27","38",0.175,38,"False"
"5864","2785","CWT+DWT","T27","38",0.229,38,"False"
"5865","2787","CWT+DWT","T27","38",0.82,38,"False"
"5866","2789","CWT+DWT","T27","38",0.099,38,"False"
"5867","2798","CWT+DWT","T27","38",0.233,38,"False"
"5868","2800","CWT+DWT","T27","38",0.585,38,"False"
"5869","2803","CWT+DWT","T27","38",0.101,38,"False"
"5870","2804","CWT+DWT","T27","38",0.191,38,"False"
"5871","2805","CWT+DWT","T27","38",0.115,38,"False"
"5872","2806","CWT+DWT","T27","38",0.124,38,"False"
"5873","2807","CWT+DWT","T27","38",0.394,38,"False"
"5874","2808","CWT+DWT","T27","38",0.119,38,"False"
"5875","2809","CWT+DWT","T27","38",0.308,38,"False"
"5876","2811","CWT+DWT","T27","38",0.571,38,"False"
"5877","2812","CWT+DWT","T27","38",0.484,38,"False"
"5878","2815","CWT+DWT","T27","38",0.092,38,"False"
"5879","2816","CWT+DWT","T27","38",0.403,38,"False"
"5880","2819","CWT+DWT","T27","38",0.686,38,"False"
"5881","2820","CWT+DWT","T27","38",1.165,38,"False"
"5882","2822","CWT+DWT","T27","38",0.449,38,"False"
"5883","2825","CWT+DWT","T27","38",0.32,38,"False"
"5884","2826","CWT+DWT","T27","38",0.392,38,"False"
"5885","2864","DWT","T18","38",0.123,38,"False"
"5886","2866","DWT","T18","38",0.211,38,"False"
"5887","2869","DWT","T18","38",0.918,38,"False"
"5888","2870","DWT","T18","38",0.971,38,"False"
"5889","2872","DWT","T18","38",0.267,38,"False"
"5890","2874","DWT","T18","38",0.157,38,"False"
"5891","2875","DWT","T18","38",0.058,38,"False"
"5892","2876","DWT","T18","38",0.231,38,"False"
"5893","2877","DWT","T18","38",0.187,38,"False"
"5894","2880","DWT","T18","38",0.452,38,"False"
"5895","2881","DWT","T18","38",0.429,38,"False"
"5896","2882","DWT","T18","38",0.42,38,"False"
"5897","2883","DWT","T18","38",0.326,38,"False"
"5898","2884","DWT","T18","38",0.576,38,"False"
"5899","2887","DWT","T18","38",0.721,38,"False"
"5900","2888","DWT","T18","38",0.565,38,"False"
"5901","2898","DWT","T18","38",0.746,38,"False"
"5902","2899","DWT","T18","38",0.478,38,"False"
"5903","2900","DWT","T18","38",0.958,38,"False"
"5904","2906","DWT","T18","38",0.379,38,"False"
"5905","2907","DWT","T18","38",0.291,38,"False"
"5906","2908","DWT","T18","38",0.471,38,"False"
"5907","2909","DWT","T18","38",0.731,38,"False"
"5908","2910","DWT","T18","38",0.351,38,"False"
"5909","2912","DWT","T18","38",0.985,38,"False"
"5910","2929","DWT","T18","38",0.639,38,"False"
"5911","2935","DWT","T18","38",0.463,38,"False"
"5912","2952","DWT","T18","38",0.55,38,"False"
"5913","2953","DWT","T18","38",0.247,38,"False"
"5914","2956","DWT","T18","38",0.374,38,"False"
"5915","2960","DWT","T18","38",0.206,38,"False"
"5916","2963","DWT","T18","38",0.163,38,"False"
"5917","2964","DWT","T18","38",0.16,38,"False"
"5918","2965","DWT","T18","38",0.353,38,"False"
"5919","2966","DWT","T18","38",0.415,38,"False"
"5920","2972","DWT","T18","38",0.777,38,"False"
"5921","2973","DWT","T18","38",0.456,38,"False"
"5922","2974","DWT","T18","38",1.248,38,"False"
"5923","2975","DWT","T18","38",0.57,38,"False"
"5924","2976","DWT","T18","38",0.517,38,"False"
"5925","2979","DWT","T18","38",0.321,38,"False"
"5926","2989","DWT","T18","38",0.507,38,"False"
"5927","2992","DWT","T18","38",0.433,38,"False"
"5928","2993","DWT","T18","38",0.816,38,"False"
"5929","2994","DWT","T18","38",0.474,38,"False"
"5930","2995","DWT","T18","38",1.104,38,"False"
"5931","2997","DWT","T18","38",0.122,38,"False"
"5932","3002","DWT","T18","38",0.328,38,"False"
"5933","3003","DWT","T18","38",0.292,38,"False"
"5934","3004","DWT","T18","38",0.15,38,"False"
"5935","3157","DHE","T24","38",0.426,38,"False"
"5936","3158","DHE","T24","38",0.626,38,"False"
"5937","3159","DHE","T24","38",0.256,38,"False"
"5938","3163","DHE","T24","38",0.295,38,"False"
"5939","3165","DHE","T24","38",0.262,38,"False"
"5940","3166","DHE","T24","38",0.59,38,"False"
"5941","3167","DHE","T24","38",0.083,38,"False"
"5942","3178","DHE","T24","38",0.245,38,"False"
"5943","3180","DHE","T24","38",0.45,38,"False"
"5944","3181","DHE","T24","38",0.353,38,"False"
"5945","3182","DHE","T24","38",0.571,38,"False"
"5946","3186","DHE","T24","38",0.335,38,"False"
"5947","3188","DHE","T24","38",0.153,38,"True"
"5948","3189","DHE","T24","38",0.35,38,"False"
"5949","3190","DHE","T24","38",0.16,38,"False"
"5950","3191","DHE","T24","38",0.545,38,"False"
"5951","3192","DHE","T24","38",0.301,38,"False"
"5952","3196","DHE","T24","38",0.26,38,"False"
"5953","3197","DHE","T24","38",0.453,38,"False"
"5954","3198","DHE","T24","38",0.968,38,"False"
"5955","3199","DHE","T24","38",0.175,38,"False"
"5956","3200","DHE","T24","38",0.537,38,"False"
"5957","3203","DHE","T24","38",0.688,38,"False"
"5958","3205","DHE","T24","38",0.38,38,"False"
"5959","3207","DHE","T24","38",0.361,38,"False"
"5960","3208","DHE","T24","38",0.34,38,"False"
"5961","3210","DHE","T24","38",0.556,38,"False"
"5962","3213","DHE","T24","38",0.374,38,"False"
"5963","3219","DHE","T24","38",0.708,38,"False"
"5964","3222","DHE","T24","38",0.418,38,"False"
"5965","3224","DHE","T24","38",0.72,38,"False"
"5966","3225","DHE","T24","38",0.974,38,"False"
"5967","3228","DHE","T24","38",0.333,38,"False"
"5968","3229","DHE","T24","38",0.484,38,"False"
"5969","3231","DHE","T24","38",0.398,38,"False"
"5970","3240","DHE","T24","38",0.215,38,"False"
"5971","3246","DHE","T24","38",0.61,38,"False"
"5972","3258","DHE","T24","38",0.51,38,"False"
"5973","3259","DHE","T24","38",0.194,38,"False"
"5974","3261","DHE","T24","38",0.482,38,"False"
"5975","3265","DHE","T24","38",0.57,38,"False"
"5976","3269","DHE","T24","38",0.624,38,"False"
"5977","3272","DHE","T24","38",0.247,38,"False"
"5978","3273","DHE","T24","38",0.301,38,"False"
"5979","3274","DHE","T24","38",0.2,38,"False"
"5980","3281","DHE","T24","38",0.385,38,"False"
"5981","3292","DHE","T24","38",0.464,38,"False"
"5982","3293","DHE","T24","38",0.312,38,"False"
"5983","3294","DHE","T24","38",0.348,38,"False"
"5984","3295","DHE","T24","38",0.287,38,"False"
"5985","3304","DHE","T24","38",0.635,38,"False"
"5986","3305","DHE","T24","38",0.257,38,"False"
"5987","3306","DHE","T24","38",0.482,38,"False"
"5988","3307","DHE","T24","38",0.343,38,"False"
"5989","3309","DHE","T24","38",0.239,38,"False"
"5990","3310","DHE","T24","38",0.443,38,"False"
"5991","3311","DHE","T24","38",0.092,38,"False"
"5992","3313","DHE","T24","38",0.553,38,"False"
"5993","3315","DHE","T24","38",0.536,38,"False"
"5994","3316","DHE","T24","38",0.43,38,"False"
"5995","3319","DHE","T24","38",0.483,38,"False"
"5996","3322","DHE","T24","38",0.367,38,"False"
"5997","3323","DHE","T24","38",0.349,38,"False"
"5998","3324","DHE","T24","38",0.48,38,"False"
"5999","3329","DHE","T24","38",0.249,38,"False"
"6000","3345","DHE","T24","38",0.237,38,"False"
"6001","3347","DHE","T24","38",0.763,38,"False"
"6002","3005","CWT+DWT","T26","38",0.529,38,"False"
"6003","3006","CWT+DWT","T26","38",0.388,38,"False"
"6004","3011","CWT+DWT","T26","38",0.648,38,"False"
"6005","3013","CWT+DWT","T26","38",0.727,38,"False"
"6006","3016","CWT+DWT","T26","38",0.28,38,"False"
"6007","3017","CWT+DWT","T26","38",0.572,38,"False"
"6008","3018","CWT+DWT","T26","38",0.582,38,"False"
"6009","3019","CWT+DWT","T26","38",0.469,38,"False"
"6010","3020","CWT+DWT","T26","38",0.412,38,"False"
"6011","3021","CWT+DWT","T26","38",0.296,38,"False"
"6012","3024","CWT+DWT","T26","38",1.221,38,"False"
"6013","3025","CWT+DWT","T26","38",0.794,38,"False"
"6014","3026","CWT+DWT","T26","38",0.324,38,"False"
"6015","3028","CWT+DWT","T26","38",0.533,38,"False"
"6016","3029","CWT+DWT","T26","38",0.75,38,"False"
"6017","3030","CWT+DWT","T26","38",0.507,38,"False"
"6018","3031","CWT+DWT","T26","38",0.185,38,"False"
"6019","3032","CWT+DWT","T26","38",0.77,38,"False"
"6020","3033","CWT+DWT","T26","38",0.587,38,"False"
"6021","3034","CWT+DWT","T26","38",0.491,38,"False"
"6022","3035","CWT+DWT","T26","38",0.648,38,"False"
"6023","3037","CWT+DWT","T26","38",0.66,38,"False"
"6024","3045","CWT+DWT","T26","38",0.508,38,"False"
"6025","3048","CWT+DWT","T26","38",0.606,38,"False"
"6026","3049","CWT+DWT","T26","38",0.921,38,"False"
"6027","3052","CWT+DWT","T26","38",0.553,38,"False"
"6028","3053","CWT+DWT","T26","38",0.195,38,"False"
"6029","3056","CWT+DWT","T26","38",0.378,38,"False"
"6030","3057","CWT+DWT","T26","38",0.422,38,"False"
"6031","3058","CWT+DWT","T26","38",0.155,38,"False"
"6032","3060","CWT+DWT","T26","38",0.423,38,"False"
"6033","3061","CWT+DWT","T26","38",0.325,38,"False"
"6034","3062","CWT+DWT","T26","38",0.206,38,"False"
"6035","3064","CWT+DWT","T26","38",0.236,38,"False"
"6036","3065","CWT+DWT","T26","38",1.214,38,"False"
"6037","3066","CWT+DWT","T26","38",0.51,38,"False"
"6038","3068","CWT+DWT","T26","38",0.149,38,"False"
"6039","3069","CWT+DWT","T26","38",0.565,38,"False"
"6040","3071","CWT+DWT","T26","38",0.501,38,"False"
"6041","3072","CWT+DWT","T26","38",0.3,38,"False"
"6042","3073","CWT+DWT","T26","38",0.796,38,"False"
"6043","3074","CWT+DWT","T26","38",0.34,38,"False"
"6044","3075","CWT+DWT","T26","38",0.305,38,"False"
"6045","3076","CWT+DWT","T26","38",0.561,38,"False"
"6046","3077","CWT+DWT","T26","38",0.446,38,"False"
"6047","3078","CWT+DWT","T26","38",0.458,38,"False"
"6048","3079","CWT+DWT","T26","38",0.352,38,"False"
"6049","3080","CWT+DWT","T26","38",0.322,38,"False"
"6050","3081","CWT+DWT","T26","38",0.263,38,"False"
"6051","3082","CWT+DWT","T26","38",0.242,38,"False"
"6052","3083","CWT+DWT","T26","38",0.581,38,"False"
"6053","3084","CWT+DWT","T26","38",0.654,38,"False"
"6054","3085","CWT+DWT","T26","38",0.887,38,"False"
"6055","3086","CWT+DWT","T26","38",0.596,38,"False"
"6056","3087","CWT+DWT","T26","38",0.688,38,"False"
"6057","3088","CWT+DWT","T26","38",0.302,38,"False"
"6058","3089","CWT+DWT","T26","38",0.186,38,"False"
"6059","3090","CWT+DWT","T26","38",0.509,38,"False"
"6060","3093","CWT+DWT","T26","38",0.836,38,"False"
"6061","3094","CWT+DWT","T26","38",0.598,38,"False"
"6062","3098","CWT+DWT","T26","38",0.408,38,"False"
"6063","3099","CWT+DWT","T26","38",0.356,38,"False"
"6064","3100","CWT+DWT","T26","38",0.128,38,"False"
"6065","3107","CWT+DWT","T26","38",1.077,38,"False"
"6066","3108","CWT+DWT","T26","38",0.46,38,"False"
"6067","3110","CWT+DWT","T26","38",0.375,38,"False"
"6068","3122","CWT+DWT","T26","38",0.377,38,"False"
"6069","3128","CWT+DWT","T26","38",0.469,38,"False"
"6070","3129","CWT+DWT","T26","38",0.442,38,"False"
"6071","3133","CWT+DWT","T26","38",0.2,38,"False"
"6072","3134","CWT+DWT","T26","38",1.154,38,"False"
"6073","3135","CWT+DWT","T26","38",0.691,38,"False"
"6074","3143","CWT+DWT","T26","38",0.259,38,"False"
"6075","3145","CWT+DWT","T26","38",0.21,38,"False"
"6076","3147","CWT+DWT","T26","38",0.586,38,"False"
"6077","3150","CWT+DWT","T26","38",0.585,38,"False"
"6078","3365","CWT+DWT","T26","38",0.515,38,"False"
"6079","3467","CWT","T19","38",0.089,38,"True"
"6080","3468","CWT","T19","38",0.193,38,"False"
"6081","3469","CWT","T19","38",0.09,38,"False"
"6082","3470","CWT","T19","38",0.148,38,"False"
"6083","3474","CWT","T19","38",0.108,38,"False"
"6084","3477","CWT","T19","38",0.282,38,"False"
"6085","3478","CWT","T19","38",0.199,38,"False"
"6086","3479","CWT","T19","38",0.204,38,"False"
"6087","3483","CWT","T19","38",0.244,38,"False"
"6088","3485","CWT","T19","38",0.21,38,"False"
"6089","3486","CWT","T19","38",0.159,38,"False"
"6090","3488","CWT","T19","38",0.347,38,"False"
"6091","3491","CWT","T19","38",0.186,38,"False"
"6092","3492","CWT","T19","38",0.076,38,"False"
"6093","3494","CWT","T19","38",0.05,38,"False"
"6094","3495","CWT","T19","38",0.188,38,"False"
"6095","3496","CWT","T19","38",0.144,38,"False"
"6096","3497","CWT","T19","38",0.091,38,"False"
"6097","3500","CWT","T19","38",0.21,38,"False"
"6098","3501","CWT","T19","38",0.185,38,"False"
"6099","3503","CWT","T19","38",0.271,38,"False"
"6100","3504","CWT","T19","38",0.226,38,"False"
"6101","3505","CWT","T19","38",0.175,38,"False"
"6102","3401","CHE+DWT","T28","38",0.227,38,"False"
"6103","3402","CHE+DWT","T28","38",0.282,38,"False"
"6104","3409","CHE+DWT","T28","38",0.358,38,"False"
"6105","3411","CHE+DWT","T28","38",0.301,38,"False"
"6106","3419","CHE+DWT","T28","38",0.471,38,"False"
"6107","3423","CHE+DWT","T28","38",0.473,38,"False"
"6108","3430","CHE+DWT","T28","38",0.463,38,"False"
"6109","3440","CHE+DWT","T28","38",0.359,38,"False"
"6110","3441","CHE+DWT","T28","38",0.495,38,"False"
"6111","3445","CHE+DWT","T28","38",0.594,38,"False"
"6112","3512","CHE+DWT","T29","38",0.467,38,"False"
"6113","3516","CHE+DWT","T29","38",0.974,38,"False"
"6114","3517","CHE+DWT","T29","38",0.808,38,"False"
"6115","3519","CHE+DWT","T29","38",0.922,38,"False"
"6116","3520","CHE+DWT","T29","38",0.884,38,"False"
"6117","3521","CHE+DWT","T29","38",0.59,38,"False"
"6118","3525","CHE+DWT","T29","38",0.322,38,"False"
"6119","3526","CHE+DWT","T29","38",0.36,38,"False"
"6120","3528","CHE+DWT","T29","38",0.495,38,"False"
"6121","3529","CHE+DWT","T29","38",0.445,38,"False"
"6122","3530","CHE+DWT","T29","38",0.273,38,"False"
"6123","3533","CHE+DWT","T29","38",0.082,38,"False"
"6124","3534","CHE+DWT","T29","38",0.22,38,"False"
"6125","3537","CHE+DWT","T29","38",0.178,38,"False"
"6126","3539","CHE+DWT","T29","38",0.6,38,"False"
"6127","3541","CHE+DWT","T29","38",0.16,38,"False"
"6128","3543","CHE+DWT","T29","38",0.358,38,"False"
"6129","3547","CHE+DWT","T29","38",0.426,38,"False"
"6130","3548","CHE+DWT","T29","38",0.761,38,"False"
"6131","3552","CHE+DWT","T29","38",0.127,38,"False"
"6132","3554","CHE+DWT","T29","38",0.626,38,"False"
"6133","3556","CHE+DWT","T29","38",0.604,38,"False"
"6134","3561","CHE+DWT","T29","38",0.352,38,"False"
"6135","3562","CHE+DWT","T29","38",0.877,38,"False"
"6136","3564","CHE+DWT","T29","38",0.281,38,"False"
"6137","3565","CHE+DWT","T29","38",0.168,38,"False"
"6138","3566","CHE+DWT","T29","38",0.336,38,"False"
"6139","3568","CHE+DWT","T29","38",0.235,38,"False"
"6140","3569","CHE+DWT","T29","38",0.424,38,"False"
"6141","3570","CHE+DWT","T29","38",0.525,38,"False"
"6142","3575","CHE+DWT","T29","38",0.425,38,"False"
"6143","2128","CWT+DWT","T8","38",0.451,38,"False"
"6144","2129","CWT+DWT","T8","38",0.282,38,"False"
"6145","2130","CWT+DWT","T8","38",0.791,38,"False"
"6146","2131","CWT+DWT","T8","38",0.509,38,"False"
"6147","2132","CWT+DWT","T8","38",0.538,38,"False"
"6148","2133","CWT+DWT","T8","38",0.851,38,"False"
"6149","2134","CWT+DWT","T8","38",0.379,38,"False"
"6150","2135","CWT+DWT","T8","38",0.342,38,"False"
"6151","2136","CWT+DWT","T8","38",0.868,38,"False"
"6152","2137","CWT+DWT","T8","38",0.636,38,"False"
"6153","2138","CWT+DWT","T8","38",0.643,38,"False"
"6154","2139","CWT+DWT","T8","38",0.226,38,"False"
"6155","2142","CWT+DWT","T8","38",0.498,38,"False"
"6156","2145","CWT+DWT","T8","38",0.379,38,"False"
"6157","2148","CWT+DWT","T8","38",0.735,38,"False"
"6158","2151","CWT+DWT","T8","38",0.444,38,"False"
"6159","2152","CWT+DWT","T8","38",0.378,38,"False"
"6160","2153","CWT+DWT","T8","38",0.491,38,"False"
"6161","2154","CWT+DWT","T8","38",0.487,38,"False"
"6162","2157","CWT+DWT","T8","38",0.086,38,"False"
"6163","2158","CWT+DWT","T8","38",0.906,38,"False"
"6164","2159","CWT+DWT","T8","38",0.456,38,"False"
"6165","2160","CWT+DWT","T8","38",0.723,38,"False"
"6166","2161","CWT+DWT","T8","38",0.612,38,"False"
"6167","2163","CWT+DWT","T8","38",0.276,38,"False"
"6168","2164","CWT+DWT","T8","38",0.397,38,"False"
"6169","2165","CWT+DWT","T8","38",0.213,38,"False"
"6170","2166","CWT+DWT","T8","38",0.385,38,"False"
"6171","2169","CWT+DWT","T8","38",0.128,38,"False"
"6172","2170","CWT+DWT","T8","38",0.648,38,"False"
"6173","2171","CWT+DWT","T8","38",1.138,38,"False"
"6174","2172","CWT+DWT","T8","38",1.144,38,"False"
"6175","2173","CWT+DWT","T8","38",0.633,38,"False"
"6176","2175","CWT+DWT","T8","38",0.265,38,"False"
"6177","2179","CWT+DWT","T8","38",0.74,38,"False"
"6178","2181","CWT+DWT","T8","38",0.402,38,"False"
"6179","2183","CWT+DWT","T8","38",0.634,38,"False"
"6180","2184","CWT+DWT","T8","38",0.777,38,"False"
"6181","2185","CWT+DWT","T8","38",0.505,38,"False"
"6182","2186","CWT+DWT","T8","38",0.417,38,"False"
"6183","2188","CWT+DWT","T8","38",0.679,38,"False"
"6184","2189","CWT+DWT","T8","38",0.346,38,"False"
"6185","2190","CWT+DWT","T8","38",0.397,38,"False"
"6186","2191","CWT+DWT","T8","38",0.323,38,"False"
"6187","2193","CWT+DWT","T8","38",0.477,38,"False"
"6188","2194","CWT+DWT","T8","38",0.368,38,"False"
"6189","2220","CWT+DWT","T8","38",0.321,38,"False"
"6190","2222","CWT+DWT","T8","38",0.052,38,"False"
"6191","2223","CWT+DWT","T8","38",0.269,38,"False"
"6192","2224","CWT+DWT","T8","38",0.07,38,"False"
"6193","2225","CWT+DWT","T8","38",0.354,38,"False"
"6194","3595","DWT","T25","38",0.347,38,"False"
"6195","3596","DWT","T25","38",1.195,38,"False"
"6196","3597","DWT","T25","38",0.361,38,"False"
"6197","3598","DWT","T25","38",0.419,38,"False"
"6198","3600","DWT","T25","38",0.216,38,"False"
"6199","3603","DWT","T25","38",0.162,38,"False"
"6200","3604","DWT","T25","38",0.236,38,"False"
"6201","3605","DWT","T25","38",0.462,38,"False"
"6202","3608","DWT","T25","38",0.305,38,"False"
"6203","3611","DWT","T25","38",0.889,38,"False"
"6204","3612","DWT","T25","38",0.872,38,"False"
"6205","3613","DWT","T25","38",0.528,38,"False"
"6206","3614","DWT","T25","38",0.305,38,"False"
"6207","3616","DWT","T25","38",0.264,38,"False"
"6208","3621","DWT","T25","38",0.452,38,"False"
"6209","3622","DWT","T25","38",0.551,38,"False"
"6210","3623","DWT","T25","38",0.643,38,"False"
"6211","3624","DWT","T25","38",0.62,38,"False"
"6212","3625","DWT","T25","38",0.843,38,"False"
"6213","3626","DWT","T25","38",0.819,38,"False"
"6214","3627","DWT","T25","38",0.042,38,"True"
"6215","3628","DWT","T25","38",0.525,38,"False"
"6216","3630","DWT","T25","38",0.612,38,"False"
"6217","3631","DWT","T25","38",0.325,38,"False"
"6218","3632","DWT","T25","38",0.512,38,"False"
"6219","3633","DWT","T25","38",0.223,38,"False"
"6220","3634","DWT","T25","38",0.58,38,"False"
"6221","3637","DWT","T25","38",1.541,38,"False"
"6222","3638","DWT","T25","38",0.75,38,"False"
"6223","3639","DWT","T25","38",0.239,38,"False"
"6224","3640","DWT","T25","38",0.973,38,"False"
"6225","3641","DWT","T25","38",0.53,38,"False"
"6226","3642","DWT","T25","38",0.954,38,"False"
"6227","3644","DWT","T25","38",0.693,38,"False"
"6228","3645","DWT","T25","38",0.56,38,"False"
"6229","3656","CWT+DHE","T23","38",0.577,38,"False"
"6230","3660","CWT+DHE","T23","38",0.549,38,"False"
"6231","3662","CWT+DHE","T23","38",0.36,38,"False"
"6232","3663","CWT+DHE","T23","38",0.473,38,"False"
"6233","3664","CWT+DHE","T23","38",0.935,38,"False"
"6234","3665","CWT+DHE","T23","38",0.969,38,"True"
"6235","3666","CWT+DHE","T23","38",0.975,38,"False"
"6236","3667","CWT+DHE","T23","38",0.219,38,"False"
"6237","3668","CWT+DHE","T23","38",0.245,38,"False"
"6238","3669","CWT+DHE","T23","38",0.16,38,"False"
"6239","3670","CWT+DHE","T23","38",0.334,38,"False"
"6240","3673","CWT+DHE","T23","38",0.149,38,"False"
"6241","3674","CWT+DHE","T23","38",0.461,38,"False"
"6242","3677","CWT+DHE","T23","38",0.409,38,"False"
"6243","3678","CWT+DHE","T23","38",0.478,38,"True"
"6244","3679","CWT+DHE","T23","38",0.31,38,"True"
"6245","3680","CWT+DHE","T23","38",0.765,38,"False"
"6246","3682","CWT+DHE","T23","38",0.507,38,"False"
"6247","3683","CWT+DHE","T23","38",0.593,38,"False"
"6248","3684","CWT+DHE","T23","38",0.303,38,"False"
"6249","3685","CWT+DHE","T23","38",0.65,38,"False"
"6250","3686","CWT+DHE","T23","38",0.456,38,"False"
"6251","3689","CWT+DHE","T23","38",0.271,38,"False"
"6252","3690","CWT+DHE","T23","38",0.068,38,"False"
"6253","3691","CWT+DHE","T23","38",0.308,38,"False"
"6254","3692","CWT+DHE","T23","38",0.606,38,"False"
"6255","3693","CWT+DHE","T23","38",0.593,38,"False"
"6256","3694","CWT+DHE","T23","38",0.196,38,"True"
"6257","3695","CWT+DHE","T23","38",0.181,38,"True"
"6258","3696","CWT+DHE","T23","38",0.068,38,"True"
"6259","3697","CWT+DHE","T23","38",0.821,38,"False"
"6260","3698","CWT+DHE","T23","38",0.552,38,"False"
"6261","3699","CWT+DHE","T23","38",0.289,38,"True"
"6262","3700","CWT+DHE","T23","38",0.387,38,"False"
"6263","3709","CWT+DHE","T23","38",0.254,38,"False"
"6264","3710","CWT+DHE","T23","38",0.354,38,"False"
"6265","3711","CWT+DHE","T23","38",0.226,38,"False"
"6266","3712","CWT+DHE","T23","38",0.149,38,"False"
"6267","3713","CWT+DHE","T23","38",0.24,38,"False"
"6268","3714","CWT+DHE","T23","38",0.217,38,"False"
"6269","3715","CWT+DHE","T23","38",0.715,38,"True"
"6270","3718","CWT+DHE","T23","38",0.507,38,"False"
"6271","3719","CWT+DHE","T23","38",0.451,38,"True"
"6272","3720","CWT+DHE","T23","38",0.39,38,"True"
"6273","3721","CWT+DHE","T23","38",0.346,38,"True"
"6274","3722","CWT+DHE","T23","38",1.212,38,"True"
"6275","3723","CWT+DHE","T23","38",0.777,38,"True"
"6276","3724","CWT+DHE","T23","38",0.497,38,"True"
"6277","3726","CWT+DHE","T23","38",0.201,38,"False"
"6278","3728","CWT+DHE","T23","38",0.227,38,"False"
"6279","3729","CWT+DHE","T23","38",0.422,38,"False"
"6280","3730","CWT+DHE","T23","38",0.185,38,"False"
"6281","3731","CWT+DHE","T23","38",0.26,38,"False"
"6282","3732","CWT+DHE","T23","38",0.159,38,"False"
"6283","3733","CWT+DHE","T23","38",0.155,38,"True"
"6284","3734","CWT+DHE","T23","38",0.277,38,"True"
"6285","3737","CWT+DHE","T23","38",0.191,38,"False"
"6286","3738","CWT+DHE","T23","38",0.632,38,"False"
"6287","3739","CWT+DHE","T23","38",0.512,38,"True"
"6288","3740","CWT+DHE","T23","38",0.34,38,"True"
"6289","3741","CWT+DHE","T23","38",0.419,38,"True"
"6290","3742","CWT+DHE","T23","38",0.25,38,"True"
"6291","3745","CWT+DHE","T23","38",0.356,38,"False"
"6292","3746","CWT+DHE","T23","38",0.788,38,"False"
"6293","3747","CWT+DHE","T23","38",0.123,38,"True"
"6294","3750","CWT+DHE","T23","38",0.511,38,"False"
"6295","3752","CWT+DHE","T23","38",0.687,38,"False"
"6296","3753","CWT+DHE","T23","38",0.472,38,"False"
"6297","3756","CWT+DHE","T23","38",0.683,38,"False"
"6298","3757","CWT+DHE","T23","38",0.905,38,"False"
"6299","3758","CWT+DHE","T23","38",0.238,38,"False"
"6300","3759","CWT+DHE","T23","38",0.71,38,"True"
"6301","3762","CWT+DHE","T23","38",0.266,38,"True"
"6302","3763","CWT+DHE","T23","38",0.577,38,"True"
"6303","3764","CWT+DHE","T23","38",0.746,38,"True"
"6304","3765","CWT+DHE","T23","38",0.447,38,"False"
"6305","3766","CWT+DHE","T23","38",0.381,38,"True"
"6306","3767","CWT+DHE","T23","38",0.265,38,"True"
"6307","3768","CWT+DHE","T23","38",0.551,38,"True"
"6308","3769","CWT+DHE","T23","38",0.319,38,"True"
"6309","3770","CWT+DHE","T23","38",0.95,38,"True"
"6310","3771","CWT+DHE","T23","38",0.629,38,"True"
"6311","3772","CWT+DHE","T23","38",0.219,38,"False"
"6312","3773","CWT+DHE","T23","38",0.771,38,"True"
"6313","3774","CWT+DHE","T23","38",0.445,38,"True"
"6314","3775","CWT+DHE","T23","38",0.356,38,"True"
"6315","3776","CWT+DHE","T23","38",0.351,38,"True"
"6316","3779","CWT+DHE","T23","38",0.518,38,"True"
"6317","3780","CWT+DHE","T23","38",0.942,38,"False"
"6318","3781","CWT+DHE","T23","38",0.549,38,"True"
"6319","3782","CWT+DHE","T23","38",0.333,38,"True"
"6320","3785","CWT+DHE","T23","38",0.497,38,"True"
"6321","3787","CWT+DHE","T23","38",0.675,38,"False"
"6322","3789","CWT+DHE","T23","38",0.539,38,"False"
"6323","3790","CWT+DHE","T23","38",1.099,38,"False"
"6324","3791","CWT+DHE","T23","38",1.073,38,"True"
"6325","3793","CWT+DHE","T23","38",0.524,38,"True"
"6326","3795","CWT+DHE","T23","38",0.123,38,"True"
"6327","3796","CWT+DHE","T23","38",0.381,38,"True"
"6328","3799","CWT+DHE","T23","38",0.81,38,"False"
"6329","3801","CWT+DHE","T23","38",0.313,38,"True"
"6330","3806","CWT+DHE","T23","38",0.191,38,"False"
"6331","3807","CWT+DHE","T23","38",0.492,38,"True"
"6332","3808","CWT+DHE","T23","38",0.496,38,"False"
"6333","3809","CWT+DHE","T23","38",0.405,38,"False"
"6334","3810","CWT+DHE","T23","38",0.897,38,"False"
"6335","3815","CWT+DHE","T23","38",0.832,38,"False"
"6336","3816","CWT+DHE","T23","38",0.259,38,"False"
"6337","3817","CWT+DHE","T23","38",0.314,38,"False"
"6338","3819","CWT+DHE","T23","38",0.91,38,"False"
"6339","3834","CWT+DHE","T23","38",0.648,38,"False"
"6340","3835","CWT+DHE","T23","38",0.924,38,"False"
"6341","3840","CWT+DHE","T23","38",0.688,38,"False"
"6342","3843","CWT+DHE","T23","38",0.687,38,"False"
"6343","3850","CWT+DHE","T23","38",0.727,38,"True"
"6344","3853","CWT+DHE","T23","38",0.53,38,"True"
"6345","3854","CWT+DHE","T23","38",0.625,38,"False"
"6346","3855","CWT+DHE","T23","38",0.19,38,"False"
"6347","3856","CWT+DHE","T23","38",0.487,38,"False"
"6348","3857","CWT+DHE","T23","38",0.14,38,"False"
"6349","3858","CWT+DHE","T23","38",0.498,38,"False"
"6350","3859","CWT+DHE","T23","38",1.142,38,"False"
"6351","3862","CWT+DHE","T23","38",0.652,38,"False"
"6352","3863","CWT+DHE","T23","38",0.82,38,"False"
"6353","3864","CWT+DHE","T23","38",0.289,38,"True"
"6354","3865","CWT+DHE","T23","38",0.129,38,"False"
"6355","3866","CWT+DHE","T23","38",0.691,38,"False"
"6356","3869","CWT+DHE","T23","38",0.21,38,"True"
"6357","3896","CHE","T30","38",0.232,38,"False"
"6358","3903","CHE","T30","38",0.269,38,"False"
"6359","3904","CHE","T30","38",0.12,38,"False"
"6360","3912","CHE","T30","38",0.088,38,"False"
"6361","3915","CHE","T30","38",0.213,38,"False"
"6362","3917","CHE","T30","38",0.342,38,"False"
"6363","3920","CHE","T30","38",0.166,38,"False"
"6364","3921","CHE","T30","38",0.059,38,"False"
"6365","3922","CHE","T30","38",0.098,38,"False"
"6366","3923","CHE","T30","38",0.233,38,"False"
"6367","3924","CHE","T30","38",0.152,38,"False"
"6368","3928","CHE","T30","38",0.153,38,"False"
"6369","3929","CHE","T30","38",0.21,38,"False"
"6370","3937","CHE","T30","38",0.07,38,"False"
"6371","3938","CHE","T30","38",0.253,38,"False"
"6372","3940","CHE","T30","38",0.124,38,"False"
"6373","3941","CHE","T30","38",0.141,38,"False"
"6374","3942","CHE","T30","38",0.217,38,"False"
"6375","3945","CHE","T30","38",0.147,38,"False"
"6376","3946","CHE","T30","38",0.11,38,"False"
"6377","3953","CHE","T30","38",0.064,38,"False"
"6378","31","CWT+DHE","T1","46",0.335,46,"False"
"6379","52","CWT+DHE","T1","46",0.799,46,"False"
"6380","53","CWT+DHE","T1","46",2.3,46,"False"
"6381","65","CWT+DHE","T1","46",0.326,46,"False"
"6382","78","CWT+DHE","T1","46",0.287,46,"False"
"6383","79","CWT+DHE","T1","46",0.221,46,"False"
"6384","80","CWT+DHE","T1","46",0.521,46,"False"
"6385","81","CWT+DHE","T1","46",0.81,46,"False"
"6386","117","CWT+DHE","T1","46",0.59,46,"False"
"6387","132","CWT+DHE","T1","46",0.807,46,"False"
"6388","137","CWT+DHE","T1","46",1.177,46,"False"
"6389","156","CWT+DHE","T1","46",1.657,46,"False"
"6390","157","CWT+DHE","T1","46",1.029,46,"False"
"6391","1000","CWT+DHE","T1","46",0.872,46,"False"
"6392","1003","CWT+DHE","T1","46",0.334,46,"True"
"6393","164","CWT","T2","46",0.501,46,"False"
"6394","165a","CWT","T2","46",0.319,46,"False"
"6395","165b","CWT","T2","46",0.524,46,"False"
"6396","168","CWT","T2","46",0.659,46,"False"
"6397","183","CWT","T2","46",0.288,46,"False"
"6398","187","CWT","T2","46",0.324,46,"False"
"6399","222","CWT","T2","46",0.239,46,"False"
"6400","250","CWT","T2","46",0.38,46,"False"
"6401","1029","CWT","T2","46",0.479,46,"False"
"6402","1033","CWT","T2","46",0.368,46,"False"
"6403","1034","CWT","T2","46",0.285,46,"False"
"6404","1035","CWT","T2","46",0.519,46,"False"
"6405","1038","CWT","T2","46",0.211,46,"False"
"6406","1040","CWT","T2","46",0.362,46,"False"
"6407","1042","CWT","T2","46",0.166,46,"False"
"6408","1045","CWT","T2","46",0.455,46,"False"
"6409","1049","CWT","T2","46",0.265,46,"False"
"6410","1051","CWT","T2","46",0.601,46,"False"
"6411","1052","CWT","T2","46",0.315,46,"False"
"6412","1054","CWT","T2","46",0.093,46,"False"
"6413","709","DHE","T3","46",0.263,46,"False"
"6414","766","DHE","T3","46",0.239,46,"False"
"6415","1056","DHE","T3","46",0.441,46,"False"
"6416","1057","DHE","T3","46",0.289,46,"False"
"6417","1058","DHE","T3","46",0.884,46,"False"
"6418","1059","DHE","T3","46",0.425,46,"False"
"6419","1060","DHE","T3","46",0.654,46,"False"
"6420","1061","DHE","T3","46",0.652,46,"False"
"6421","1062","DHE","T3","46",0.661,46,"False"
"6422","1063","DHE","T3","46",0.241,46,"False"
"6423","1065","DHE","T3","46",1.285,46,"False"
"6424","1067","DHE","T3","46",0.79,46,"False"
"6425","1068","DHE","T3","46",0.663,46,"False"
"6426","1069","DHE","T3","46",0.564,46,"False"
"6427","1070","DHE","T3","46",2.577,46,"False"
"6428","1072","DHE","T3","46",0.237,46,"False"
"6429","1073","DHE","T3","46",1.433,46,"False"
"6430","1075","DHE","T3","46",1.697,46,"False"
"6431","1077","DHE","T3","46",0.976,46,"False"
"6432","1078","DHE","T3","46",0.411,46,"False"
"6433","1079","DHE","T3","46",1.531,46,"False"
"6434","1080","DHE","T3","46",0.614,46,"False"
"6435","1083","DHE","T3","46",0.88,46,"False"
"6436","1084","DHE","T3","46",1.607,46,"False"
"6437","1085","DHE","T3","46",1.094,46,"False"
"6438","1086","DHE","T3","46",0.514,46,"False"
"6439","1087","DHE","T3","46",1.289,46,"False"
"6440","1088","DHE","T3","46",0.282,46,"False"
"6441","1091","DHE","T3","46",0.306,46,"False"
"6442","1092","DHE","T3","46",0.627,46,"False"
"6443","160","CWT","T4","46",0.594,46,"False"
"6444","161","CWT","T4","46",0.48,46,"False"
"6445","163","CWT","T4","46",0.144,46,"False"
"6446","166","CWT","T4","46",0.327,46,"False"
"6447","170","CWT","T4","46",0.083,46,"False"
"6448","171","CWT","T4","46",0.501,46,"False"
"6449","178","CWT","T4","46",0.538,46,"False"
"6450","179","CWT","T4","46",0.471,46,"False"
"6451","180","CWT","T4","46",0.293,46,"False"
"6452","186","CWT","T4","46",0.299,46,"False"
"6453","189","CWT","T4","46",0.42,46,"False"
"6454","193","CWT","T4","46",0.346,46,"False"
"6455","194","CWT","T4","46",0.256,46,"False"
"6456","197","CWT","T4","46",0.85,46,"False"
"6457","198","CWT","T4","46",0.383,46,"False"
"6458","199","CWT","T4","46",0.185,46,"False"
"6459","200","CWT","T4","46",0.288,46,"False"
"6460","201","CWT","T4","46",0.162,46,"False"
"6461","202","CWT","T4","46",0.156,46,"False"
"6462","203","CWT","T4","46",0.274,46,"False"
"6463","205","CWT","T4","46",0.452,46,"False"
"6464","206","CWT","T4","46",0.321,46,"False"
"6465","212","CWT","T4","46",0.666,46,"False"
"6466","213","CWT","T4","46",0.35,46,"False"
"6467","214","CWT","T4","46",0.171,46,"False"
"6468","220","CWT","T4","46",0.642,46,"False"
"6469","221","CWT","T4","46",0.605,46,"False"
"6470","223","CWT","T4","46",0.596,46,"False"
"6471","225","CWT","T4","46",0.466,46,"False"
"6472","226","CWT","T4","46",0.33,46,"False"
"6473","227","CWT","T4","46",0.342,46,"False"
"6474","228","CWT","T4","46",0.382,46,"False"
"6475","229","CWT","T4","46",0.524,46,"False"
"6476","230","CWT","T4","46",0.261,46,"False"
"6477","231","CWT","T4","46",0.112,46,"False"
"6478","232","CWT","T4","46",0.381,46,"False"
"6479","233","CWT","T4","46",0.128,46,"False"
"6480","236","CWT","T4","46",0.298,46,"False"
"6481","237","CWT","T4","46",0.444,46,"False"
"6482","238","CWT","T4","46",0.366,46,"False"
"6483","241","CWT","T4","46",0.456,46,"False"
"6484","242","CWT","T4","46",0.395,46,"False"
"6485","246","CWT","T4","46",0.46,46,"False"
"6486","247","CWT","T4","46",0.402,46,"False"
"6487","248","CWT","T4","46",0.621,46,"False"
"6488","255","CWT","T4","46",0.105,46,"False"
"6489","256","CWT","T4","46",0.797,46,"False"
"6490","262","CWT","T4","46",0.442,46,"False"
"6491","263","CWT","T4","46",0.552,46,"False"
"6492","267","CWT","T4","46",0.495,46,"False"
"6493","268","CWT","T4","46",0.506,46,"False"
"6494","276","CWT","T4","46",0.481,46,"False"
"6495","278","CWT","T4","46",0.163,46,"False"
"6496","1111","CWT","T4","46",0.17,46,"True"
"6497","1112","CWT","T4","46",0.455,46,"True"
"6498","1113","CWT","T4","46",0.465,46,"False"
"6499","1114","CWT","T4","46",0.134,46,"False"
"6500","1115","CWT","T4","46",0.248,46,"False"
"6501","1117","CWT","T4","46",0.339,46,"True"
"6502","1118","CWT","T4","46",0.217,46,"False"
"6503","1120","CWT","T4","46",0.473,46,"False"
"6504","1121","CWT","T4","46",0.129,46,"True"
"6505","1122","CWT","T4","46",0.138,46,"True"
"6506","1123","CWT","T4","46",0.043,46,"True"
"6507","1125","CWT","T4","46",0.585,46,"True"
"6508","1126","CWT","T4","46",0.529,46,"True"
"6509","1128","CWT","T4","46",0.308,46,"True"
"6510","1129","CWT","T4","46",0.147,46,"True"
"6511","1130","CWT","T4","46",0.251,46,"True"
"6512","1131","CWT","T4","46",0.527,46,"True"
"6513","1132","CWT","T4","46",0.628,46,"True"
"6514","1134","CWT","T4","46",0.517,46,"False"
"6515","1137","CWT","T4","46",0.398,46,"True"
"6516","1138","CWT","T4","46",0.433,46,"True"
"6517","1139","CWT","T4","46",0.347,46,"True"
"6518","1140","CWT","T4","46",0.303,46,"True"
"6519","1141","CWT","T4","46",0.69,46,"True"
"6520","1142","CWT","T4","46",0.372,46,"True"
"6521","1143","CWT","T4","46",0.34,46,"True"
"6522","1144","CWT","T4","46",0.285,46,"True"
"6523","1149","CWT","T4","46",0.318,46,"False"
"6524","1151","CWT","T4","46",0.158,46,"False"
"6525","1153","CWT","T4","46",0.49,46,"False"
"6526","1154","CWT","T4","46",0.386,46,"False"
"6527","1155","CWT","T4","46",0.111,46,"False"
"6528","1156","CWT","T4","46",0.341,46,"True"
"6529","1157","CWT","T4","46",0.324,46,"False"
"6530","1160","CWT","T4","46",0.148,46,"False"
"6531","1161","CWT","T4","46",0.22,46,"True"
"6532","1162","CWT","T4","46",0.231,46,"True"
"6533","1167","CWT","T4","46",0.314,46,"False"
"6534","1181","CWT","T4","46",0.051,46,"True"
"6535","1183","CHE+DWT","T5","46",0.806,46,"False"
"6536","1188","CHE+DWT","T5","46",0.387,46,"False"
"6537","1190","CHE+DWT","T5","46",0.517,46,"False"
"6538","1192","CHE+DWT","T5","46",0.716,46,"False"
"6539","1195","CHE+DWT","T5","46",0.863,46,"False"
"6540","1196","CHE+DWT","T5","46",0.67,46,"False"
"6541","1199","CHE+DWT","T5","46",1.313,46,"False"
"6542","1200","CHE+DWT","T5","46",0.612,46,"False"
"6543","1201","CHE+DWT","T5","46",0.711,46,"False"
"6544","1204","CHE+DWT","T5","46",0.471,46,"False"
"6545","1208","CHE+DWT","T5","46",0.415,46,"False"
"6546","1209","CHE+DWT","T5","46",0.103,46,"False"
"6547","1210","CHE+DWT","T5","46",0.388,46,"False"
"6548","1213","CHE+DWT","T5","46",0.436,46,"False"
"6549","1223","CHE+DWT","T5","46",0.415,46,"False"
"6550","1225","CHE+DWT","T5","46",0.488,46,"False"
"6551","1229","CHE+DWT","T5","46",0.561,46,"False"
"6552","1231","CHE+DWT","T5","46",0.535,46,"False"
"6553","1232","CHE+DWT","T5","46",0.2,46,"False"
"6554","1233","CHE+DWT","T5","46",0.531,46,"False"
"6555","1234","CHE+DWT","T5","46",0.295,46,"False"
"6556","1237","CHE+DWT","T5","46",0.461,46,"False"
"6557","1240","CHE+DWT","T5","46",0.474,46,"False"
"6558","1242","CHE+DWT","T5","46",0.481,46,"False"
"6559","1245","CHE+DWT","T5","46",0.34,46,"False"
"6560","1246","CHE+DWT","T5","46",0.505,46,"False"
"6561","1250","CHE+DWT","T5","46",0.143,46,"False"
"6562","1251","CHE+DWT","T5","46",0.377,46,"False"
"6563","1252","CHE+DWT","T5","46",0.477,46,"False"
"6564","1254","CHE+DWT","T5","46",0.51,46,"False"
"6565","1261","CHE+DWT","T5","46",0.843,46,"False"
"6566","1263","CHE+DWT","T5","46",0.261,46,"False"
"6567","1266","CHE+DWT","T5","46",0.168,46,"False"
"6568","1270","CHE+DWT","T5","46",0.307,46,"False"
"6569","1272","CHE+DWT","T5","46",0.396,46,"False"
"6570","1303","CHE+DWT","T5","46",0.609,46,"False"
"6571","1309","CHE","T7","46",0.547,46,"False"
"6572","1310","CHE","T7","46",1.376,46,"False"
"6573","1311","CHE","T7","46",1.362,46,"False"
"6574","1316","CHE","T7","46",0.525,46,"False"
"6575","1318","CHE","T7","46",0.852,46,"False"
"6576","1319","CHE","T7","46",0.089,46,"True"
"6577","1320","CHE","T7","46",0.397,46,"False"
"6578","1322","CHE","T7","46",0.916,46,"False"
"6579","1326","CHE","T7","46",0.618,46,"False"
"6580","1327","CHE","T7","46",0.487,46,"False"
"6581","1331","CHE","T7","46",1.085,46,"False"
"6582","1333","CHE","T7","46",1.394,46,"False"
"6583","1334","CHE","T7","46",0.815,46,"False"
"6584","1337","CHE","T7","46",0.582,46,"False"
"6585","1338","CHE","T7","46",1.169,46,"False"
"6586","1340","CHE","T7","46",0.217,46,"False"
"6587","1341","CHE","T7","46",0.776,46,"False"
"6588","1342","CHE","T7","46",0.527,46,"False"
"6589","1343","CHE","T7","46",0.252,46,"False"
"6590","1344","CHE","T7","46",0.72,46,"False"
"6591","1345","CHE","T7","46",0.36,46,"False"
"6592","1346","CHE","T7","46",0.362,46,"False"
"6593","1347","CHE","T7","46",0.64,46,"False"
"6594","1348","CHE","T7","46",0.804,46,"False"
"6595","1349","CHE","T7","46",1.045,46,"False"
"6596","1350","CHE","T7","46",0.086,46,"False"
"6597","1351","CHE","T7","46",0.25,46,"False"
"6598","1424","CWT+DHE","T11","46",0.603,46,"False"
"6599","1425","CWT+DHE","T11","46",0.742,46,"False"
"6600","1426","CWT+DHE","T11","46",0.919,46,"False"
"6601","1427","CWT+DHE","T11","46",0.805,46,"False"
"6602","1429","CWT+DHE","T11","46",0.597,46,"False"
"6603","1430","CWT+DHE","T11","46",0.725,46,"False"
"6604","1431","CWT+DHE","T11","46",0.516,46,"False"
"6605","1432","CWT+DHE","T11","46",0.251,46,"False"
"6606","1434","CWT+DHE","T11","46",0.706,46,"False"
"6607","1435","CWT+DHE","T11","46",1.246,46,"False"
"6608","1436","CWT+DHE","T11","46",0.641,46,"False"
"6609","1437","CWT+DHE","T11","46",1.063,46,"False"
"6610","1441","CWT+DHE","T11","46",2.154,46,"False"
"6611","1442","CWT+DHE","T11","46",1.94,46,"False"
"6612","1443","CWT+DHE","T11","46",0.612,46,"False"
"6613","1444","CWT+DHE","T11","46",0.441,46,"False"
"6614","1445","CWT+DHE","T11","46",0.86,46,"False"
"6615","1446","CWT+DHE","T11","46",0.803,46,"False"
"6616","1447","CWT+DHE","T11","46",1.753,46,"False"
"6617","1449","CWT+DHE","T11","46",0.846,46,"False"
"6618","1450","CWT+DHE","T11","46",0.733,46,"False"
"6619","1451","CWT+DHE","T11","46",0.368,46,"False"
"6620","1455","CWT+DHE","T11","46",1.194,46,"False"
"6621","1459","CWT+DHE","T11","46",0.282,46,"False"
"6622","1465","CWT+DHE","T11","46",0.175,46,"False"
"6623","1475","CWT+DHE","T11","46",2.464,46,"False"
"6624","1482","CWT+DHE","T11","46",0.155,46,"False"
"6625","1484","CWT+DHE","T11","46",0.192,46,"False"
"6626","1488","CWT+DHE","T11","46",0.082,46,"True"
"6627","1489","CWT+DHE","T11","46",0.316,46,"True"
"6628","1495","CWT+DHE","T11","46",0.285,46,"False"
"6629","1496","CWT+DHE","T11","46",0.529,46,"False"
"6630","1497","CWT+DHE","T11","46",0.555,46,"False"
"6631","1498","CWT+DHE","T11","46",0.371,46,"False"
"6632","1499","CWT+DHE","T11","46",0.679,46,"False"
"6633","1503","CWT+DHE","T11","46",0.222,46,"False"
"6634","1504","CWT+DHE","T11","46",1.565,46,"False"
"6635","1506","CWT+DHE","T11","46",0.364,46,"False"
"6636","1507","CWT+DHE","T11","46",0.52,46,"False"
"6637","1508","CWT+DHE","T11","46",0.306,46,"False"
"6638","1511","CWT+DHE","T11","46",0.302,46,"False"
"6639","1513","CWT+DHE","T11","46",0.713,46,"False"
"6640","1515","CWT+DHE","T11","46",0.656,46,"False"
"6641","1516","CWT+DHE","T11","46",0.067,46,"False"
"6642","1517","CWT+DHE","T11","46",0.763,46,"False"
"6643","1518","CWT+DHE","T11","46",0.73,46,"False"
"6644","1519","CWT+DHE","T11","46",0.332,46,"False"
"6645","1520","CWT+DHE","T11","46",0.229,46,"False"
"6646","1521","CWT+DHE","T11","46",0.309,46,"False"
"6647","1531","CWT+DHE","T11","46",0.899,46,"False"
"6648","1535","CHE+DHE","T6","46",0.579,46,"True"
"6649","1536","CHE+DHE","T6","46",1.63,46,"False"
"6650","1538","CHE+DHE","T6","46",0.452,46,"True"
"6651","1539","CHE+DHE","T6","46",0.439,46,"False"
"6652","1540","CHE+DHE","T6","46",0.923,46,"False"
"6653","1541","CHE+DHE","T6","46",0.16,46,"False"
"6654","1544","CHE+DHE","T6","46",0.43,46,"False"
"6655","1546","CHE+DHE","T6","46",0.195,46,"True"
"6656","1547","CHE+DHE","T6","46",0.302,46,"True"
"6657","1548","CHE+DHE","T6","46",0.052,46,"True"
"6658","1549","CHE+DHE","T6","46",0.494,46,"True"
"6659","1550","CHE+DHE","T6","46",0.514,46,"True"
"6660","1551","CHE+DHE","T6","46",0.636,46,"True"
"6661","1553","CHE+DHE","T6","46",0.355,46,"False"
"6662","1554","CHE+DHE","T6","46",0.485,46,"False"
"6663","1556","CHE+DHE","T6","46",1.218,46,"False"
"6664","1557","CHE+DHE","T6","46",1.969,46,"True"
"6665","1562","CHE+DHE","T6","46",0.698,46,"False"
"6666","1563","CHE+DHE","T6","46",1.195,46,"True"
"6667","1564","CHE+DHE","T6","46",1.259,46,"True"
"6668","1590","CHE+DHE","T6","46",0.419,46,"False"
"6669","1593","CHE+DHE","T6","46",0.513,46,"True"
"6670","1595","CHE+DHE","T6","46",1.37,46,"True"
"6671","1603","CHE+DHE","T6","46",2.085,46,"False"
"6672","1605","CHE+DHE","T6","46",0.789,46,"False"
"6673","1606","CHE+DHE","T6","46",0.752,46,"False"
"6674","1607","CHE+DHE","T6","46",0.911,46,"False"
"6675","1636","CHE+DHE","T6","46",1.45,46,"False"
"6676","1637","CHE+DHE","T6","46",1.193,46,"False"
"6677","1640","CHE+DHE","T6","46",1.46,46,"False"
"6678","1641","CHE+DHE","T6","46",1.238,46,"False"
"6679","1647","CHE+DHE","T6","46",0.498,46,"False"
"6680","1655","CHE+DHE","T6","46",0.687,46,"False"
"6681","1660","CHE+DHE","T6","46",1.113,46,"False"
"6682","1661","CHE+DHE","T6","46",1.926,46,"False"
"6683","1662","CHE+DHE","T6","46",1.601,46,"False"
"6684","1664","CHE+DHE","T6","46",0.596,46,"False"
"6685","1665","CHE+DHE","T6","46",0.985,46,"False"
"6686","1672","CHE+DHE","T6","46",0.083,46,"False"
"6687","1679","CHE+DHE","T6","46",0.126,46,"True"
"6688","1355","DHE","T9","46",0.355,46,"False"
"6689","1356","DHE","T9","46",0.52,46,"False"
"6690","1357","DHE","T9","46",0.529,46,"False"
"6691","1363","DHE","T9","46",0.401,46,"False"
"6692","1376","DHE","T9","46",0.245,46,"False"
"6693","1377","DHE","T9","46",0.125,46,"False"
"6694","1380","DHE","T9","46",0.575,46,"False"
"6695","1383","DHE","T9","46",0.326,46,"False"
"6696","1384","DHE","T9","46",0.24,46,"False"
"6697","1385","DHE","T9","46",0.184,46,"False"
"6698","1386","DHE","T9","46",0.317,46,"False"
"6699","1392","DHE","T9","46",0.347,46,"False"
"6700","1394","DHE","T9","46",0.103,46,"False"
"6701","1397","DHE","T9","46",0.285,46,"False"
"6702","1398","DHE","T9","46",0.207,46,"False"
"6703","1399","DHE","T9","46",0.442,46,"False"
"6704","1400","DHE","T9","46",0.08,46,"False"
"6705","1401","DHE","T9","46",0.317,46,"False"
"6706","1404","DHE","T9","46",0.345,46,"False"
"6707","1405","DHE","T9","46",0.338,46,"False"
"6708","1406","DHE","T9","46",0.086,46,"False"
"6709","1407","DHE","T9","46",0.414,46,"False"
"6710","1408","DHE","T9","46",0.235,46,"False"
"6711","1410","DHE","T9","46",0.326,46,"False"
"6712","1411","DHE","T9","46",0.061,46,"False"
"6713","1412","DHE","T9","46",0.214,46,"False"
"6714","1414","DHE","T9","46",0.162,46,"False"
"6715","1415","DHE","T9","46",0.072,46,"False"
"6716","1416","DHE","T9","46",0.125,46,"False"
"6717","1420","DHE","T9","46",0.182,46,"False"
"6718","1421","DHE","T9","46",0.165,46,"False"
"6719","1926","CHE+DWT","T12","46",0.749,46,"False"
"6720","1927","CHE+DWT","T12","46",0.523,46,"False"
"6721","1928","CHE+DWT","T12","46",0.645,46,"False"
"6722","1929","CHE+DWT","T12","46",0.345,46,"False"
"6723","1933","CHE+DWT","T12","46",0.283,46,"False"
"6724","1937","CHE+DWT","T12","46",0.727,46,"False"
"6725","1940","CHE+DWT","T12","46",0.426,46,"False"
"6726","1943","CHE+DWT","T12","46",0.137,46,"False"
"6727","1950","CHE+DWT","T12","46",0.328,46,"False"
"6728","1956","CHE+DWT","T12","46",0.536,46,"False"
"6729","1970","CHE+DWT","T12","46",0.63,46,"False"
"6730","1971","CHE+DWT","T12","46",0.349,46,"False"
"6731","1986","CHE+DWT","T12","46",0.488,46,"False"
"6732","1615","CHE+DHE","T14","46",0.655,46,"False"
"6733","1616","CHE+DHE","T14","46",0.303,46,"False"
"6734","1633","CHE+DHE","T14","46",0.344,46,"False"
"6735","1761","CHE+DHE","T14","46",0.651,46,"False"
"6736","1763","CHE+DHE","T14","46",1.544,46,"False"
"6737","1764","CHE+DHE","T14","46",0.787,46,"False"
"6738","1766","CHE+DHE","T14","46",0.683,46,"True"
"6739","1767","CHE+DHE","T14","46",0.896,46,"False"
"6740","1770","CHE+DHE","T14","46",0.651,46,"True"
"6741","1771","CHE+DHE","T14","46",1.464,46,"False"
"6742","1772","CHE+DHE","T14","46",0.551,46,"True"
"6743","1773","CHE+DHE","T14","46",1.181,46,"True"
"6744","1774","CHE+DHE","T14","46",0.836,46,"False"
"6745","1775","CHE+DHE","T14","46",1.002,46,"True"
"6746","1776","CHE+DHE","T14","46",0.567,46,"True"
"6747","1777","CHE+DHE","T14","46",1.262,46,"False"
"6748","1780","CHE+DHE","T14","46",0.695,46,"False"
"6749","1786","CHE+DHE","T14","46",0.776,46,"True"
"6750","1787","CHE+DHE","T14","46",0.702,46,"True"
"6751","1790","CHE+DHE","T14","46",1.38,46,"True"
"6752","1794","CHE+DHE","T14","46",0.365,46,"True"
"6753","1803","CHE+DHE","T14","46",0.108,46,"True"
"6754","1806","CHE+DHE","T14","46",0.535,46,"False"
"6755","1807","CHE+DHE","T14","46",0.46,46,"True"
"6756","1809","CHE+DHE","T14","46",0.795,46,"True"
"6757","1810","CHE+DHE","T14","46",0.778,46,"False"
"6758","1811","CHE+DHE","T14","46",0.326,46,"True"
"6759","1814","CHE+DHE","T14","46",1.171,46,"False"
"6760","1821","CHE+DHE","T14","46",0.507,46,"True"
"6761","1824","CHE+DHE","T14","46",0.757,46,"True"
"6762","1825","CHE+DHE","T14","46",0.828,46,"False"
"6763","1827","CHE+DHE","T14","46",1.506,46,"False"
"6764","1830","CHE+DHE","T14","46",0.767,46,"True"
"6765","1831","CHE+DHE","T14","46",1.971,46,"True"
"6766","1839","CHE+DHE","T14","46",0.245,46,"False"
"6767","1840","CHE+DHE","T14","46",0.725,46,"False"
"6768","1841","CHE+DHE","T14","46",0.739,46,"False"
"6769","1848","CHE+DHE","T14","46",1.31,46,"False"
"6770","1849","CHE+DHE","T14","46",0.284,46,"False"
"6771","1850","CHE+DHE","T14","46",0.71,46,"False"
"6772","1851","CHE+DHE","T14","46",0.691,46,"False"
"6773","1854","CHE+DHE","T14","46",0.771,46,"False"
"6774","1855","CHE+DHE","T14","46",0.956,46,"False"
"6775","1856","CHE+DHE","T14","46",2.074,46,"False"
"6776","1857","CHE+DHE","T14","46",0.993,46,"False"
"6777","1858","CHE+DHE","T14","46",0.955,46,"False"
"6778","1859","CHE+DHE","T14","46",1.227,46,"False"
"6779","1860","CHE+DHE","T14","46",0.159,46,"False"
"6780","1861","CHE+DHE","T14","46",1.594,46,"False"
"6781","1862","CHE+DHE","T14","46",0.882,46,"False"
"6782","1863","CHE+DHE","T14","46",0.699,46,"False"
"6783","1864","CHE+DHE","T14","46",1.185,46,"False"
"6784","1866","CHE+DHE","T14","46",0.587,46,"False"
"6785","1873","CHE+DHE","T14","46",0.68,46,"False"
"6786","1874","CHE+DHE","T14","46",1.079,46,"True"
"6787","1876","CHE+DHE","T14","46",1.296,46,"False"
"6788","1878","CHE+DHE","T14","46",0.969,46,"False"
"6789","1879","CHE+DHE","T14","46",1.122,46,"False"
"6790","1880","CHE+DHE","T14","46",1.397,46,"False"
"6791","1881","CHE+DHE","T14","46",1.112,46,"True"
"6792","1884","CHE+DHE","T14","46",0.555,46,"False"
"6793","1887","CHE+DHE","T14","46",1.322,46,"False"
"6794","1888","CHE+DHE","T14","46",0.553,46,"False"
"6795","1889","CHE+DHE","T14","46",1.134,46,"False"
"6796","1894","CHE+DHE","T14","46",0.87,46,"False"
"6797","1896","CHE+DHE","T14","46",1.086,46,"False"
"6798","1897","CHE+DHE","T14","46",0.223,46,"False"
"6799","1898","CHE+DHE","T14","46",1.196,46,"False"
"6800","1899","CHE+DHE","T14","46",0.651,46,"False"
"6801","1901","CHE+DHE","T14","46",0.829,46,"False"
"6802","1904","CHE+DHE","T14","46",1.081,46,"False"
"6803","1905","CHE+DHE","T14","46",1.445,46,"False"
"6804","1906","CHE+DHE","T14","46",1.553,46,"False"
"6805","1907","CHE+DHE","T14","46",1.158,46,"False"
"6806","1908","CHE+DHE","T14","46",1.065,46,"False"
"6807","1910","CHE+DHE","T14","46",1.196,46,"False"
"6808","1911","CHE+DHE","T14","46",0.937,46,"False"
"6809","1912","CHE+DHE","T14","46",0.802,46,"False"
"6810","1915","CHE+DHE","T14","46",1.017,46,"False"
"6811","1921","CHE+DHE","T14","46",1.017,46,"False"
"6812","1924","CHE+DHE","T14","46",0.308,46,"False"
"6813","1925","CHE+DHE","T14","46",0.591,46,"False"
"6814","2057","CHE+DHE","T14","46",0.171,46,"True"
"6815","2058","CHE+DHE","T14","46",0.14,46,"False"
"6816","2059","CHE+DHE","T14","46",0.543,46,"False"
"6817","2060","CHE+DHE","T14","46",0.116,46,"True"
"6818","2093","CWT+DHE","T15","46",0.644,46,"False"
"6819","2094","CWT+DHE","T15","46",1.074,46,"False"
"6820","2095","CWT+DHE","T15","46",0.67,46,"False"
"6821","2096","CWT+DHE","T15","46",0.828,46,"False"
"6822","2098","CWT+DHE","T15","46",2.183,46,"False"
"6823","2104","CWT+DHE","T15","46",0.863,46,"False"
"6824","2108","CWT+DHE","T15","46",0.547,46,"False"
"6825","2113","CWT+DHE","T15","46",0.61,46,"False"
"6826","2115","CWT+DHE","T15","46",0.78,46,"False"
"6827","2116","CWT+DHE","T15","46",0.27,46,"False"
"6828","2120","CWT+DHE","T15","46",1.084,46,"True"
"6829","1991","CWT+DWT","T13","46",0.48,46,"False"
"6830","1992","CWT+DWT","T13","46",0.987,46,"False"
"6831","1993","CWT+DWT","T13","46",0.777,46,"False"
"6832","1998","CWT+DWT","T13","46",1.636,46,"False"
"6833","1999","CWT+DWT","T13","46",1.11,46,"False"
"6834","2000","CWT+DWT","T13","46",1.287,46,"False"
"6835","2003","CWT+DWT","T13","46",0.42,46,"False"
"6836","2005","CWT+DWT","T13","46",1.814,46,"False"
"6837","2006","CWT+DWT","T13","46",1.236,46,"False"
"6838","2008","CWT+DWT","T13","46",0.508,46,"False"
"6839","2009","CWT+DWT","T13","46",0.658,46,"False"
"6840","2010","CWT+DWT","T13","46",1.674,46,"False"
"6841","2011","CWT+DWT","T13","46",0.803,46,"False"
"6842","2012","CWT+DWT","T13","46",1.528,46,"False"
"6843","2013","CWT+DWT","T13","46",0.884,46,"False"
"6844","2014","CWT+DWT","T13","46",1.191,46,"False"
"6845","2015","CWT+DWT","T13","46",0.193,46,"False"
"6846","2022","CWT+DWT","T13","46",0.422,46,"False"
"6847","2023","CWT+DWT","T13","46",1.238,46,"False"
"6848","2024","CWT+DWT","T13","46",0.144,46,"False"
"6849","2025","CWT+DWT","T13","46",0.295,46,"False"
"6850","2026","CWT+DWT","T13","46",2.014,46,"False"
"6851","2027","CWT+DWT","T13","46",0.717,46,"False"
"6852","2031","CWT+DWT","T13","46",0.742,46,"False"
"6853","2032","CWT+DWT","T13","46",1.257,46,"False"
"6854","2033","CWT+DWT","T13","46",3.667,46,"False"
"6855","2035","CWT+DWT","T13","46",1.098,46,"False"
"6856","2038","CWT+DWT","T13","46",0.201,46,"False"
"6857","2039","CWT+DWT","T13","46",1.838,46,"False"
"6858","2040","CWT+DWT","T13","46",0.786,46,"False"
"6859","2041","CWT+DWT","T13","46",1.988,46,"False"
"6860","2042","CWT+DWT","T13","46",0.531,46,"False"
"6861","2043","CWT+DWT","T13","46",0.759,46,"False"
"6862","2044","CWT+DWT","T13","46",1.542,46,"False"
"6863","2045","CWT+DWT","T13","46",0.098,46,"False"
"6864","2046","CWT+DWT","T13","46",0.414,46,"False"
"6865","2047","CWT+DWT","T13","46",0.928,46,"False"
"6866","2048","CWT+DWT","T13","46",0.283,46,"False"
"6867","2051","CWT+DWT","T13","46",0.289,46,"False"
"6868","2053","CWT+DWT","T13","46",0.109,46,"False"
"6869","2054","CWT+DWT","T13","46",0.867,46,"False"
"6870","2055","CWT+DWT","T13","46",0.407,46,"False"
"6871","2080","CWT+DWT","T13","46",0.28,46,"False"
"6872","2081","CWT+DWT","T13","46",0.058,46,"False"
"6873","2259","CWT","T16","46",0.235,46,"False"
"6874","2262","CWT","T16","46",0.184,46,"False"
"6875","2263","CWT","T16","46",0.194,46,"False"
"6876","2264","CWT","T16","46",0.902,46,"False"
"6877","2267","CWT","T16","46",0.207,46,"False"
"6878","2269","CWT","T16","46",0.264,46,"False"
"6879","2272","CWT","T16","46",0.449,46,"False"
"6880","2274","CWT","T16","46",0.456,46,"False"
"6881","2281","CWT","T16","46",0.393,46,"False"
"6882","2283","CWT","T16","46",0.451,46,"False"
"6883","2284","CWT","T16","46",0.344,46,"False"
"6884","2293","CWT","T16","46",0.334,46,"False"
"6885","2294","CWT","T16","46",0.143,46,"False"
"6886","2298","CWT","T16","46",0.229,46,"False"
"6887","2299","CWT","T16","46",0.261,46,"False"
"6888","2300","CWT","T16","46",0.328,46,"False"
"6889","2306","CWT","T16","46",0.313,46,"False"
"6890","2308","CWT","T16","46",0.25,46,"False"
"6891","2311","CWT","T16","46",0.143,46,"False"
"6892","2315","CWT","T16","46",0.348,46,"False"
"6893","2317","CWT","T16","46",0.468,46,"False"
"6894","2318","CWT","T16","46",0.146,46,"False"
"6895","2319","CWT","T16","46",0.146,46,"False"
"6896","2320","CWT","T16","46",0.075,46,"False"
"6897","2321","CWT","T16","46",0.329,46,"False"
"6898","2322","CWT","T16","46",0.1,46,"False"
"6899","2323","CWT","T16","46",0.102,46,"False"
"6900","2324","CWT","T16","46",0.27,46,"False"
"6901","2325","CWT","T16","46",0.292,46,"False"
"6902","2326","CWT","T16","46",0.283,46,"False"
"6903","2330","CWT","T16","46",0.307,46,"False"
"6904","2343","CWT","T16","46",0.213,46,"False"
"6905","2345","CWT","T16","46",0.135,46,"False"
"6906","2347","CWT","T16","46",0.273,46,"False"
"6907","2348","CWT","T16","46",0.292,46,"False"
"6908","2350","CWT","T16","46",0.197,46,"False"
"6909","2351","CWT","T16","46",0.176,46,"False"
"6910","2352","CWT","T16","46",0.149,46,"False"
"6911","2353","CWT","T16","46",0.19,46,"False"
"6912","2355","CWT","T16","46",0.433,46,"False"
"6913","2356","CWT","T16","46",0.247,46,"False"
"6914","2357","CWT","T16","46",0.228,46,"False"
"6915","2361","CWT","T16","46",0.456,46,"False"
"6916","2362","CWT","T16","46",0.346,46,"False"
"6917","2364","CWT","T16","46",0.258,46,"False"
"6918","2365","CWT","T16","46",0.331,46,"False"
"6919","2368","CWT","T16","46",0.167,46,"False"
"6920","2369","CWT","T16","46",0.137,46,"False"
"6921","2370","CWT","T16","46",0.33,46,"False"
"6922","2372","CWT","T16","46",0.224,46,"False"
"6923","2374","CWT","T16","46",0.315,46,"False"
"6924","2376","CWT","T16","46",0.255,46,"False"
"6925","2380","CWT","T16","46",0.162,46,"False"
"6926","2514","CHE","T22","46",0.63,46,"False"
"6927","2515","CHE","T22","46",0.645,46,"False"
"6928","2516","CHE","T22","46",0.535,46,"False"
"6929","2520","CHE","T22","46",0.208,46,"False"
"6930","2526","CHE","T22","46",0.46,46,"False"
"6931","2527","CHE","T22","46",0.409,46,"False"
"6932","2529","CHE","T22","46",0.153,46,"False"
"6933","2531","CHE","T22","46",0.164,46,"False"
"6934","2532","CHE","T22","46",0.353,46,"False"
"6935","2533","CHE","T22","46",0.166,46,"False"
"6936","2534","CHE","T22","46",0.223,46,"False"
"6937","2538","CHE","T22","46",0.276,46,"False"
"6938","2539","CHE","T22","46",0.202,46,"False"
"6939","2543","CHE","T22","46",0.211,46,"False"
"6940","2544","CHE","T22","46",0.441,46,"False"
"6941","2547","CHE","T22","46",0.375,46,"False"
"6942","2550","CHE","T22","46",0.522,46,"False"
"6943","2558","CHE","T22","46",0.388,46,"False"
"6944","2561","CHE","T22","46",0.464,46,"False"
"6945","2564","CHE","T22","46",0.17,46,"False"
"6946","2566","CHE","T22","46",0.443,46,"False"
"6947","2567","CHE","T22","46",0.493,46,"False"
"6948","2568","CHE","T22","46",0.44,46,"False"
"6949","2569","CHE","T22","46",0.488,46,"False"
"6950","2576","CHE","T22","46",0.148,46,"False"
"6951","2580","CHE","T22","46",0.324,46,"False"
"6952","2584","CHE","T22","46",0.139,46,"False"
"6953","2585","CHE","T22","46",0.093,46,"False"
"6954","2586","CHE","T22","46",0.568,46,"False"
"6955","2588","CHE","T22","46",0.685,46,"False"
"6956","2592","CHE","T22","46",0.625,46,"False"
"6957","2593","CHE","T22","46",0.443,46,"False"
"6958","2603","CHE","T22","46",0.557,46,"False"
"6959","2608","CHE","T22","46",0.381,46,"False"
"6960","2385","DWT","T17","46",0.393,46,"False"
"6961","2386","DWT","T17","46",0.885,46,"False"
"6962","2387","DWT","T17","46",0.957,46,"False"
"6963","2389","DWT","T17","46",0.818,46,"False"
"6964","2390","DWT","T17","46",0.679,46,"False"
"6965","2391","DWT","T17","46",0.64,46,"False"
"6966","2396","DWT","T17","46",0.563,46,"False"
"6967","2397","DWT","T17","46",0.952,46,"False"
"6968","2398","DWT","T17","46",0.754,46,"False"
"6969","2401","DWT","T17","46",0.863,46,"False"
"6970","2402","DWT","T17","46",0.607,46,"False"
"6971","2404","DWT","T17","46",0.804,46,"False"
"6972","2405","DWT","T17","46",0.93,46,"False"
"6973","2406","DWT","T17","46",0.18,46,"False"
"6974","2408","DWT","T17","46",0.284,46,"False"
"6975","2409","DWT","T17","46",0.384,46,"False"
"6976","2410","DWT","T17","46",0.199,46,"False"
"6977","2412","DWT","T17","46",0.457,46,"False"
"6978","2413","DWT","T17","46",0.812,46,"False"
"6979","2417","DWT","T17","46",0.571,46,"False"
"6980","2426","DWT","T17","46",0.131,46,"False"
"6981","2427","DWT","T17","46",0.38,46,"False"
"6982","2430","DWT","T17","46",0.586,46,"False"
"6983","2431","DWT","T17","46",0.324,46,"False"
"6984","2433","DWT","T17","46",0.345,46,"False"
"6985","2435","DWT","T17","46",0.116,46,"False"
"6986","2438","DWT","T17","46",0.493,46,"False"
"6987","2442","DWT","T17","46",0.992,46,"False"
"6988","2445","DWT","T17","46",0.777,46,"False"
"6989","2446","DWT","T17","46",0.664,46,"False"
"6990","2449","DWT","T17","46",0.597,46,"False"
"6991","2461","DWT","T17","46",0.343,46,"False"
"6992","2463","DWT","T17","46",0.373,46,"False"
"6993","2464","DWT","T17","46",0.553,46,"False"
"6994","2478","DWT","T17","46",0.704,46,"False"
"6995","2481","DWT","T17","46",0.255,46,"True"
"6996","2483","DWT","T17","46",0.552,46,"False"
"6997","2484","DWT","T17","46",1.329,46,"False"
"6998","2487","DWT","T17","46",0.916,46,"False"
"6999","2489","DWT","T17","46",0.453,46,"False"
"7000","2491","DWT","T17","46",0.877,46,"False"
"7001","2492","DWT","T17","46",1.133,46,"False"
"7002","2493","DWT","T17","46",0.67,46,"False"
"7003","2494","DWT","T17","46",0.973,46,"False"
"7004","2495","DWT","T17","46",0.605,46,"False"
"7005","2497","DWT","T17","46",0.304,46,"False"
"7006","2501","DWT","T17","46",0.185,46,"False"
"7007","2502","DWT","T17","46",0.079,46,"False"
"7008","2504","DWT","T17","46",0.343,46,"False"
"7009","2505","DWT","T17","46",0.51,46,"False"
"7010","2506","DWT","T17","46",0.361,46,"False"
"7011","2695","CHE","T20","46",0.946,46,"False"
"7012","2698","CHE","T20","46",0.634,46,"False"
"7013","2699","CHE","T20","46",0.568,46,"False"
"7014","2700","CHE","T20","46",0.322,46,"False"
"7015","2703","CHE","T20","46",0.129,46,"False"
"7016","2706","CHE","T20","46",0.165,46,"False"
"7017","2707","CHE","T20","46",0.442,46,"False"
"7018","2708","CHE","T20","46",0.362,46,"False"
"7019","2709","CHE","T20","46",0.328,46,"False"
"7020","2712","CHE","T20","46",0.583,46,"False"
"7021","2713","CHE","T20","46",0.981,46,"False"
"7022","2720","CHE","T20","46",0.108,46,"False"
"7023","2721","CHE","T20","46",0.339,46,"False"
"7024","2722","CHE","T20","46",0.263,46,"False"
"7025","2723","CHE","T20","46",0.551,46,"False"
"7026","2725","CHE","T20","46",0.271,46,"False"
"7027","2726","CHE","T20","46",1.276,46,"False"
"7028","2728","CHE","T20","46",0.987,46,"False"
"7029","2729","CHE","T20","46",0.368,46,"False"
"7030","2730","CHE","T20","46",0.278,46,"False"
"7031","2733","CHE","T20","46",0.34,46,"False"
"7032","2734","CHE","T20","46",0.25,46,"False"
"7033","2736","CHE","T20","46",0.488,46,"False"
"7034","1681","DWT","T10","46",0.228,46,"False"
"7035","1683","DWT","T10","46",0.646,46,"False"
"7036","1685","DWT","T10","46",0.414,46,"False"
"7037","1691","DWT","T10","46",0.87,46,"False"
"7038","1693","DWT","T10","46",0.913,46,"False"
"7039","1694","DWT","T10","46",0.338,46,"False"
"7040","1695","DWT","T10","46",1.226,46,"False"
"7041","1696","DWT","T10","46",0.53,46,"False"
"7042","1697","DWT","T10","46",0.492,46,"False"
"7043","1698","DWT","T10","46",0.756,46,"False"
"7044","1699","DWT","T10","46",1.401,46,"False"
"7045","1700","DWT","T10","46",0.414,46,"False"
"7046","1702","DWT","T10","46",0.665,46,"False"
"7047","1704","DWT","T10","46",0.29,46,"False"
"7048","1705","DWT","T10","46",0.829,46,"False"
"7049","1706","DWT","T10","46",0.16,46,"False"
"7050","1707","DWT","T10","46",0.657,46,"False"
"7051","1713","DWT","T10","46",1.053,46,"False"
"7052","1715","DWT","T10","46",0.563,46,"False"
"7053","1716","DWT","T10","46",0.727,46,"False"
"7054","1717","DWT","T10","46",0.242,46,"False"
"7055","1719","DWT","T10","46",0.917,46,"False"
"7056","1721","DWT","T10","46",0.201,46,"False"
"7057","1723","DWT","T10","46",0.499,46,"False"
"7058","1724","DWT","T10","46",1.098,46,"False"
"7059","1727","DWT","T10","46",0.443,46,"False"
"7060","1730","DWT","T10","46",0.087,46,"False"
"7061","1731","DWT","T10","46",0.711,46,"False"
"7062","1732","DWT","T10","46",0.262,46,"False"
"7063","1733","DWT","T10","46",0.258,46,"False"
"7064","1734","DWT","T10","46",0.202,46,"False"
"7065","1737","DWT","T10","46",0.127,46,"False"
"7066","1738","DWT","T10","46",0.291,46,"False"
"7067","1739","DWT","T10","46",0.556,46,"False"
"7068","1740","DWT","T10","46",0.534,46,"False"
"7069","1741","DWT","T10","46",0.251,46,"False"
"7070","1742","DWT","T10","46",0.648,46,"False"
"7071","1743","DWT","T10","46",0.755,46,"False"
"7072","1748","DWT","T10","46",0.512,46,"False"
"7073","2623","CHE+DHE","T21","46",0.607,46,"False"
"7074","2629","CHE+DHE","T21","46",0.617,46,"False"
"7075","2630","CHE+DHE","T21","46",0.949,46,"False"
"7076","2631","CHE+DHE","T21","46",0.49,46,"False"
"7077","2632","CHE+DHE","T21","46",1.17,46,"False"
"7078","2633","CHE+DHE","T21","46",0.681,46,"False"
"7079","2634","CHE+DHE","T21","46",1.18,46,"False"
"7080","2638","CHE+DHE","T21","46",1.162,46,"False"
"7081","2639","CHE+DHE","T21","46",0.922,46,"False"
"7082","2640","CHE+DHE","T21","46",0.711,46,"False"
"7083","2642","CHE+DHE","T21","46",0.587,46,"False"
"7084","2643","CHE+DHE","T21","46",0.299,46,"False"
"7085","2644","CHE+DHE","T21","46",0.389,46,"False"
"7086","2649","CHE+DHE","T21","46",0.725,46,"False"
"7087","2650","CHE+DHE","T21","46",1.215,46,"False"
"7088","2651","CHE+DHE","T21","46",0.47,46,"False"
"7089","2653","CHE+DHE","T21","46",0.655,46,"False"
"7090","2654","CHE+DHE","T21","46",0.971,46,"False"
"7091","2656","CHE+DHE","T21","46",0.606,46,"False"
"7092","2663","CHE+DHE","T21","46",0.619,46,"False"
"7093","2666","CHE+DHE","T21","46",1.478,46,"False"
"7094","2672","CHE+DHE","T21","46",0.573,46,"False"
"7095","2673","CHE+DHE","T21","46",0.584,46,"False"
"7096","2678","CHE+DHE","T21","46",0.466,46,"False"
"7097","2683","CHE+DHE","T21","46",1.258,46,"False"
"7098","2685","CHE+DHE","T21","46",0.17,46,"False"
"7099","2751","CWT+DWT","T27","46",1.36,46,"False"
"7100","2752","CWT+DWT","T27","46",1.119,46,"False"
"7101","2753","CWT+DWT","T27","46",1.027,46,"False"
"7102","2759","CWT+DWT","T27","46",0.711,46,"False"
"7103","2761","CWT+DWT","T27","46",0.48,46,"False"
"7104","2764","CWT+DWT","T27","46",2.529,46,"False"
"7105","2765","CWT+DWT","T27","46",1.076,46,"False"
"7106","2766","CWT+DWT","T27","46",0.518,46,"False"
"7107","2768","CWT+DWT","T27","46",0.398,46,"False"
"7108","2769","CWT+DWT","T27","46",1.159,46,"False"
"7109","2770","CWT+DWT","T27","46",0.874,46,"False"
"7110","2771","CWT+DWT","T27","46",2.277,46,"False"
"7111","2772","CWT+DWT","T27","46",0.373,46,"False"
"7112","2777","CWT+DWT","T27","46",1.076,46,"False"
"7113","2778","CWT+DWT","T27","46",1.43,46,"False"
"7114","2784","CWT+DWT","T27","46",0.412,46,"False"
"7115","2785","CWT+DWT","T27","46",0.451,46,"False"
"7116","2787","CWT+DWT","T27","46",1.508,46,"False"
"7117","2789","CWT+DWT","T27","46",0.136,46,"False"
"7118","2798","CWT+DWT","T27","46",0.59,46,"False"
"7119","2800","CWT+DWT","T27","46",0.784,46,"False"
"7120","2803","CWT+DWT","T27","46",0.21,46,"False"
"7121","2804","CWT+DWT","T27","46",0.323,46,"False"
"7122","2805","CWT+DWT","T27","46",0.208,46,"False"
"7123","2806","CWT+DWT","T27","46",0.248,46,"False"
"7124","2807","CWT+DWT","T27","46",0.537,46,"False"
"7125","2808","CWT+DWT","T27","46",0.242,46,"False"
"7126","2809","CWT+DWT","T27","46",0.571,46,"False"
"7127","2811","CWT+DWT","T27","46",1.353,46,"False"
"7128","2812","CWT+DWT","T27","46",1.473,46,"False"
"7129","2815","CWT+DWT","T27","46",0.37,46,"False"
"7130","2816","CWT+DWT","T27","46",0.737,46,"False"
"7131","2819","CWT+DWT","T27","46",1.87,46,"False"
"7132","2820","CWT+DWT","T27","46",2.051,46,"False"
"7133","2822","CWT+DWT","T27","46",0.75,46,"False"
"7134","2825","CWT+DWT","T27","46",0.595,46,"False"
"7135","2826","CWT+DWT","T27","46",0.755,46,"False"
"7136","2864","DWT","T18","46",0.108,46,"False"
"7137","2866","DWT","T18","46",0.175,46,"False"
"7138","2869","DWT","T18","46",1.217,46,"False"
"7139","2870","DWT","T18","46",1.066,46,"False"
"7140","2872","DWT","T18","46",0.228,46,"False"
"7141","2874","DWT","T18","46",0.183,46,"False"
"7142","2875","DWT","T18","46",0.077,46,"False"
"7143","2876","DWT","T18","46",0.55,46,"False"
"7144","2877","DWT","T18","46",0.369,46,"False"
"7145","2880","DWT","T18","46",0.56,46,"False"
"7146","2882","DWT","T18","46",0.519,46,"False"
"7147","2883","DWT","T18","46",0.343,46,"False"
"7148","2884","DWT","T18","46",0.708,46,"True"
"7149","2887","DWT","T18","46",1.009,46,"False"
"7150","2888","DWT","T18","46",0.956,46,"False"
"7151","2898","DWT","T18","46",1.05,46,"False"
"7152","2899","DWT","T18","46",0.544,46,"False"
"7153","2900","DWT","T18","46",0.987,46,"False"
"7154","2907","DWT","T18","46",0.387,46,"False"
"7155","2908","DWT","T18","46",0.585,46,"False"
"7156","2909","DWT","T18","46",1.053,46,"False"
"7157","2910","DWT","T18","46",0.398,46,"False"
"7158","2912","DWT","T18","46",0.999,46,"False"
"7159","2929","DWT","T18","46",0.714,46,"False"
"7160","2935","DWT","T18","46",0.545,46,"False"
"7161","2952","DWT","T18","46",0.597,46,"False"
"7162","2953","DWT","T18","46",0.33,46,"False"
"7163","2956","DWT","T18","46",0.468,46,"False"
"7164","2960","DWT","T18","46",0.399,46,"False"
"7165","2963","DWT","T18","46",0.087,46,"False"
"7166","2964","DWT","T18","46",0.169,46,"False"
"7167","2965","DWT","T18","46",0.34,46,"False"
"7168","2966","DWT","T18","46",0.267,46,"False"
"7169","2972","DWT","T18","46",0.904,46,"False"
"7170","2973","DWT","T18","46",0.507,46,"False"
"7171","2974","DWT","T18","46",1.454,46,"False"
"7172","2975","DWT","T18","46",0.506,46,"False"
"7173","2976","DWT","T18","46",0.544,46,"False"
"7174","2979","DWT","T18","46",0.38,46,"False"
"7175","2989","DWT","T18","46",0.95,46,"False"
"7176","2992","DWT","T18","46",0.598,46,"False"
"7177","2993","DWT","T18","46",1.112,46,"False"
"7178","2994","DWT","T18","46",0.55,46,"False"
"7179","2995","DWT","T18","46",1.14,46,"False"
"7180","2997","DWT","T18","46",0.149,46,"False"
"7181","3002","DWT","T18","46",0.302,46,"False"
"7182","3003","DWT","T18","46",0.274,46,"False"
"7183","3004","DWT","T18","46",0.178,46,"False"
"7184","3157","DHE","T24","46",1.266,46,"False"
"7185","3158","DHE","T24","46",1.579,46,"False"
"7186","3159","DHE","T24","46",0.606,46,"False"
"7187","3163","DHE","T24","46",1.004,46,"False"
"7188","3165","DHE","T24","46",0.616,46,"False"
"7189","3166","DHE","T24","46",1.342,46,"False"
"7190","3167","DHE","T24","46",0.251,46,"False"
"7191","3178","DHE","T24","46",0.534,46,"False"
"7192","3180","DHE","T24","46",0.932,46,"False"
"7193","3181","DHE","T24","46",0.9,46,"False"
"7194","3182","DHE","T24","46",1.543,46,"False"
"7195","3186","DHE","T24","46",0.571,46,"False"
"7196","3189","DHE","T24","46",0.624,46,"False"
"7197","3190","DHE","T24","46",0.314,46,"False"
"7198","3191","DHE","T24","46",1.089,46,"False"
"7199","3192","DHE","T24","46",0.667,46,"False"
"7200","3196","DHE","T24","46",0.382,46,"False"
"7201","3197","DHE","T24","46",1.028,46,"False"
"7202","3198","DHE","T24","46",1.762,46,"False"
"7203","3199","DHE","T24","46",0.297,46,"False"
"7204","3200","DHE","T24","46",0.975,46,"False"
"7205","3203","DHE","T24","46",1.047,46,"False"
"7206","3205","DHE","T24","46",0.557,46,"False"
"7207","3207","DHE","T24","46",0.803,46,"False"
"7208","3208","DHE","T24","46",0.663,46,"False"
"7209","3210","DHE","T24","46",1.09,46,"False"
"7210","3213","DHE","T24","46",0.729,46,"False"
"7211","3219","DHE","T24","46",1.241,46,"False"
"7212","3222","DHE","T24","46",0.713,46,"False"
"7213","3224","DHE","T24","46",1.185,46,"False"
"7214","3225","DHE","T24","46",1.535,46,"False"
"7215","3228","DHE","T24","46",0.573,46,"False"
"7216","3229","DHE","T24","46",0.816,46,"False"
"7217","3231","DHE","T24","46",0.883,46,"False"
"7218","3240","DHE","T24","46",0.554,46,"False"
"7219","3246","DHE","T24","46",1.128,46,"False"
"7220","3258","DHE","T24","46",0.947,46,"False"
"7221","3259","DHE","T24","46",0.623,46,"False"
"7222","3261","DHE","T24","46",0.715,46,"False"
"7223","3265","DHE","T24","46",1.075,46,"False"
"7224","3269","DHE","T24","46",0.903,46,"False"
"7225","3272","DHE","T24","46",0.759,46,"False"
"7226","3273","DHE","T24","46",0.507,46,"False"
"7227","3274","DHE","T24","46",0.435,46,"False"
"7228","3281","DHE","T24","46",0.83,46,"False"
"7229","3292","DHE","T24","46",1.063,46,"False"
"7230","3293","DHE","T24","46",0.811,46,"False"
"7231","3294","DHE","T24","46",0.655,46,"False"
"7232","3295","DHE","T24","46",0.979,46,"False"
"7233","3304","DHE","T24","46",1.488,46,"False"
"7234","3305","DHE","T24","46",0.538,46,"False"
"7235","3306","DHE","T24","46",1.345,46,"False"
"7236","3307","DHE","T24","46",0.804,46,"False"
"7237","3309","DHE","T24","46",0.703,46,"False"
"7238","3310","DHE","T24","46",0.75,46,"False"
"7239","3311","DHE","T24","46",0.123,46,"False"
"7240","3313","DHE","T24","46",1.112,46,"False"
"7241","3315","DHE","T24","46",0.994,46,"False"
"7242","3316","DHE","T24","46",0.739,46,"False"
"7243","3319","DHE","T24","46",1.026,46,"False"
"7244","3322","DHE","T24","46",0.711,46,"False"
"7245","3323","DHE","T24","46",0.698,46,"False"
"7246","3324","DHE","T24","46",0.864,46,"False"
"7247","3329","DHE","T24","46",0.654,46,"False"
"7248","3345","DHE","T24","46",0.648,46,"False"
"7249","3347","DHE","T24","46",1.542,46,"False"
"7250","3005","CWT+DWT","T26","46",1.73,46,"False"
"7251","3006","CWT+DWT","T26","46",1.041,46,"False"
"7252","3011","CWT+DWT","T26","46",1.486,46,"False"
"7253","3013","CWT+DWT","T26","46",1.391,46,"False"
"7254","3016","CWT+DWT","T26","46",0.533,46,"False"
"7255","3017","CWT+DWT","T26","46",1.588,46,"False"
"7256","3018","CWT+DWT","T26","46",1.609,46,"False"
"7257","3019","CWT+DWT","T26","46",0.685,46,"False"
"7258","3020","CWT+DWT","T26","46",0.818,46,"False"
"7259","3021","CWT+DWT","T26","46",0.685,46,"False"
"7260","3024","CWT+DWT","T26","46",1.861,46,"False"
"7261","3025","CWT+DWT","T26","46",1.644,46,"False"
"7262","3026","CWT+DWT","T26","46",0.538,46,"False"
"7263","3028","CWT+DWT","T26","46",1.158,46,"False"
"7264","3029","CWT+DWT","T26","46",1.118,46,"False"
"7265","3030","CWT+DWT","T26","46",0.818,46,"False"
"7266","3031","CWT+DWT","T26","46",0.314,46,"False"
"7267","3032","CWT+DWT","T26","46",1.592,46,"False"
"7268","3033","CWT+DWT","T26","46",1.572,46,"False"
"7269","3034","CWT+DWT","T26","46",0.99,46,"False"
"7270","3035","CWT+DWT","T26","46",1.068,46,"False"
"7271","3037","CWT+DWT","T26","46",1.36,46,"False"
"7272","3045","CWT+DWT","T26","46",1.224,46,"False"
"7273","3048","CWT+DWT","T26","46",1.218,46,"False"
"7274","3049","CWT+DWT","T26","46",1.817,46,"False"
"7275","3052","CWT+DWT","T26","46",0.842,46,"False"
"7276","3053","CWT+DWT","T26","46",0.253,46,"False"
"7277","3056","CWT+DWT","T26","46",0.525,46,"False"
"7278","3057","CWT+DWT","T26","46",0.887,46,"False"
"7279","3058","CWT+DWT","T26","46",0.205,46,"False"
"7280","3060","CWT+DWT","T26","46",0.634,46,"False"
"7281","3061","CWT+DWT","T26","46",0.474,46,"False"
"7282","3062","CWT+DWT","T26","46",0.3,46,"False"
"7283","3064","CWT+DWT","T26","46",0.423,46,"False"
"7284","3065","CWT+DWT","T26","46",2.119,46,"False"
"7285","3066","CWT+DWT","T26","46",1.036,46,"False"
"7286","3068","CWT+DWT","T26","46",0.2,46,"False"
"7287","3069","CWT+DWT","T26","46",1.076,46,"False"
"7288","3071","CWT+DWT","T26","46",1.108,46,"False"
"7289","3072","CWT+DWT","T26","46",0.513,46,"False"
"7290","3073","CWT+DWT","T26","46",1.464,46,"False"
"7291","3074","CWT+DWT","T26","46",0.447,46,"False"
"7292","3075","CWT+DWT","T26","46",0.531,46,"False"
"7293","3076","CWT+DWT","T26","46",1.48,46,"False"
"7294","3077","CWT+DWT","T26","46",0.969,46,"False"
"7295","3078","CWT+DWT","T26","46",0.543,46,"False"
"7296","3079","CWT+DWT","T26","46",0.833,46,"False"
"7297","3080","CWT+DWT","T26","46",0.649,46,"False"
"7298","3081","CWT+DWT","T26","46",0.341,46,"False"
"7299","3082","CWT+DWT","T26","46",0.266,46,"False"
"7300","3083","CWT+DWT","T26","46",1.526,46,"False"
"7301","3084","CWT+DWT","T26","46",1.105,46,"False"
"7302","3085","CWT+DWT","T26","46",1.771,46,"False"
"7303","3086","CWT+DWT","T26","46",1.399,46,"False"
"7304","3087","CWT+DWT","T26","46",1.279,46,"False"
"7305","3088","CWT+DWT","T26","46",0.611,46,"False"
"7306","3089","CWT+DWT","T26","46",0.327,46,"False"
"7307","3090","CWT+DWT","T26","46",1.098,46,"False"
"7308","3093","CWT+DWT","T26","46",1.677,46,"False"
"7309","3094","CWT+DWT","T26","46",1.547,46,"False"
"7310","3098","CWT+DWT","T26","46",0.585,46,"False"
"7311","3099","CWT+DWT","T26","46",0.632,46,"False"
"7312","3100","CWT+DWT","T26","46",0.203,46,"False"
"7313","3107","CWT+DWT","T26","46",2.026,46,"False"
"7314","3108","CWT+DWT","T26","46",1.028,46,"False"
"7315","3110","CWT+DWT","T26","46",0.715,46,"False"
"7316","3122","CWT+DWT","T26","46",0.654,46,"False"
"7317","3128","CWT+DWT","T26","46",0.705,46,"False"
"7318","3129","CWT+DWT","T26","46",0.728,46,"False"
"7319","3133","CWT+DWT","T26","46",0.272,46,"False"
"7320","3134","CWT+DWT","T26","46",2.281,46,"False"
"7321","3135","CWT+DWT","T26","46",1.584,46,"False"
"7322","3143","CWT+DWT","T26","46",0.531,46,"False"
"7323","3145","CWT+DWT","T26","46",0.283,46,"False"
"7324","3147","CWT+DWT","T26","46",1.129,46,"False"
"7325","3150","CWT+DWT","T26","46",0.821,46,"False"
"7326","3365","CWT+DWT","T26","46",1.082,46,"False"
"7327","3468","CWT","T19","46",0.342,46,"False"
"7328","3469","CWT","T19","46",0.253,46,"False"
"7329","3470","CWT","T19","46",0.284,46,"False"
"7330","3474","CWT","T19","46",0.184,46,"False"
"7331","3477","CWT","T19","46",0.287,46,"False"
"7332","3478","CWT","T19","46",0.151,46,"False"
"7333","3479","CWT","T19","46",0.309,46,"False"
"7334","3483","CWT","T19","46",0.367,46,"False"
"7335","3485","CWT","T19","46",0.34,46,"False"
"7336","3486","CWT","T19","46",0.249,46,"False"
"7337","3488","CWT","T19","46",0.416,46,"False"
"7338","3491","CWT","T19","46",0.198,46,"False"
"7339","3492","CWT","T19","46",0.145,46,"False"
"7340","3494","CWT","T19","46",0.072,46,"False"
"7341","3495","CWT","T19","46",0.218,46,"False"
"7342","3496","CWT","T19","46",0.229,46,"False"
"7343","3497","CWT","T19","46",0.123,46,"False"
"7344","3500","CWT","T19","46",0.291,46,"False"
"7345","3501","CWT","T19","46",0.297,46,"False"
"7346","3503","CWT","T19","46",0.38,46,"False"
"7347","3504","CWT","T19","46",0.279,46,"False"
"7348","3505","CWT","T19","46",0.243,46,"False"
"7349","3401","CHE+DWT","T28","46",0.297,46,"False"
"7350","3402","CHE+DWT","T28","46",0.361,46,"False"
"7351","3409","CHE+DWT","T28","46",0.498,46,"False"
"7352","3411","CHE+DWT","T28","46",0.479,46,"False"
"7353","3419","CHE+DWT","T28","46",0.464,46,"False"
"7354","3423","CHE+DWT","T28","46",0.547,46,"False"
"7355","3430","CHE+DWT","T28","46",0.815,46,"False"
"7356","3440","CHE+DWT","T28","46",0.577,46,"False"
"7357","3441","CHE+DWT","T28","46",0.624,46,"False"
"7358","3445","CHE+DWT","T28","46",1.315,46,"False"
"7359","3512","CHE+DWT","T29","46",0.67,46,"False"
"7360","3516","CHE+DWT","T29","46",1.426,46,"False"
"7361","3517","CHE+DWT","T29","46",1.208,46,"False"
"7362","3519","CHE+DWT","T29","46",1.34,46,"False"
"7363","3520","CHE+DWT","T29","46",1.452,46,"False"
"7364","3521","CHE+DWT","T29","46",1.153,46,"False"
"7365","3525","CHE+DWT","T29","46",0.424,46,"False"
"7366","3526","CHE+DWT","T29","46",0.514,46,"False"
"7367","3528","CHE+DWT","T29","46",0.669,46,"False"
"7368","3529","CHE+DWT","T29","46",0.774,46,"False"
"7369","3530","CHE+DWT","T29","46",0.412,46,"False"
"7370","3533","CHE+DWT","T29","46",0.114,46,"False"
"7371","3534","CHE+DWT","T29","46",0.282,46,"False"
"7372","3537","CHE+DWT","T29","46",0.199,46,"False"
"7373","3539","CHE+DWT","T29","46",1.165,46,"False"
"7374","3541","CHE+DWT","T29","46",0.219,46,"False"
"7375","3543","CHE+DWT","T29","46",0.494,46,"False"
"7376","3547","CHE+DWT","T29","46",0.776,46,"False"
"7377","3548","CHE+DWT","T29","46",1.595,46,"False"
"7378","3552","CHE+DWT","T29","46",0.177,46,"False"
"7379","3554","CHE+DWT","T29","46",1.025,46,"False"
"7380","3556","CHE+DWT","T29","46",1.13,46,"False"
"7381","3561","CHE+DWT","T29","46",0.57,46,"False"
"7382","3562","CHE+DWT","T29","46",1.284,46,"False"
"7383","3564","CHE+DWT","T29","46",0.404,46,"False"
"7384","3565","CHE+DWT","T29","46",0.216,46,"False"
"7385","3566","CHE+DWT","T29","46",0.46,46,"False"
"7386","3568","CHE+DWT","T29","46",0.304,46,"False"
"7387","3569","CHE+DWT","T29","46",0.632,46,"False"
"7388","3570","CHE+DWT","T29","46",0.623,46,"False"
"7389","3575","CHE+DWT","T29","46",0.653,46,"False"
"7390","2128","CWT+DWT","T8","46",1.305,46,"False"
"7391","2129","CWT+DWT","T8","46",0.533,46,"False"
"7392","2130","CWT+DWT","T8","46",1.298,46,"False"
"7393","2131","CWT+DWT","T8","46",0.745,46,"False"
"7394","2132","CWT+DWT","T8","46",1.26,46,"False"
"7395","2133","CWT+DWT","T8","46",1.627,46,"False"
"7396","2134","CWT+DWT","T8","46",0.625,46,"False"
"7397","2135","CWT+DWT","T8","46",0.591,46,"False"
"7398","2136","CWT+DWT","T8","46",1.937,46,"False"
"7399","2137","CWT+DWT","T8","46",1.007,46,"False"
"7400","2138","CWT+DWT","T8","46",1.002,46,"False"
"7401","2139","CWT+DWT","T8","46",0.63,46,"False"
"7402","2142","CWT+DWT","T8","46",0.713,46,"False"
"7403","2145","CWT+DWT","T8","46",0.637,46,"False"
"7404","2148","CWT+DWT","T8","46",1.298,46,"False"
"7405","2151","CWT+DWT","T8","46",0.688,46,"False"
"7406","2152","CWT+DWT","T8","46",0.625,46,"False"
"7407","2153","CWT+DWT","T8","46",1.014,46,"False"
"7408","2154","CWT+DWT","T8","46",0.848,46,"False"
"7409","2157","CWT+DWT","T8","46",0.152,46,"False"
"7410","2158","CWT+DWT","T8","46",1.67,46,"False"
"7411","2159","CWT+DWT","T8","46",0.883,46,"False"
"7412","2160","CWT+DWT","T8","46",1.04,46,"False"
"7413","2161","CWT+DWT","T8","46",0.781,46,"False"
"7414","2163","CWT+DWT","T8","46",0.449,46,"False"
"7415","2164","CWT+DWT","T8","46",0.76,46,"False"
"7416","2165","CWT+DWT","T8","46",0.389,46,"False"
"7417","2166","CWT+DWT","T8","46",0.54,46,"False"
"7418","2169","CWT+DWT","T8","46",0.212,46,"False"
"7419","2170","CWT+DWT","T8","46",1.152,46,"False"
"7420","2171","CWT+DWT","T8","46",1.947,46,"False"
"7421","2172","CWT+DWT","T8","46",1.908,46,"False"
"7422","2173","CWT+DWT","T8","46",1.09,46,"False"
"7423","2175","CWT+DWT","T8","46",0.436,46,"False"
"7424","2179","CWT+DWT","T8","46",1.596,46,"False"
"7425","2181","CWT+DWT","T8","46",1.182,46,"False"
"7426","2183","CWT+DWT","T8","46",1.081,46,"False"
"7427","2184","CWT+DWT","T8","46",1.78,46,"False"
"7428","2185","CWT+DWT","T8","46",1.149,46,"False"
"7429","2186","CWT+DWT","T8","46",1.003,46,"False"
"7430","2188","CWT+DWT","T8","46",1.206,46,"False"
"7431","2189","CWT+DWT","T8","46",0.696,46,"False"
"7432","2190","CWT+DWT","T8","46",0.747,46,"False"
"7433","2191","CWT+DWT","T8","46",0.486,46,"False"
"7434","2193","CWT+DWT","T8","46",1.041,46,"False"
"7435","2194","CWT+DWT","T8","46",0.679,46,"False"
"7436","2220","CWT+DWT","T8","46",0.641,46,"False"
"7437","2222","CWT+DWT","T8","46",0.084,46,"False"
"7438","2223","CWT+DWT","T8","46",0.708,46,"False"
"7439","2224","CWT+DWT","T8","46",0.083,46,"False"
"7440","2225","CWT+DWT","T8","46",0.768,46,"False"
"7441","3595","DWT","T25","46",0.337,46,"False"
"7442","3596","DWT","T25","46",1.293,46,"False"
"7443","3597","DWT","T25","46",0.493,46,"False"
"7444","3598","DWT","T25","46",0.553,46,"False"
"7445","3600","DWT","T25","46",0.252,46,"False"
"7446","3603","DWT","T25","46",0.286,46,"False"
"7447","3604","DWT","T25","46",0.252,46,"False"
"7448","3605","DWT","T25","46",0.858,46,"False"
"7449","3608","DWT","T25","46",0.455,46,"False"
"7450","3611","DWT","T25","46",1.512,46,"False"
"7451","3612","DWT","T25","46",0.888,46,"True"
"7452","3613","DWT","T25","46",1.046,46,"True"
"7453","3614","DWT","T25","46",0.562,46,"False"
"7454","3616","DWT","T25","46",0.092,46,"True"
"7455","3621","DWT","T25","46",0.693,46,"False"
"7456","3622","DWT","T25","46",0.727,46,"False"
"7457","3623","DWT","T25","46",1.388,46,"False"
"7458","3624","DWT","T25","46",0.748,46,"True"
"7459","3625","DWT","T25","46",0.666,46,"False"
"7460","3626","DWT","T25","46",0.957,46,"False"
"7461","3628","DWT","T25","46",0.663,46,"False"
"7462","3630","DWT","T25","46",0.967,46,"True"
"7463","3631","DWT","T25","46",0.374,46,"False"
"7464","3632","DWT","T25","46",1.002,46,"False"
"7465","3633","DWT","T25","46",0.235,46,"True"
"7466","3634","DWT","T25","46",0.856,46,"False"
"7467","3637","DWT","T25","46",1.545,46,"False"
"7468","3638","DWT","T25","46",1.059,46,"False"
"7469","3639","DWT","T25","46",0.352,46,"False"
"7470","3640","DWT","T25","46",1.122,46,"False"
"7471","3641","DWT","T25","46",0.612,46,"False"
"7472","3642","DWT","T25","46",1.302,46,"True"
"7473","3644","DWT","T25","46",1.242,46,"False"
"7474","3645","DWT","T25","46",0.654,46,"False"
"7475","3656","CWT+DHE","T23","46",1.024,46,"False"
"7476","3660","CWT+DHE","T23","46",0.641,46,"False"
"7477","3662","CWT+DHE","T23","46",0.449,46,"False"
"7478","3663","CWT+DHE","T23","46",0.933,46,"False"
"7479","3664","CWT+DHE","T23","46",1.39,46,"False"
"7480","3666","CWT+DHE","T23","46",1.618,46,"False"
"7481","3667","CWT+DHE","T23","46",0.396,46,"False"
"7482","3668","CWT+DHE","T23","46",0.259,46,"False"
"7483","3669","CWT+DHE","T23","46",0.157,46,"False"
"7484","3670","CWT+DHE","T23","46",0.551,46,"False"
"7485","3673","CWT+DHE","T23","46",0.355,46,"False"
"7486","3674","CWT+DHE","T23","46",0.647,46,"False"
"7487","3677","CWT+DHE","T23","46",0.483,46,"False"
"7488","3680","CWT+DHE","T23","46",1.34,46,"False"
"7489","3682","CWT+DHE","T23","46",0.62,46,"False"
"7490","3683","CWT+DHE","T23","46",0.82,46,"False"
"7491","3684","CWT+DHE","T23","46",0.443,46,"False"
"7492","3685","CWT+DHE","T23","46",0.952,46,"False"
"7493","3686","CWT+DHE","T23","46",0.758,46,"False"
"7494","3689","CWT+DHE","T23","46",0.516,46,"False"
"7495","3690","CWT+DHE","T23","46",0.071,46,"False"
"7496","3691","CWT+DHE","T23","46",0.452,46,"False"
"7497","3692","CWT+DHE","T23","46",1.094,46,"False"
"7498","3693","CWT+DHE","T23","46",0.662,46,"False"
"7499","3697","CWT+DHE","T23","46",1.298,46,"False"
"7500","3698","CWT+DHE","T23","46",0.718,46,"False"
"7501","3700","CWT+DHE","T23","46",0.787,46,"False"
"7502","3709","CWT+DHE","T23","46",0.229,46,"False"
"7503","3710","CWT+DHE","T23","46",0.465,46,"False"
"7504","3711","CWT+DHE","T23","46",0.307,46,"False"
"7505","3712","CWT+DHE","T23","46",0.162,46,"False"
"7506","3713","CWT+DHE","T23","46",0.214,46,"False"
"7507","3714","CWT+DHE","T23","46",0.248,46,"False"
"7508","3718","CWT+DHE","T23","46",0.66,46,"False"
"7509","3726","CWT+DHE","T23","46",0.173,46,"False"
"7510","3728","CWT+DHE","T23","46",0.29,46,"False"
"7511","3729","CWT+DHE","T23","46",0.442,46,"False"
"7512","3730","CWT+DHE","T23","46",0.121,46,"False"
"7513","3731","CWT+DHE","T23","46",0.236,46,"False"
"7514","3732","CWT+DHE","T23","46",0.179,46,"False"
"7515","3737","CWT+DHE","T23","46",0.188,46,"False"
"7516","3738","CWT+DHE","T23","46",0.707,46,"False"
"7517","3745","CWT+DHE","T23","46",0.436,46,"False"
"7518","3746","CWT+DHE","T23","46",1.046,46,"False"
"7519","3750","CWT+DHE","T23","46",0.81,46,"False"
"7520","3752","CWT+DHE","T23","46",0.848,46,"False"
"7521","3753","CWT+DHE","T23","46",0.598,46,"False"
"7522","3756","CWT+DHE","T23","46",1.046,46,"False"
"7523","3757","CWT+DHE","T23","46",1.102,46,"False"
"7524","3758","CWT+DHE","T23","46",0.309,46,"False"
"7525","3765","CWT+DHE","T23","46",0.389,46,"False"
"7526","3772","CWT+DHE","T23","46",0.186,46,"False"
"7527","3780","CWT+DHE","T23","46",0.699,46,"False"
"7528","3787","CWT+DHE","T23","46",0.977,46,"False"
"7529","3789","CWT+DHE","T23","46",0.625,46,"False"
"7530","3790","CWT+DHE","T23","46",0.572,46,"False"
"7531","3799","CWT+DHE","T23","46",0.568,46,"False"
"7532","3806","CWT+DHE","T23","46",0.235,46,"False"
"7533","3808","CWT+DHE","T23","46",0.569,46,"False"
"7534","3809","CWT+DHE","T23","46",0.559,46,"False"
"7535","3810","CWT+DHE","T23","46",0.643,46,"False"
"7536","3815","CWT+DHE","T23","46",1.537,46,"False"
"7537","3816","CWT+DHE","T23","46",0.282,46,"False"
"7538","3817","CWT+DHE","T23","46",0.433,46,"False"
"7539","3819","CWT+DHE","T23","46",1.752,46,"False"
"7540","3834","CWT+DHE","T23","46",1.077,46,"False"
"7541","3835","CWT+DHE","T23","46",1.561,46,"False"
"7542","3840","CWT+DHE","T23","46",1.054,46,"False"
"7543","3843","CWT+DHE","T23","46",0.69,46,"False"
"7544","3854","CWT+DHE","T23","46",0.788,46,"False"
"7545","3855","CWT+DHE","T23","46",0.199,46,"False"
"7546","3856","CWT+DHE","T23","46",0.613,46,"False"
"7547","3857","CWT+DHE","T23","46",0.25,46,"False"
"7548","3858","CWT+DHE","T23","46",0.659,46,"False"
"7549","3862","CWT+DHE","T23","46",0.814,46,"False"
"7550","3863","CWT+DHE","T23","46",1.08,46,"False"
"7551","3865","CWT+DHE","T23","46",0.235,46,"False"
"7552","3866","CWT+DHE","T23","46",0.862,46,"False"
"7553","3896","CHE","T30","46",0.367,46,"False"
"7554","3903","CHE","T30","46",0.442,46,"False"
"7555","3904","CHE","T30","46",0.162,46,"False"
"7556","3912","CHE","T30","46",0.12,46,"False"
"7557","3915","CHE","T30","46",0.403,46,"False"
"7558","3917","CHE","T30","46",0.475,46,"False"
"7559","3920","CHE","T30","46",0.332,46,"False"
"7560","3921","CHE","T30","46",0.096,46,"False"
"7561","3922","CHE","T30","46",0.104,46,"False"
"7562","3923","CHE","T30","46",0.279,46,"False"
"7563","3924","CHE","T30","46",0.153,46,"False"
"7564","3928","CHE","T30","46",0.274,46,"False"
"7565","3929","CHE","T30","46",0.375,46,"False"
"7566","3937","CHE","T30","46",0.095,46,"False"
"7567","3938","CHE","T30","46",0.406,46,"False"
"7568","3940","CHE","T30","46",0.13,46,"False"
"7569","3941","CHE","T30","46",0.137,46,"False"
"7570","3942","CHE","T30","46",0.312,46,"False"
"7571","3945","CHE","T30","46",0.312,46,"False"
"7572","3946","CHE","T30","46",0.282,46,"False"
"7573","3953","CHE","T30","46",0.073,46,"False"
"7574","31","CWT+DHE","T1","54",0.38,54,"False"
"7575","52","CWT+DHE","T1","54",1.185,54,"False"
"7576","53","CWT+DHE","T1","54",2.463,54,"False"
"7577","65","CWT+DHE","T1","54",0.418,54,"False"
"7578","78","CWT+DHE","T1","54",0.33,54,"False"
"7579","79","CWT+DHE","T1","54",0.307,54,"False"
"7580","80","CWT+DHE","T1","54",0.548,54,"False"
"7581","81","CWT+DHE","T1","54",0.876,54,"False"
"7582","117","CWT+DHE","T1","54",0.669,54,"False"
"7583","132","CWT+DHE","T1","54",0.997,54,"False"
"7584","137","CWT+DHE","T1","54",1.162,54,"False"
"7585","156","CWT+DHE","T1","54",1.678,54,"False"
"7586","157","CWT+DHE","T1","54",1.041,54,"False"
"7587","1000","CWT+DHE","T1","54",0.923,54,"False"
"7588","1001","CWT+DHE","T1","54",0.33,54,"True"
"7589","164","CWT","T2","54",0.778,54,"False"
"7590","165a","CWT","T2","54",0.486,54,"False"
"7591","165b","CWT","T2","54",0.553,54,"False"
"7592","168","CWT","T2","54",0.559,54,"False"
"7593","183","CWT","T2","54",0.293,54,"False"
"7594","187","CWT","T2","54",0.354,54,"False"
"7595","222","CWT","T2","54",0.217,54,"False"
"7596","250","CWT","T2","54",0.557,54,"False"
"7597","1029","CWT","T2","54",0.441,54,"False"
"7598","1033","CWT","T2","54",0.898,54,"False"
"7599","1034","CWT","T2","54",0.395,54,"False"
"7600","1035","CWT","T2","54",0.649,54,"False"
"7601","1038","CWT","T2","54",0.176,54,"False"
"7602","1040","CWT","T2","54",0.43,54,"False"
"7603","1042","CWT","T2","54",0.168,54,"False"
"7604","1045","CWT","T2","54",0.405,54,"False"
"7605","1049","CWT","T2","54",0.335,54,"False"
"7606","1051","CWT","T2","54",0.588,54,"False"
"7607","1052","CWT","T2","54",0.305,54,"False"
"7608","1054","CWT","T2","54",0.195,54,"False"
"7609","709","DHE","T3","54",0.337,54,"False"
"7610","766","DHE","T3","54",0.208,54,"False"
"7611","1056","DHE","T3","54",0.657,54,"False"
"7612","1057","DHE","T3","54",0.387,54,"False"
"7613","1058","DHE","T3","54",1.228,54,"False"
"7614","1059","DHE","T3","54",0.461,54,"False"
"7615","1060","DHE","T3","54",0.8,54,"False"
"7616","1061","DHE","T3","54",0.744,54,"False"
"7617","1062","DHE","T3","54",0.793,54,"False"
"7618","1063","DHE","T3","54",0.256,54,"False"
"7619","1065","DHE","T3","54",1.33,54,"False"
"7620","1067","DHE","T3","54",1.087,54,"False"
"7621","1068","DHE","T3","54",0.874,54,"False"
"7622","1069","DHE","T3","54",0.495,54,"False"
"7623","1070","DHE","T3","54",2.806,54,"False"
"7624","1072","DHE","T3","54",0.346,54,"False"
"7625","1073","DHE","T3","54",2.063,54,"False"
"7626","1075","DHE","T3","54",1.836,54,"False"
"7627","1077","DHE","T3","54",1.333,54,"False"
"7628","1078","DHE","T3","54",0.459,54,"False"
"7629","1079","DHE","T3","54",1.496,54,"False"
"7630","1080","DHE","T3","54",0.84,54,"False"
"7631","1083","DHE","T3","54",1.279,54,"False"
"7632","1084","DHE","T3","54",2.304,54,"False"
"7633","1085","DHE","T3","54",1.281,54,"False"
"7634","1086","DHE","T3","54",0.637,54,"False"
"7635","1087","DHE","T3","54",1.817,54,"False"
"7636","1088","DHE","T3","54",0.343,54,"False"
"7637","1091","DHE","T3","54",0.353,54,"False"
"7638","1092","DHE","T3","54",0.764,54,"False"
"7639","160","CWT","T4","54",0.947,54,"False"
"7640","161","CWT","T4","54",0.593,54,"False"
"7641","163","CWT","T4","54",0.156,54,"False"
"7642","166","CWT","T4","54",0.429,54,"False"
"7643","170","CWT","T4","54",0.116,54,"False"
"7644","171","CWT","T4","54",0.564,54,"False"
"7645","178","CWT","T4","54",0.802,54,"False"
"7646","179","CWT","T4","54",0.733,54,"False"
"7647","180","CWT","T4","54",0.404,54,"False"
"7648","186","CWT","T4","54",0.298,54,"False"
"7649","189","CWT","T4","54",0.746,54,"False"
"7650","193","CWT","T4","54",0.464,54,"False"
"7651","194","CWT","T4","54",0.357,54,"False"
"7652","197","CWT","T4","54",0.515,54,"False"
"7653","198","CWT","T4","54",0.627,54,"False"
"7654","199","CWT","T4","54",0.382,54,"False"
"7655","200","CWT","T4","54",0.346,54,"False"
"7656","201","CWT","T4","54",0.207,54,"False"
"7657","202","CWT","T4","54",0.267,54,"False"
"7658","203","CWT","T4","54",0.279,54,"False"
"7659","205","CWT","T4","54",0.379,54,"False"
"7660","206","CWT","T4","54",0.378,54,"False"
"7661","212","CWT","T4","54",0.672,54,"False"
"7662","213","CWT","T4","54",0.472,54,"False"
"7663","214","CWT","T4","54",0.132,54,"False"
"7664","220","CWT","T4","54",0.465,54,"False"
"7665","221","CWT","T4","54",0.432,54,"False"
"7666","223","CWT","T4","54",0.655,54,"False"
"7667","225","CWT","T4","54",0.633,54,"False"
"7668","226","CWT","T4","54",0.413,54,"False"
"7669","227","CWT","T4","54",0.505,54,"False"
"7670","228","CWT","T4","54",0.53,54,"False"
"7671","229","CWT","T4","54",0.974,54,"False"
"7672","230","CWT","T4","54",0.58,54,"False"
"7673","231","CWT","T4","54",0.333,54,"False"
"7674","232","CWT","T4","54",0.568,54,"False"
"7675","233","CWT","T4","54",0.224,54,"False"
"7676","236","CWT","T4","54",0.414,54,"False"
"7677","237","CWT","T4","54",0.604,54,"False"
"7678","238","CWT","T4","54",0.296,54,"False"
"7679","241","CWT","T4","54",0.685,54,"False"
"7680","242","CWT","T4","54",1.13,54,"False"
"7681","246","CWT","T4","54",0.527,54,"False"
"7682","247","CWT","T4","54",0.436,54,"False"
"7683","248","CWT","T4","54",0.74,54,"False"
"7684","255","CWT","T4","54",0.192,54,"False"
"7685","256","CWT","T4","54",0.929,54,"False"
"7686","262","CWT","T4","54",0.709,54,"False"
"7687","263","CWT","T4","54",0.485,54,"False"
"7688","267","CWT","T4","54",0.441,54,"False"
"7689","268","CWT","T4","54",0.341,54,"False"
"7690","276","CWT","T4","54",0.668,54,"False"
"7691","278","CWT","T4","54",0.135,54,"False"
"7692","1113","CWT","T4","54",0.573,54,"True"
"7693","1114","CWT","T4","54",0.111,54,"False"
"7694","1115","CWT","T4","54",0.301,54,"False"
"7695","1118","CWT","T4","54",0.278,54,"False"
"7696","1120","CWT","T4","54",0.64,54,"False"
"7697","1134","CWT","T4","54",0.111,54,"False"
"7698","1149","CWT","T4","54",0.154,54,"True"
"7699","1151","CWT","T4","54",0.118,54,"False"
"7700","1153","CWT","T4","54",0.657,54,"False"
"7701","1154","CWT","T4","54",0.691,54,"False"
"7702","1155","CWT","T4","54",0.241,54,"False"
"7703","1157","CWT","T4","54",0.629,54,"False"
"7704","1160","CWT","T4","54",0.123,54,"False"
"7705","1167","CWT","T4","54",0.375,54,"False"
"7706","1183","CHE+DWT","T5","54",1.444,54,"False"
"7707","1188","CHE+DWT","T5","54",0.512,54,"False"
"7708","1190","CHE+DWT","T5","54",0.725,54,"False"
"7709","1192","CHE+DWT","T5","54",1.208,54,"False"
"7710","1195","CHE+DWT","T5","54",1.56,54,"False"
"7711","1196","CHE+DWT","T5","54",0.997,54,"False"
"7712","1199","CHE+DWT","T5","54",1.828,54,"False"
"7713","1200","CHE+DWT","T5","54",0.828,54,"False"
"7714","1201","CHE+DWT","T5","54",1.527,54,"False"
"7715","1204","CHE+DWT","T5","54",0.809,54,"False"
"7716","1208","CHE+DWT","T5","54",0.522,54,"False"
"7717","1209","CHE+DWT","T5","54",0.158,54,"False"
"7718","1210","CHE+DWT","T5","54",0.576,54,"False"
"7719","1213","CHE+DWT","T5","54",0.62,54,"False"
"7720","1223","CHE+DWT","T5","54",0.471,54,"False"
"7721","1225","CHE+DWT","T5","54",0.577,54,"False"
"7722","1229","CHE+DWT","T5","54",0.715,54,"False"
"7723","1231","CHE+DWT","T5","54",0.953,54,"False"
"7724","1232","CHE+DWT","T5","54",0.216,54,"False"
"7725","1233","CHE+DWT","T5","54",0.607,54,"False"
"7726","1234","CHE+DWT","T5","54",0.403,54,"False"
"7727","1237","CHE+DWT","T5","54",0.572,54,"False"
"7728","1240","CHE+DWT","T5","54",0.532,54,"False"
"7729","1242","CHE+DWT","T5","54",0.579,54,"False"
"7730","1245","CHE+DWT","T5","54",0.485,54,"False"
"7731","1246","CHE+DWT","T5","54",0.634,54,"False"
"7732","1250","CHE+DWT","T5","54",0.15,54,"False"
"7733","1251","CHE+DWT","T5","54",0.507,54,"False"
"7734","1252","CHE+DWT","T5","54",0.584,54,"False"
"7735","1254","CHE+DWT","T5","54",0.675,54,"False"
"7736","1261","CHE+DWT","T5","54",1.606,54,"False"
"7737","1263","CHE+DWT","T5","54",0.428,54,"False"
"7738","1266","CHE+DWT","T5","54",0.271,54,"False"
"7739","1269","CHE+DWT","T5","54",0.798,54,"False"
"7740","1270","CHE+DWT","T5","54",0.359,54,"False"
"7741","1272","CHE+DWT","T5","54",0.643,54,"False"
"7742","1303","CHE+DWT","T5","54",0.944,54,"False"
"7743","1309","CHE","T7","54",0.951,54,"False"
"7744","1310","CHE","T7","54",1.722,54,"False"
"7745","1311","CHE","T7","54",1.598,54,"False"
"7746","1316","CHE","T7","54",0.596,54,"False"
"7747","1318","CHE","T7","54",0.756,54,"False"
"7748","1320","CHE","T7","54",0.525,54,"False"
"7749","1322","CHE","T7","54",1.391,54,"False"
"7750","1326","CHE","T7","54",0.652,54,"False"
"7751","1327","CHE","T7","54",0.522,54,"False"
"7752","1331","CHE","T7","54",1.388,54,"False"
"7753","1333","CHE","T7","54",1.442,54,"False"
"7754","1334","CHE","T7","54",1.209,54,"False"
"7755","1337","CHE","T7","54",0.459,54,"False"
"7756","1338","CHE","T7","54",2.045,54,"False"
"7757","1340","CHE","T7","54",0.168,54,"False"
"7758","1341","CHE","T7","54",0.62,54,"False"
"7759","1342","CHE","T7","54",0.383,54,"False"
"7760","1343","CHE","T7","54",0.224,54,"False"
"7761","1344","CHE","T7","54",0.948,54,"False"
"7762","1345","CHE","T7","54",0.523,54,"False"
"7763","1346","CHE","T7","54",0.419,54,"True"
"7764","1347","CHE","T7","54",0.282,54,"False"
"7765","1348","CHE","T7","54",0.974,54,"False"
"7766","1349","CHE","T7","54",0.971,54,"False"
"7767","1350","CHE","T7","54",0.1,54,"False"
"7768","1351","CHE","T7","54",0.282,54,"False"
"7769","1424","CWT+DHE","T11","54",0.641,54,"False"
"7770","1425","CWT+DHE","T11","54",1.083,54,"False"
"7771","1426","CWT+DHE","T11","54",1.215,54,"False"
"7772","1427","CWT+DHE","T11","54",1.054,54,"False"
"7773","1428","CWT+DHE","T11","54",2.155,54,"False"
"7774","1429","CWT+DHE","T11","54",0.544,54,"False"
"7775","1430","CWT+DHE","T11","54",0.71,54,"False"
"7776","1431","CWT+DHE","T11","54",0.687,54,"False"
"7777","1432","CWT+DHE","T11","54",0.29,54,"False"
"7778","1434","CWT+DHE","T11","54",1.204,54,"False"
"7779","1435","CWT+DHE","T11","54",1.464,54,"False"
"7780","1436","CWT+DHE","T11","54",0.902,54,"False"
"7781","1437","CWT+DHE","T11","54",1.342,54,"False"
"7782","1441","CWT+DHE","T11","54",3.143,54,"False"
"7783","1442","CWT+DHE","T11","54",2.63,54,"False"
"7784","1443","CWT+DHE","T11","54",0.799,54,"False"
"7785","1444","CWT+DHE","T11","54",0.622,54,"True"
"7786","1445","CWT+DHE","T11","54",1.503,54,"False"
"7787","1446","CWT+DHE","T11","54",0.98,54,"False"
"7788","1447","CWT+DHE","T11","54",2.694,54,"False"
"7789","1449","CWT+DHE","T11","54",1.329,54,"False"
"7790","1450","CWT+DHE","T11","54",0.991,54,"False"
"7791","1451","CWT+DHE","T11","54",0.416,54,"False"
"7792","1455","CWT+DHE","T11","54",0.954,54,"False"
"7793","1459","CWT+DHE","T11","54",0.341,54,"False"
"7794","1465","CWT+DHE","T11","54",0.161,54,"False"
"7795","1475","CWT+DHE","T11","54",3.408,54,"False"
"7796","1482","CWT+DHE","T11","54",0.152,54,"False"
"7797","1484","CWT+DHE","T11","54",0.25,54,"False"
"7798","1495","CWT+DHE","T11","54",0.413,54,"False"
"7799","1496","CWT+DHE","T11","54",0.601,54,"False"
"7800","1497","CWT+DHE","T11","54",0.643,54,"False"
"7801","1498","CWT+DHE","T11","54",0.692,54,"False"
"7802","1499","CWT+DHE","T11","54",0.964,54,"False"
"7803","1503","CWT+DHE","T11","54",0.188,54,"False"
"7804","1504","CWT+DHE","T11","54",2.577,54,"False"
"7805","1506","CWT+DHE","T11","54",0.526,54,"False"
"7806","1507","CWT+DHE","T11","54",0.883,54,"False"
"7807","1508","CWT+DHE","T11","54",0.378,54,"False"
"7808","1511","CWT+DHE","T11","54",0.522,54,"False"
"7809","1513","CWT+DHE","T11","54",1.089,54,"False"
"7810","1515","CWT+DHE","T11","54",0.955,54,"False"
"7811","1516","CWT+DHE","T11","54",0.297,54,"False"
"7812","1517","CWT+DHE","T11","54",0.8,54,"False"
"7813","1518","CWT+DHE","T11","54",1.82,54,"False"
"7814","1519","CWT+DHE","T11","54",0.325,54,"False"
"7815","1520","CWT+DHE","T11","54",0.316,54,"False"
"7816","1521","CWT+DHE","T11","54",0.394,54,"False"
"7817","1531","CWT+DHE","T11","54",1.404,54,"False"
"7818","1536","CHE+DHE","T6","54",1.512,54,"False"
"7819","1539","CHE+DHE","T6","54",0.738,54,"False"
"7820","1540","CHE+DHE","T6","54",2.169,54,"False"
"7821","1541","CHE+DHE","T6","54",0.392,54,"False"
"7822","1544","CHE+DHE","T6","54",0.689,54,"False"
"7823","1553","CHE+DHE","T6","54",0.457,54,"False"
"7824","1554","CHE+DHE","T6","54",0.884,54,"False"
"7825","1556","CHE+DHE","T6","54",0.808,54,"False"
"7826","1562","CHE+DHE","T6","54",0.556,54,"False"
"7827","1590","CHE+DHE","T6","54",0.336,54,"False"
"7828","1603","CHE+DHE","T6","54",2.319,54,"False"
"7829","1605","CHE+DHE","T6","54",0.924,54,"False"
"7830","1606","CHE+DHE","T6","54",0.979,54,"False"
"7831","1607","CHE+DHE","T6","54",0.655,54,"False"
"7832","1636","CHE+DHE","T6","54",1.926,54,"False"
"7833","1637","CHE+DHE","T6","54",1.605,54,"False"
"7834","1640","CHE+DHE","T6","54",1.131,54,"False"
"7835","1641","CHE+DHE","T6","54",1.015,54,"False"
"7836","1647","CHE+DHE","T6","54",0.795,54,"False"
"7837","1655","CHE+DHE","T6","54",0.766,54,"False"
"7838","1660","CHE+DHE","T6","54",1.837,54,"False"
"7839","1661","CHE+DHE","T6","54",2.404,54,"False"
"7840","1662","CHE+DHE","T6","54",1.829,54,"False"
"7841","1664","CHE+DHE","T6","54",0.903,54,"False"
"7842","1665","CHE+DHE","T6","54",1.341,54,"False"
"7843","1672","CHE+DHE","T6","54",0.07,54,"False"
"7844","1355","DHE","T9","54",0.493,54,"False"
"7845","1356","DHE","T9","54",0.944,54,"False"
"7846","1357","DHE","T9","54",1.11,54,"False"
"7847","1363","DHE","T9","54",0.484,54,"False"
"7848","1376","DHE","T9","54",0.475,54,"False"
"7849","1377","DHE","T9","54",0.269,54,"False"
"7850","1380","DHE","T9","54",0.78,54,"False"
"7851","1383","DHE","T9","54",0.834,54,"False"
"7852","1384","DHE","T9","54",0.208,54,"False"
"7853","1385","DHE","T9","54",0.319,54,"False"
"7854","1386","DHE","T9","54",0.409,54,"False"
"7855","1392","DHE","T9","54",0.719,54,"False"
"7856","1394","DHE","T9","54",0.167,54,"False"
"7857","1397","DHE","T9","54",0.627,54,"False"
"7858","1398","DHE","T9","54",0.375,54,"False"
"7859","1399","DHE","T9","54",0.697,54,"False"
"7860","1400","DHE","T9","54",0.115,54,"False"
"7861","1401","DHE","T9","54",0.543,54,"False"
"7862","1404","DHE","T9","54",0.603,54,"False"
"7863","1405","DHE","T9","54",0.79,54,"False"
"7864","1406","DHE","T9","54",0.137,54,"False"
"7865","1407","DHE","T9","54",0.616,54,"False"
"7866","1408","DHE","T9","54",0.194,54,"False"
"7867","1410","DHE","T9","54",0.436,54,"False"
"7868","1411","DHE","T9","54",0.111,54,"False"
"7869","1412","DHE","T9","54",0.407,54,"False"
"7870","1414","DHE","T9","54",0.315,54,"False"
"7871","1415","DHE","T9","54",0.1,54,"False"
"7872","1416","DHE","T9","54",0.172,54,"False"
"7873","1420","DHE","T9","54",0.141,54,"False"
"7874","1421","DHE","T9","54",0.289,54,"False"
"7875","1926","CHE+DWT","T12","54",1.14,54,"False"
"7876","1927","CHE+DWT","T12","54",0.987,54,"False"
"7877","1928","CHE+DWT","T12","54",1.154,54,"False"
"7878","1929","CHE+DWT","T12","54",0.655,54,"False"
"7879","1933","CHE+DWT","T12","54",0.591,54,"False"
"7880","1937","CHE+DWT","T12","54",1.328,54,"False"
"7881","1940","CHE+DWT","T12","54",0.734,54,"False"
"7882","1943","CHE+DWT","T12","54",0.191,54,"False"
"7883","1950","CHE+DWT","T12","54",0.439,54,"False"
"7884","1956","CHE+DWT","T12","54",0.651,54,"False"
"7885","1970","CHE+DWT","T12","54",1.027,54,"False"
"7886","1971","CHE+DWT","T12","54",0.528,54,"False"
"7887","1986","CHE+DWT","T12","54",0.373,54,"False"
"7888","1615","CHE+DHE","T14","54",0.719,54,"False"
"7889","1616","CHE+DHE","T14","54",0.281,54,"False"
"7890","1633","CHE+DHE","T14","54",0.27,54,"False"
"7891","1761","CHE+DHE","T14","54",1.175,54,"False"
"7892","1763","CHE+DHE","T14","54",1.483,54,"False"
"7893","1764","CHE+DHE","T14","54",0.735,54,"False"
"7894","1767","CHE+DHE","T14","54",0.945,54,"False"
"7895","1771","CHE+DHE","T14","54",0.967,54,"False"
"7896","1774","CHE+DHE","T14","54",1.03,54,"False"
"7897","1777","CHE+DHE","T14","54",1.36,54,"False"
"7898","1780","CHE+DHE","T14","54",0.536,54,"False"
"7899","1806","CHE+DHE","T14","54",0.714,54,"False"
"7900","1810","CHE+DHE","T14","54",0.256,54,"False"
"7901","1814","CHE+DHE","T14","54",0.819,54,"False"
"7902","1825","CHE+DHE","T14","54",0.654,54,"False"
"7903","1827","CHE+DHE","T14","54",0.795,54,"False"
"7904","1839","CHE+DHE","T14","54",0.242,54,"False"
"7905","1840","CHE+DHE","T14","54",0.933,54,"False"
"7906","1841","CHE+DHE","T14","54",0.877,54,"False"
"7907","1848","CHE+DHE","T14","54",1.658,54,"False"
"7908","1849","CHE+DHE","T14","54",0.345,54,"False"
"7909","1850","CHE+DHE","T14","54",0.912,54,"False"
"7910","1851","CHE+DHE","T14","54",0.884,54,"False"
"7911","1854","CHE+DHE","T14","54",0.793,54,"False"
"7912","1855","CHE+DHE","T14","54",1.025,54,"False"
"7913","1856","CHE+DHE","T14","54",3.248,54,"False"
"7914","1857","CHE+DHE","T14","54",0.859,54,"False"
"7915","1858","CHE+DHE","T14","54",1.034,54,"False"
"7916","1859","CHE+DHE","T14","54",1.572,54,"False"
"7917","1860","CHE+DHE","T14","54",0.167,54,"False"
"7918","1861","CHE+DHE","T14","54",2.216,54,"False"
"7919","1862","CHE+DHE","T14","54",1.235,54,"False"
"7920","1863","CHE+DHE","T14","54",0.825,54,"False"
"7921","1864","CHE+DHE","T14","54",1.389,54,"False"
"7922","1866","CHE+DHE","T14","54",0.887,54,"False"
"7923","1873","CHE+DHE","T14","54",0.468,54,"False"
"7924","1876","CHE+DHE","T14","54",0.851,54,"False"
"7925","1878","CHE+DHE","T14","54",0.832,54,"False"
"7926","1879","CHE+DHE","T14","54",1.198,54,"False"
"7927","1880","CHE+DHE","T14","54",2.088,54,"False"
"7928","1884","CHE+DHE","T14","54",0.475,54,"False"
"7929","1887","CHE+DHE","T14","54",1.583,54,"False"
"7930","1888","CHE+DHE","T14","54",0.456,54,"False"
"7931","1889","CHE+DHE","T14","54",0.879,54,"False"
"7932","1894","CHE+DHE","T14","54",1.068,54,"False"
"7933","1896","CHE+DHE","T14","54",1.418,54,"False"
"7934","1897","CHE+DHE","T14","54",0.204,54,"False"
"7935","1898","CHE+DHE","T14","54",1.148,54,"False"
"7936","1899","CHE+DHE","T14","54",0.751,54,"False"
"7937","1901","CHE+DHE","T14","54",0.769,54,"False"
"7938","1904","CHE+DHE","T14","54",1.479,54,"False"
"7939","1905","CHE+DHE","T14","54",1.908,54,"False"
"7940","1906","CHE+DHE","T14","54",2.219,54,"False"
"7941","1907","CHE+DHE","T14","54",1.988,54,"False"
"7942","1908","CHE+DHE","T14","54",1.389,54,"False"
"7943","1910","CHE+DHE","T14","54",1.826,54,"False"
"7944","1911","CHE+DHE","T14","54",0.835,54,"False"
"7945","1912","CHE+DHE","T14","54",0.965,54,"False"
"7946","1915","CHE+DHE","T14","54",1.333,54,"False"
"7947","1921","CHE+DHE","T14","54",0.716,54,"False"
"7948","1924","CHE+DHE","T14","54",0.515,54,"False"
"7949","1925","CHE+DHE","T14","54",0.737,54,"False"
"7950","2058","CHE+DHE","T14","54",0.176,54,"False"
"7951","2059","CHE+DHE","T14","54",0.365,54,"False"
"7952","2093","CWT+DHE","T15","54",0.986,54,"False"
"7953","2094","CWT+DHE","T15","54",1.336,54,"False"
"7954","2095","CWT+DHE","T15","54",0.638,54,"False"
"7955","2096","CWT+DHE","T15","54",1.336,54,"False"
"7956","2098","CWT+DHE","T15","54",2.257,54,"False"
"7957","2104","CWT+DHE","T15","54",0.697,54,"False"
"7958","2108","CWT+DHE","T15","54",0.545,54,"False"
"7959","2113","CWT+DHE","T15","54",0.658,54,"False"
"7960","2115","CWT+DHE","T15","54",0.663,54,"False"
"7961","2116","CWT+DHE","T15","54",0.284,54,"False"
"7962","1991","CWT+DWT","T13","54",0.733,54,"False"
"7963","1992","CWT+DWT","T13","54",1.551,54,"False"
"7964","1993","CWT+DWT","T13","54",1.11,54,"False"
"7965","1998","CWT+DWT","T13","54",2.84,54,"False"
"7966","1999","CWT+DWT","T13","54",2.179,54,"False"
"7967","2000","CWT+DWT","T13","54",1.952,54,"False"
"7968","2003","CWT+DWT","T13","54",0.314,54,"False"
"7969","2005","CWT+DWT","T13","54",2.672,54,"False"
"7970","2006","CWT+DWT","T13","54",1.467,54,"False"
"7971","2008","CWT+DWT","T13","54",0.896,54,"False"
"7972","2009","CWT+DWT","T13","54",1.018,54,"False"
"7973","2010","CWT+DWT","T13","54",1.813,54,"False"
"7974","2011","CWT+DWT","T13","54",1.162,54,"True"
"7975","2012","CWT+DWT","T13","54",2.056,54,"False"
"7976","2013","CWT+DWT","T13","54",1.307,54,"False"
"7977","2014","CWT+DWT","T13","54",1.076,54,"False"
"7978","2015","CWT+DWT","T13","54",0.242,54,"False"
"7979","2022","CWT+DWT","T13","54",1,54,"False"
"7980","2023","CWT+DWT","T13","54",1.717,54,"False"
"7981","2024","CWT+DWT","T13","54",0.287,54,"False"
"7982","2025","CWT+DWT","T13","54",0.653,54,"False"
"7983","2026","CWT+DWT","T13","54",3.151,54,"False"
"7984","2027","CWT+DWT","T13","54",0.893,54,"False"
"7985","2031","CWT+DWT","T13","54",0.991,54,"False"
"7986","2032","CWT+DWT","T13","54",1.343,54,"False"
"7987","2033","CWT+DWT","T13","54",7.124,54,"False"
"7988","2035","CWT+DWT","T13","54",1.21,54,"False"
"7989","2038","CWT+DWT","T13","54",0.383,54,"False"
"7990","2039","CWT+DWT","T13","54",2.054,54,"False"
"7991","2040","CWT+DWT","T13","54",0.867,54,"True"
"7992","2041","CWT+DWT","T13","54",1.195,54,"True"
"7993","2042","CWT+DWT","T13","54",0.713,54,"False"
"7994","2043","CWT+DWT","T13","54",0.974,54,"False"
"7995","2044","CWT+DWT","T13","54",1.854,54,"False"
"7996","2045","CWT+DWT","T13","54",0.166,54,"False"
"7997","2046","CWT+DWT","T13","54",0.671,54,"False"
"7998","2047","CWT+DWT","T13","54",1.396,54,"False"
"7999","2048","CWT+DWT","T13","54",0.461,54,"False"
"8000","2051","CWT+DWT","T13","54",0.278,54,"False"
"8001","2053","CWT+DWT","T13","54",0.372,54,"False"
"8002","2054","CWT+DWT","T13","54",1.119,54,"False"
"8003","2055","CWT+DWT","T13","54",0.536,54,"False"
"8004","2080","CWT+DWT","T13","54",0.526,54,"False"
"8005","2081","CWT+DWT","T13","54",0.117,54,"False"
"8006","2259","CWT","T16","54",0.245,54,"False"
"8007","2262","CWT","T16","54",0.302,54,"False"
"8008","2263","CWT","T16","54",0.368,54,"False"
"8009","2264","CWT","T16","54",1.302,54,"False"
"8010","2267","CWT","T16","54",0.285,54,"False"
"8011","2269","CWT","T16","54",0.49,54,"False"
"8012","2272","CWT","T16","54",0.542,54,"False"
"8013","2274","CWT","T16","54",0.617,54,"False"
"8014","2281","CWT","T16","54",0.701,54,"False"
"8015","2283","CWT","T16","54",0.554,54,"False"
"8016","2284","CWT","T16","54",0.445,54,"False"
"8017","2293","CWT","T16","54",0.293,54,"False"
"8018","2294","CWT","T16","54",0.067,54,"False"
"8019","2298","CWT","T16","54",0.261,54,"False"
"8020","2299","CWT","T16","54",0.393,54,"False"
"8021","2300","CWT","T16","54",0.414,54,"False"
"8022","2306","CWT","T16","54",0.46,54,"False"
"8023","2308","CWT","T16","54",0.485,54,"False"
"8024","2311","CWT","T16","54",0.269,54,"False"
"8025","2315","CWT","T16","54",0.557,54,"False"
"8026","2317","CWT","T16","54",0.78,54,"False"
"8027","2318","CWT","T16","54",0.195,54,"False"
"8028","2319","CWT","T16","54",0.185,54,"False"
"8029","2320","CWT","T16","54",0.14,54,"False"
"8030","2321","CWT","T16","54",0.525,54,"False"
"8031","2322","CWT","T16","54",0.117,54,"False"
"8032","2323","CWT","T16","54",0.046,54,"False"
"8033","2324","CWT","T16","54",0.478,54,"False"
"8034","2325","CWT","T16","54",0.363,54,"False"
"8035","2326","CWT","T16","54",0.445,54,"False"
"8036","2330","CWT","T16","54",0.365,54,"False"
"8037","2343","CWT","T16","54",0.231,54,"False"
"8038","2345","CWT","T16","54",0.194,54,"False"
"8039","2347","CWT","T16","54",0.348,54,"False"
"8040","2348","CWT","T16","54",0.409,54,"False"
"8041","2350","CWT","T16","54",0.258,54,"False"
"8042","2351","CWT","T16","54",0.345,54,"False"
"8043","2352","CWT","T16","54",0.224,54,"False"
"8044","2353","CWT","T16","54",0.449,54,"False"
"8045","2355","CWT","T16","54",0.817,54,"False"
"8046","2356","CWT","T16","54",0.368,54,"False"
"8047","2357","CWT","T16","54",0.228,54,"False"
"8048","2361","CWT","T16","54",0.542,54,"False"
"8049","2362","CWT","T16","54",0.496,54,"False"
"8050","2364","CWT","T16","54",0.325,54,"False"
"8051","2365","CWT","T16","54",0.262,54,"False"
"8052","2368","CWT","T16","54",0.338,54,"False"
"8053","2369","CWT","T16","54",0.128,54,"False"
"8054","2370","CWT","T16","54",0.323,54,"False"
"8055","2372","CWT","T16","54",0.26,54,"False"
"8056","2374","CWT","T16","54",0.518,54,"False"
"8057","2376","CWT","T16","54",0.394,54,"False"
"8058","2380","CWT","T16","54",0.216,54,"False"
"8059","2514","CHE","T22","54",0.642,54,"False"
"8060","2515","CHE","T22","54",0.806,54,"False"
"8061","2516","CHE","T22","54",0.613,54,"False"
"8062","2520","CHE","T22","54",0.12,54,"False"
"8063","2526","CHE","T22","54",0.623,54,"False"
"8064","2527","CHE","T22","54",0.494,54,"False"
"8065","2529","CHE","T22","54",0.136,54,"False"
"8066","2531","CHE","T22","54",0.281,54,"False"
"8067","2532","CHE","T22","54",0.505,54,"False"
"8068","2533","CHE","T22","54",0.319,54,"False"
"8069","2534","CHE","T22","54",0.357,54,"False"
"8070","2538","CHE","T22","54",0.461,54,"False"
"8071","2539","CHE","T22","54",0.274,54,"False"
"8072","2543","CHE","T22","54",0.176,54,"False"
"8073","2544","CHE","T22","54",0.516,54,"False"
"8074","2547","CHE","T22","54",0.483,54,"False"
"8075","2550","CHE","T22","54",0.706,54,"False"
"8076","2558","CHE","T22","54",0.495,54,"False"
"8077","2561","CHE","T22","54",0.599,54,"False"
"8078","2564","CHE","T22","54",0.179,54,"False"
"8079","2566","CHE","T22","54",0.559,54,"False"
"8080","2567","CHE","T22","54",0.674,54,"False"
"8081","2568","CHE","T22","54",0.734,54,"False"
"8082","2569","CHE","T22","54",0.684,54,"False"
"8083","2576","CHE","T22","54",0.255,54,"False"
"8084","2580","CHE","T22","54",0.52,54,"False"
"8085","2584","CHE","T22","54",0.175,54,"False"
"8086","2585","CHE","T22","54",0.138,54,"False"
"8087","2586","CHE","T22","54",0.967,54,"False"
"8088","2588","CHE","T22","54",0.67,54,"False"
"8089","2592","CHE","T22","54",0.877,54,"False"
"8090","2593","CHE","T22","54",0.759,54,"False"
"8091","2603","CHE","T22","54",0.614,54,"False"
"8092","2608","CHE","T22","54",0.43,54,"False"
"8093","2385","DWT","T17","54",0.739,54,"False"
"8094","2386","DWT","T17","54",1.377,54,"False"
"8095","2387","DWT","T17","54",1.403,54,"False"
"8096","2389","DWT","T17","54",1.496,54,"False"
"8097","2390","DWT","T17","54",1.316,54,"False"
"8098","2391","DWT","T17","54",1.187,54,"True"
"8099","2396","DWT","T17","54",1.045,54,"False"
"8100","2397","DWT","T17","54",1.827,54,"False"
"8101","2398","DWT","T17","54",1.303,54,"False"
"8102","2401","DWT","T17","54",1.492,54,"False"
"8103","2402","DWT","T17","54",1.125,54,"False"
"8104","2404","DWT","T17","54",1.688,54,"False"
"8105","2405","DWT","T17","54",1.205,54,"False"
"8106","2406","DWT","T17","54",0.229,54,"False"
"8107","2408","DWT","T17","54",1.152,54,"False"
"8108","2409","DWT","T17","54",0.759,54,"False"
"8109","2410","DWT","T17","54",0.314,54,"False"
"8110","2412","DWT","T17","54",0.578,54,"False"
"8111","2413","DWT","T17","54",1.523,54,"False"
"8112","2417","DWT","T17","54",0.731,54,"True"
"8113","2426","DWT","T17","54",0.194,54,"False"
"8114","2427","DWT","T17","54",0.476,54,"True"
"8115","2430","DWT","T17","54",0.796,54,"False"
"8116","2431","DWT","T17","54",0.554,54,"True"
"8117","2433","DWT","T17","54",0.782,54,"False"
"8118","2435","DWT","T17","54",0.245,54,"False"
"8119","2438","DWT","T17","54",1.048,54,"False"
"8120","2442","DWT","T17","54",2.03,54,"False"
"8121","2445","DWT","T17","54",1.368,54,"False"
"8122","2446","DWT","T17","54",1.124,54,"False"
"8123","2449","DWT","T17","54",1.321,54,"False"
"8124","2461","DWT","T17","54",0.504,54,"False"
"8125","2463","DWT","T17","54",0.696,54,"False"
"8126","2464","DWT","T17","54",1.1,54,"False"
"8127","2478","DWT","T17","54",1.339,54,"False"
"8128","2483","DWT","T17","54",0.814,54,"False"
"8129","2484","DWT","T17","54",2.687,54,"False"
"8130","2487","DWT","T17","54",1.953,54,"False"
"8131","2489","DWT","T17","54",0.723,54,"False"
"8132","2491","DWT","T17","54",1.891,54,"False"
"8133","2492","DWT","T17","54",1.847,54,"False"
"8134","2493","DWT","T17","54",1.069,54,"False"
"8135","2494","DWT","T17","54",2.175,54,"False"
"8136","2495","DWT","T17","54",1.018,54,"False"
"8137","2497","DWT","T17","54",0.698,54,"False"
"8138","2501","DWT","T17","54",0.358,54,"False"
"8139","2502","DWT","T17","54",0.162,54,"False"
"8140","2504","DWT","T17","54",0.507,54,"False"
"8141","2505","DWT","T17","54",0.84,54,"False"
"8142","2506","DWT","T17","54",0.365,54,"False"
"8143","2695","CHE","T20","54",0.828,54,"False"
"8144","2698","CHE","T20","54",0.927,54,"False"
"8145","2699","CHE","T20","54",0.505,54,"False"
"8146","2700","CHE","T20","54",0.21,54,"False"
"8147","2703","CHE","T20","54",0.146,54,"False"
"8148","2706","CHE","T20","54",0.118,54,"False"
"8149","2707","CHE","T20","54",0.687,54,"False"
"8150","2708","CHE","T20","54",0.403,54,"False"
"8151","2709","CHE","T20","54",0.323,54,"False"
"8152","2712","CHE","T20","54",0.638,54,"False"
"8153","2713","CHE","T20","54",0.955,54,"False"
"8154","2720","CHE","T20","54",0.112,54,"False"
"8155","2721","CHE","T20","54",0.356,54,"False"
"8156","2722","CHE","T20","54",0.304,54,"False"
"8157","2723","CHE","T20","54",0.706,54,"False"
"8158","2725","CHE","T20","54",0.341,54,"False"
"8159","2726","CHE","T20","54",1.484,54,"False"
"8160","2728","CHE","T20","54",1.143,54,"False"
"8161","2729","CHE","T20","54",0.316,54,"False"
"8162","2730","CHE","T20","54",0.32,54,"False"
"8163","2733","CHE","T20","54",0.208,54,"False"
"8164","2734","CHE","T20","54",0.213,54,"False"
"8165","2736","CHE","T20","54",0.503,54,"False"
"8166","1681","DWT","T10","54",0.308,54,"False"
"8167","1683","DWT","T10","54",0.683,54,"False"
"8168","1685","DWT","T10","54",0.66,54,"False"
"8169","1691","DWT","T10","54",1.783,54,"False"
"8170","1693","DWT","T10","54",1.57,54,"False"
"8171","1694","DWT","T10","54",0.513,54,"False"
"8172","1695","DWT","T10","54",1.545,54,"False"
"8173","1696","DWT","T10","54",0.825,54,"False"
"8174","1697","DWT","T10","54",0.682,54,"False"
"8175","1698","DWT","T10","54",1.099,54,"False"
"8176","1699","DWT","T10","54",2.064,54,"False"
"8177","1700","DWT","T10","54",0.533,54,"False"
"8178","1702","DWT","T10","54",0.841,54,"False"
"8179","1704","DWT","T10","54",0.383,54,"False"
"8180","1705","DWT","T10","54",1.398,54,"False"
"8181","1706","DWT","T10","54",0.152,54,"False"
"8182","1707","DWT","T10","54",0.879,54,"False"
"8183","1713","DWT","T10","54",1.659,54,"False"
"8184","1715","DWT","T10","54",0.761,54,"False"
"8185","1716","DWT","T10","54",0.888,54,"False"
"8186","1717","DWT","T10","54",0.306,54,"False"
"8187","1719","DWT","T10","54",1.514,54,"False"
"8188","1721","DWT","T10","54",0.27,54,"False"
"8189","1723","DWT","T10","54",0.984,54,"False"
"8190","1724","DWT","T10","54",1.6,54,"False"
"8191","1727","DWT","T10","54",0.784,54,"False"
"8192","1730","DWT","T10","54",0.168,54,"False"
"8193","1731","DWT","T10","54",1.424,54,"False"
"8194","1732","DWT","T10","54",0.333,54,"False"
"8195","1733","DWT","T10","54",0.34,54,"False"
"8196","1734","DWT","T10","54",0.196,54,"False"
"8197","1737","DWT","T10","54",0.124,54,"False"
"8198","1738","DWT","T10","54",0.45,54,"False"
"8199","1739","DWT","T10","54",0.829,54,"False"
"8200","1740","DWT","T10","54",0.998,54,"False"
"8201","1741","DWT","T10","54",0.516,54,"False"
"8202","1742","DWT","T10","54",0.849,54,"False"
"8203","1743","DWT","T10","54",1.102,54,"False"
"8204","1748","DWT","T10","54",0.725,54,"False"
"8205","2623","CHE+DHE","T21","54",0.738,54,"False"
"8206","2629","CHE+DHE","T21","54",0.65,54,"False"
"8207","2630","CHE+DHE","T21","54",1.225,54,"False"
"8208","2631","CHE+DHE","T21","54",0.844,54,"False"
"8209","2632","CHE+DHE","T21","54",1.275,54,"False"
"8210","2633","CHE+DHE","T21","54",0.912,54,"False"
"8211","2634","CHE+DHE","T21","54",1.375,54,"False"
"8212","2638","CHE+DHE","T21","54",1.652,54,"False"
"8213","2639","CHE+DHE","T21","54",1.325,54,"False"
"8214","2640","CHE+DHE","T21","54",0.69,54,"False"
"8215","2642","CHE+DHE","T21","54",0.674,54,"False"
"8216","2643","CHE+DHE","T21","54",0.427,54,"False"
"8217","2644","CHE+DHE","T21","54",0.574,54,"False"
"8218","2649","CHE+DHE","T21","54",0.507,54,"False"
"8219","2650","CHE+DHE","T21","54",0.866,54,"False"
"8220","2651","CHE+DHE","T21","54",0.7,54,"False"
"8221","2653","CHE+DHE","T21","54",0.613,54,"False"
"8222","2654","CHE+DHE","T21","54",0.837,54,"False"
"8223","2656","CHE+DHE","T21","54",0.707,54,"False"
"8224","2663","CHE+DHE","T21","54",0.661,54,"False"
"8225","2666","CHE+DHE","T21","54",1.333,54,"False"
"8226","2672","CHE+DHE","T21","54",0.713,54,"False"
"8227","2673","CHE+DHE","T21","54",0.709,54,"False"
"8228","2678","CHE+DHE","T21","54",0.47,54,"False"
"8229","2683","CHE+DHE","T21","54",1.297,54,"False"
"8230","2685","CHE+DHE","T21","54",0.2,54,"False"
"8231","2751","CWT+DWT","T27","54",1.912,54,"False"
"8232","2752","CWT+DWT","T27","54",2.596,54,"False"
"8233","2753","CWT+DWT","T27","54",1.682,54,"False"
"8234","2759","CWT+DWT","T27","54",1.094,54,"False"
"8235","2761","CWT+DWT","T27","54",1.059,54,"False"
"8236","2764","CWT+DWT","T27","54",2.796,54,"False"
"8237","2765","CWT+DWT","T27","54",1.398,54,"False"
"8238","2766","CWT+DWT","T27","54",0.611,54,"False"
"8239","2768","CWT+DWT","T27","54",0.461,54,"False"
"8240","2769","CWT+DWT","T27","54",1.544,54,"False"
"8241","2770","CWT+DWT","T27","54",0.975,54,"False"
"8242","2771","CWT+DWT","T27","54",1.803,54,"False"
"8243","2772","CWT+DWT","T27","54",0.283,54,"False"
"8244","2777","CWT+DWT","T27","54",0.997,54,"False"
"8245","2778","CWT+DWT","T27","54",1.193,54,"False"
"8246","2784","CWT+DWT","T27","54",0.416,54,"False"
"8247","2785","CWT+DWT","T27","54",0.553,54,"False"
"8248","2787","CWT+DWT","T27","54",1.392,54,"False"
"8249","2789","CWT+DWT","T27","54",0.154,54,"False"
"8250","2798","CWT+DWT","T27","54",0.946,54,"False"
"8251","2800","CWT+DWT","T27","54",0.902,54,"False"
"8252","2803","CWT+DWT","T27","54",0.265,54,"False"
"8253","2804","CWT+DWT","T27","54",0.358,54,"False"
"8254","2805","CWT+DWT","T27","54",0.243,54,"False"
"8255","2806","CWT+DWT","T27","54",0.349,54,"False"
"8256","2807","CWT+DWT","T27","54",0.576,54,"False"
"8257","2808","CWT+DWT","T27","54",0.248,54,"False"
"8258","2809","CWT+DWT","T27","54",0.679,54,"False"
"8259","2811","CWT+DWT","T27","54",1.543,54,"False"
"8260","2812","CWT+DWT","T27","54",1.435,54,"False"
"8261","2815","CWT+DWT","T27","54",0.259,54,"False"
"8262","2816","CWT+DWT","T27","54",0.766,54,"False"
"8263","2819","CWT+DWT","T27","54",2.009,54,"False"
"8264","2820","CWT+DWT","T27","54",2.623,54,"False"
"8265","2822","CWT+DWT","T27","54",1.319,54,"False"
"8266","2825","CWT+DWT","T27","54",0.961,54,"False"
"8267","2826","CWT+DWT","T27","54",1.151,54,"False"
"8268","2864","DWT","T18","54",0.131,54,"False"
"8269","2866","DWT","T18","54",0.289,54,"False"
"8270","2869","DWT","T18","54",1.64,54,"False"
"8271","2870","DWT","T18","54",2.066,54,"False"
"8272","2872","DWT","T18","54",0.373,54,"False"
"8273","2874","DWT","T18","54",0.186,54,"False"
"8274","2875","DWT","T18","54",0.082,54,"False"
"8275","2876","DWT","T18","54",0.826,54,"False"
"8276","2877","DWT","T18","54",0.714,54,"False"
"8277","2880","DWT","T18","54",1.122,54,"False"
"8278","2881","DWT","T18","54",0.93,54,"False"
"8279","2882","DWT","T18","54",1.15,54,"False"
"8280","2883","DWT","T18","54",0.574,54,"False"
"8281","2887","DWT","T18","54",1.516,54,"False"
"8282","2888","DWT","T18","54",1.832,54,"False"
"8283","2898","DWT","T18","54",1.578,54,"False"
"8284","2899","DWT","T18","54",0.655,54,"False"
"8285","2900","DWT","T18","54",1.618,54,"False"
"8286","2906","DWT","T18","54",1.47,54,"False"
"8287","2907","DWT","T18","54",0.564,54,"False"
"8288","2908","DWT","T18","54",1.36,54,"False"
"8289","2909","DWT","T18","54",1.622,54,"False"
"8290","2910","DWT","T18","54",0.706,54,"False"
"8291","2912","DWT","T18","54",1.826,54,"False"
"8292","2929","DWT","T18","54",1.513,54,"False"
"8293","2935","DWT","T18","54",1.152,54,"False"
"8294","2952","DWT","T18","54",0.669,54,"False"
"8295","2953","DWT","T18","54",0.477,54,"False"
"8296","2956","DWT","T18","54",0.558,54,"False"
"8297","2960","DWT","T18","54",0.438,54,"False"
"8298","2963","DWT","T18","54",0.153,54,"False"
"8299","2964","DWT","T18","54",0.178,54,"False"
"8300","2965","DWT","T18","54",0.453,54,"False"
"8301","2966","DWT","T18","54",0.617,54,"False"
"8302","2972","DWT","T18","54",1.231,54,"False"
"8303","2973","DWT","T18","54",1.081,54,"False"
"8304","2974","DWT","T18","54",1.673,54,"False"
"8305","2975","DWT","T18","54",0.71,54,"False"
"8306","2976","DWT","T18","54",0.725,54,"False"
"8307","2979","DWT","T18","54",0.375,54,"False"
"8308","2989","DWT","T18","54",1.098,54,"False"
"8309","2992","DWT","T18","54",0.751,54,"False"
"8310","2993","DWT","T18","54",1.252,54,"False"
"8311","2994","DWT","T18","54",1.028,54,"False"
"8312","2995","DWT","T18","54",1.349,54,"False"
"8313","2997","DWT","T18","54",0.145,54,"False"
"8314","3002","DWT","T18","54",0.313,54,"False"
"8315","3003","DWT","T18","54",0.279,54,"False"
"8316","3004","DWT","T18","54",0.314,54,"False"
"8317","3157","DHE","T24","54",1.638,54,"False"
"8318","3158","DHE","T24","54",2.083,54,"False"
"8319","3159","DHE","T24","54",0.872,54,"False"
"8320","3163","DHE","T24","54",1.111,54,"False"
"8321","3165","DHE","T24","54",0.991,54,"False"
"8322","3166","DHE","T24","54",1.67,54,"False"
"8323","3167","DHE","T24","54",0.281,54,"False"
"8324","3178","DHE","T24","54",0.779,54,"False"
"8325","3180","DHE","T24","54",1.277,54,"False"
"8326","3181","DHE","T24","54",1.468,54,"False"
"8327","3182","DHE","T24","54",2.003,54,"False"
"8328","3186","DHE","T24","54",0.966,54,"False"
"8329","3189","DHE","T24","54",0.705,54,"False"
"8330","3190","DHE","T24","54",0.417,54,"False"
"8331","3191","DHE","T24","54",1.337,54,"False"
"8332","3192","DHE","T24","54",1.169,54,"False"
"8333","3196","DHE","T24","54",0.688,54,"False"
"8334","3197","DHE","T24","54",1.287,54,"False"
"8335","3198","DHE","T24","54",2.119,54,"False"
"8336","3199","DHE","T24","54",0.353,54,"False"
"8337","3200","DHE","T24","54",1.053,54,"False"
"8338","3203","DHE","T24","54",1.323,54,"False"
"8339","3205","DHE","T24","54",0.846,54,"False"
"8340","3207","DHE","T24","54",1.086,54,"False"
"8341","3208","DHE","T24","54",0.933,54,"False"
"8342","3210","DHE","T24","54",1.562,54,"False"
"8343","3213","DHE","T24","54",0.795,54,"False"
"8344","3219","DHE","T24","54",1.473,54,"False"
"8345","3222","DHE","T24","54",0.984,54,"False"
"8346","3224","DHE","T24","54",1.483,54,"False"
"8347","3225","DHE","T24","54",2.154,54,"False"
"8348","3228","DHE","T24","54",0.929,54,"False"
"8349","3229","DHE","T24","54",1.188,54,"False"
"8350","3231","DHE","T24","54",1.354,54,"False"
"8351","3240","DHE","T24","54",0.781,54,"False"
"8352","3246","DHE","T24","54",1.615,54,"False"
"8353","3258","DHE","T24","54",1.159,54,"False"
"8354","3259","DHE","T24","54",0.852,54,"False"
"8355","3261","DHE","T24","54",1.561,54,"False"
"8356","3265","DHE","T24","54",1.312,54,"False"
"8357","3269","DHE","T24","54",1.259,54,"False"
"8358","3272","DHE","T24","54",1.054,54,"False"
"8359","3273","DHE","T24","54",1.1,54,"False"
"8360","3274","DHE","T24","54",0.677,54,"False"
"8361","3281","DHE","T24","54",1.266,54,"False"
"8362","3292","DHE","T24","54",1.784,54,"False"
"8363","3293","DHE","T24","54",0.975,54,"False"
"8364","3294","DHE","T24","54",0.913,54,"False"
"8365","3295","DHE","T24","54",0.963,54,"False"
"8366","3304","DHE","T24","54",1.874,54,"False"
"8367","3305","DHE","T24","54",0.819,54,"False"
"8368","3306","DHE","T24","54",1.965,54,"False"
"8369","3307","DHE","T24","54",1.227,54,"False"
"8370","3309","DHE","T24","54",0.85,54,"False"
"8371","3310","DHE","T24","54",1.121,54,"False"
"8372","3311","DHE","T24","54",0.243,54,"False"
"8373","3313","DHE","T24","54",2.163,54,"False"
"8374","3315","DHE","T24","54",2.076,54,"False"
"8375","3316","DHE","T24","54",1.42,54,"False"
"8376","3319","DHE","T24","54",1.955,54,"False"
"8377","3322","DHE","T24","54",1.152,54,"False"
"8378","3323","DHE","T24","54",1.236,54,"False"
"8379","3324","DHE","T24","54",1.178,54,"False"
"8380","3329","DHE","T24","54",1.175,54,"False"
"8381","3345","DHE","T24","54",0.794,54,"False"
"8382","3347","DHE","T24","54",2.088,54,"False"
"8383","3005","CWT+DWT","T26","54",2.241,54,"False"
"8384","3006","CWT+DWT","T26","54",1.404,54,"False"
"8385","3011","CWT+DWT","T26","54",2.221,54,"False"
"8386","3013","CWT+DWT","T26","54",1.871,54,"False"
"8387","3016","CWT+DWT","T26","54",0.854,54,"False"
"8388","3017","CWT+DWT","T26","54",2.178,54,"False"
"8389","3018","CWT+DWT","T26","54",2.034,54,"False"
"8390","3019","CWT+DWT","T26","54",0.899,54,"False"
"8391","3020","CWT+DWT","T26","54",1.313,54,"False"
"8392","3021","CWT+DWT","T26","54",1.457,54,"False"
"8393","3024","CWT+DWT","T26","54",2.395,54,"False"
"8394","3025","CWT+DWT","T26","54",2.576,54,"False"
"8395","3026","CWT+DWT","T26","54",0.775,54,"False"
"8396","3028","CWT+DWT","T26","54",1.966,54,"False"
"8397","3029","CWT+DWT","T26","54",1.558,54,"False"
"8398","3030","CWT+DWT","T26","54",1.081,54,"False"
"8399","3031","CWT+DWT","T26","54",0.472,54,"False"
"8400","3032","CWT+DWT","T26","54",2.015,54,"False"
"8401","3033","CWT+DWT","T26","54",2.379,54,"False"
"8402","3034","CWT+DWT","T26","54",1.308,54,"False"
"8403","3035","CWT+DWT","T26","54",1.659,54,"False"
"8404","3037","CWT+DWT","T26","54",1.985,54,"False"
"8405","3045","CWT+DWT","T26","54",1.456,54,"False"
"8406","3048","CWT+DWT","T26","54",2.149,54,"False"
"8407","3049","CWT+DWT","T26","54",2.545,54,"False"
"8408","3052","CWT+DWT","T26","54",1.654,54,"False"
"8409","3053","CWT+DWT","T26","54",0.433,54,"False"
"8410","3056","CWT+DWT","T26","54",0.909,54,"False"
"8411","3057","CWT+DWT","T26","54",1.237,54,"False"
"8412","3058","CWT+DWT","T26","54",0.217,54,"False"
"8413","3060","CWT+DWT","T26","54",1.096,54,"False"
"8414","3061","CWT+DWT","T26","54",0.671,54,"False"
"8415","3062","CWT+DWT","T26","54",0.374,54,"False"
"8416","3065","CWT+DWT","T26","54",1.404,54,"False"
"8417","3066","CWT+DWT","T26","54",1.023,54,"False"
"8418","3068","CWT+DWT","T26","54",0.182,54,"False"
"8419","3069","CWT+DWT","T26","54",1.227,54,"False"
"8420","3071","CWT+DWT","T26","54",2.047,54,"False"
"8421","3072","CWT+DWT","T26","54",0.624,54,"False"
"8422","3073","CWT+DWT","T26","54",1.69,54,"False"
"8423","3074","CWT+DWT","T26","54",0.576,54,"False"
"8424","3075","CWT+DWT","T26","54",0.842,54,"False"
"8425","3076","CWT+DWT","T26","54",1.694,54,"False"
"8426","3077","CWT+DWT","T26","54",1.42,54,"False"
"8427","3078","CWT+DWT","T26","54",0.756,54,"False"
"8428","3079","CWT+DWT","T26","54",0.985,54,"False"
"8429","3080","CWT+DWT","T26","54",0.931,54,"False"
"8430","3081","CWT+DWT","T26","54",0.224,54,"False"
"8431","3082","CWT+DWT","T26","54",0.338,54,"False"
"8432","3083","CWT+DWT","T26","54",1.813,54,"False"
"8433","3084","CWT+DWT","T26","54",1.511,54,"False"
"8434","3085","CWT+DWT","T26","54",2.17,54,"False"
"8435","3086","CWT+DWT","T26","54",1.926,54,"False"
"8436","3087","CWT+DWT","T26","54",1.807,54,"False"
"8437","3088","CWT+DWT","T26","54",0.989,54,"False"
"8438","3089","CWT+DWT","T26","54",0.655,54,"False"
"8439","3090","CWT+DWT","T26","54",1.717,54,"False"
"8440","3093","CWT+DWT","T26","54",2.209,54,"False"
"8441","3094","CWT+DWT","T26","54",1.82,54,"False"
"8442","3098","CWT+DWT","T26","54",0.356,54,"True"
"8443","3099","CWT+DWT","T26","54",0.887,54,"False"
"8444","3100","CWT+DWT","T26","54",0.325,54,"False"
"8445","3107","CWT+DWT","T26","54",2.505,54,"False"
"8446","3108","CWT+DWT","T26","54",1.316,54,"False"
"8447","3110","CWT+DWT","T26","54",0.945,54,"False"
"8448","3122","CWT+DWT","T26","54",0.36,54,"True"
"8449","3128","CWT+DWT","T26","54",0.868,54,"False"
"8450","3129","CWT+DWT","T26","54",0.986,54,"False"
"8451","3133","CWT+DWT","T26","54",0.3,54,"False"
"8452","3134","CWT+DWT","T26","54",2.353,54,"False"
"8453","3135","CWT+DWT","T26","54",2.04,54,"False"
"8454","3143","CWT+DWT","T26","54",0.793,54,"False"
"8455","3145","CWT+DWT","T26","54",0.248,54,"False"
"8456","3147","CWT+DWT","T26","54",1.785,54,"False"
"8457","3150","CWT+DWT","T26","54",0.935,54,"False"
"8458","3365","CWT+DWT","T26","54",1.486,54,"False"
"8459","3468","CWT","T19","54",0.524,54,"False"
"8460","3469","CWT","T19","54",0.336,54,"False"
"8461","3470","CWT","T19","54",0.434,54,"False"
"8462","3474","CWT","T19","54",0.334,54,"False"
"8463","3477","CWT","T19","54",0.521,54,"False"
"8464","3478","CWT","T19","54",0.188,54,"False"
"8465","3479","CWT","T19","54",0.448,54,"False"
"8466","3483","CWT","T19","54",0.568,54,"False"
"8467","3485","CWT","T19","54",0.42,54,"False"
"8468","3486","CWT","T19","54",0.382,54,"False"
"8469","3488","CWT","T19","54",0.465,54,"False"
"8470","3491","CWT","T19","54",0.201,54,"False"
"8471","3492","CWT","T19","54",0.193,54,"False"
"8472","3494","CWT","T19","54",0.092,54,"False"
"8473","3495","CWT","T19","54",0.253,54,"False"
"8474","3496","CWT","T19","54",0.148,54,"False"
"8475","3497","CWT","T19","54",0.265,54,"False"
"8476","3500","CWT","T19","54",0.349,54,"False"
"8477","3501","CWT","T19","54",0.406,54,"False"
"8478","3503","CWT","T19","54",0.613,54,"False"
"8479","3504","CWT","T19","54",0.359,54,"False"
"8480","3505","CWT","T19","54",0.37,54,"False"
"8481","3401","CHE+DWT","T28","54",0.407,54,"False"
"8482","3402","CHE+DWT","T28","54",0.792,54,"False"
"8483","3409","CHE+DWT","T28","54",0.634,54,"False"
"8484","3411","CHE+DWT","T28","54",0.477,54,"False"
"8485","3419","CHE+DWT","T28","54",0.752,54,"False"
"8486","3423","CHE+DWT","T28","54",0.761,54,"False"
"8487","3430","CHE+DWT","T28","54",1.111,54,"False"
"8488","3440","CHE+DWT","T28","54",0.963,54,"False"
"8489","3441","CHE+DWT","T28","54",1.163,54,"False"
"8490","3445","CHE+DWT","T28","54",1.689,54,"False"
"8491","3512","CHE+DWT","T29","54",1.15,54,"False"
"8492","3516","CHE+DWT","T29","54",1.499,54,"False"
"8493","3517","CHE+DWT","T29","54",1.422,54,"False"
"8494","3519","CHE+DWT","T29","54",1.497,54,"False"
"8495","3520","CHE+DWT","T29","54",1.687,54,"False"
"8496","3521","CHE+DWT","T29","54",0.846,54,"False"
"8497","3525","CHE+DWT","T29","54",0.545,54,"False"
"8498","3526","CHE+DWT","T29","54",0.667,54,"False"
"8499","3528","CHE+DWT","T29","54",0.544,54,"False"
"8500","3529","CHE+DWT","T29","54",0.518,54,"False"
"8501","3530","CHE+DWT","T29","54",0.444,54,"False"
"8502","3533","CHE+DWT","T29","54",0.178,54,"False"
"8503","3534","CHE+DWT","T29","54",0.613,54,"False"
"8504","3537","CHE+DWT","T29","54",0.419,54,"False"
"8505","3539","CHE+DWT","T29","54",0.997,54,"False"
"8506","3541","CHE+DWT","T29","54",0.224,54,"False"
"8507","3543","CHE+DWT","T29","54",0.651,54,"False"
"8508","3547","CHE+DWT","T29","54",1.485,54,"False"
"8509","3548","CHE+DWT","T29","54",1.867,54,"False"
"8510","3552","CHE+DWT","T29","54",0.211,54,"False"
"8511","3554","CHE+DWT","T29","54",1.364,54,"False"
"8512","3556","CHE+DWT","T29","54",1.622,54,"False"
"8513","3561","CHE+DWT","T29","54",0.364,54,"False"
"8514","3562","CHE+DWT","T29","54",1.52,54,"False"
"8515","3564","CHE+DWT","T29","54",0.318,54,"False"
"8516","3565","CHE+DWT","T29","54",0.205,54,"False"
"8517","3566","CHE+DWT","T29","54",0.501,54,"False"
"8518","3568","CHE+DWT","T29","54",0.302,54,"False"
"8519","3569","CHE+DWT","T29","54",0.999,54,"False"
"8520","3570","CHE+DWT","T29","54",0.667,54,"False"
"8521","3575","CHE+DWT","T29","54",0.868,54,"False"
"8522","2128","CWT+DWT","T8","54",2.149,54,"False"
"8523","2129","CWT+DWT","T8","54",0.794,54,"False"
"8524","2130","CWT+DWT","T8","54",1.651,54,"False"
"8525","2131","CWT+DWT","T8","54",0.631,54,"False"
"8526","2132","CWT+DWT","T8","54",2.217,54,"False"
"8527","2133","CWT+DWT","T8","54",2.164,54,"False"
"8528","2134","CWT+DWT","T8","54",0.958,54,"False"
"8529","2135","CWT+DWT","T8","54",1.048,54,"False"
"8530","2136","CWT+DWT","T8","54",2.859,54,"False"
"8531","2137","CWT+DWT","T8","54",1.898,54,"False"
"8532","2138","CWT+DWT","T8","54",1.445,54,"False"
"8533","2139","CWT+DWT","T8","54",0.841,54,"False"
"8534","2142","CWT+DWT","T8","54",1.503,54,"False"
"8535","2145","CWT+DWT","T8","54",1.414,54,"False"
"8536","2148","CWT+DWT","T8","54",1.884,54,"False"
"8537","2151","CWT+DWT","T8","54",1.703,54,"False"
"8538","2152","CWT+DWT","T8","54",1.562,54,"False"
"8539","2153","CWT+DWT","T8","54",1.447,54,"False"
"8540","2154","CWT+DWT","T8","54",1.645,54,"False"
"8541","2157","CWT+DWT","T8","54",0.178,54,"False"
"8542","2158","CWT+DWT","T8","54",2.364,54,"False"
"8543","2159","CWT+DWT","T8","54",1.379,54,"False"
"8544","2160","CWT+DWT","T8","54",1.923,54,"False"
"8545","2161","CWT+DWT","T8","54",1.04,54,"False"
"8546","2163","CWT+DWT","T8","54",0.545,54,"False"
"8547","2164","CWT+DWT","T8","54",1.244,54,"False"
"8548","2165","CWT+DWT","T8","54",0.877,54,"False"
"8549","2166","CWT+DWT","T8","54",1.141,54,"False"
"8550","2169","CWT+DWT","T8","54",0.224,54,"False"
"8551","2170","CWT+DWT","T8","54",1.514,54,"False"
"8552","2171","CWT+DWT","T8","54",3.026,54,"False"
"8553","2172","CWT+DWT","T8","54",2.357,54,"False"
"8554","2173","CWT+DWT","T8","54",1.777,54,"False"
"8555","2175","CWT+DWT","T8","54",0.714,54,"False"
"8556","2179","CWT+DWT","T8","54",2.341,54,"False"
"8557","2181","CWT+DWT","T8","54",1.647,54,"False"
"8558","2183","CWT+DWT","T8","54",1.904,54,"False"
"8559","2184","CWT+DWT","T8","54",3.141,54,"False"
"8560","2185","CWT+DWT","T8","54",1.992,54,"False"
"8561","2186","CWT+DWT","T8","54",1.357,54,"False"
"8562","2188","CWT+DWT","T8","54",2.052,54,"False"
"8563","2189","CWT+DWT","T8","54",1.337,54,"False"
"8564","2190","CWT+DWT","T8","54",1.552,54,"False"
"8565","2191","CWT+DWT","T8","54",0.937,54,"False"
"8566","2193","CWT+DWT","T8","54",2.17,54,"False"
"8567","2194","CWT+DWT","T8","54",1.149,54,"False"
"8568","2220","CWT+DWT","T8","54",1.343,54,"False"
"8569","2222","CWT+DWT","T8","54",0.129,54,"False"
"8570","2223","CWT+DWT","T8","54",1.396,54,"False"
"8571","2224","CWT+DWT","T8","54",0.115,54,"False"
"8572","2225","CWT+DWT","T8","54",1.108,54,"False"
"8573","3595","DWT","T25","54",0.429,54,"False"
"8574","3596","DWT","T25","54",1.87,54,"False"
"8575","3597","DWT","T25","54",0.626,54,"False"
"8576","3598","DWT","T25","54",0.923,54,"False"
"8577","3600","DWT","T25","54",0.301,54,"False"
"8578","3603","DWT","T25","54",0.581,54,"False"
"8579","3604","DWT","T25","54",0.455,54,"False"
"8580","3605","DWT","T25","54",1.429,54,"False"
"8581","3608","DWT","T25","54",0.326,54,"False"
"8582","3611","DWT","T25","54",2.749,54,"False"
"8583","3614","DWT","T25","54",1.068,54,"False"
"8584","3621","DWT","T25","54",0.953,54,"False"
"8585","3622","DWT","T25","54",1.432,54,"False"
"8586","3623","DWT","T25","54",2.068,54,"False"
"8587","3625","DWT","T25","54",1.972,54,"False"
"8588","3626","DWT","T25","54",2.117,54,"False"
"8589","3628","DWT","T25","54",1.065,54,"False"
"8590","3631","DWT","T25","54",0.551,54,"False"
"8591","3632","DWT","T25","54",1.819,54,"False"
"8592","3634","DWT","T25","54",1.656,54,"False"
"8593","3637","DWT","T25","54",2.086,54,"False"
"8594","3638","DWT","T25","54",1.477,54,"False"
"8595","3639","DWT","T25","54",0.606,54,"False"
"8596","3640","DWT","T25","54",1.995,54,"False"
"8597","3641","DWT","T25","54",1.531,54,"False"
"8598","3644","DWT","T25","54",1.975,54,"False"
"8599","3645","DWT","T25","54",1.008,54,"False"
"8600","3656","CWT+DHE","T23","54",1.262,54,"False"
"8601","3660","CWT+DHE","T23","54",0.805,54,"False"
"8602","3662","CWT+DHE","T23","54",0.611,54,"False"
"8603","3663","CWT+DHE","T23","54",1.186,54,"False"
"8604","3664","CWT+DHE","T23","54",1.565,54,"False"
"8605","3666","CWT+DHE","T23","54",2.192,54,"False"
"8606","3667","CWT+DHE","T23","54",0.517,54,"False"
"8607","3668","CWT+DHE","T23","54",0.375,54,"False"
"8608","3669","CWT+DHE","T23","54",0.182,54,"False"
"8609","3670","CWT+DHE","T23","54",0.641,54,"False"
"8610","3673","CWT+DHE","T23","54",0.34,54,"False"
"8611","3674","CWT+DHE","T23","54",1.042,54,"False"
"8612","3677","CWT+DHE","T23","54",0.479,54,"False"
"8613","3680","CWT+DHE","T23","54",1.541,54,"False"
"8614","3682","CWT+DHE","T23","54",0.534,54,"False"
"8615","3683","CWT+DHE","T23","54",1.074,54,"False"
"8616","3684","CWT+DHE","T23","54",0.566,54,"False"
"8617","3685","CWT+DHE","T23","54",0.976,54,"False"
"8618","3686","CWT+DHE","T23","54",0.598,54,"False"
"8619","3689","CWT+DHE","T23","54",0.637,54,"False"
"8620","3690","CWT+DHE","T23","54",0.037,54,"False"
"8621","3691","CWT+DHE","T23","54",0.557,54,"False"
"8622","3692","CWT+DHE","T23","54",1.559,54,"False"
"8623","3693","CWT+DHE","T23","54",0.845,54,"False"
"8624","3697","CWT+DHE","T23","54",1.553,54,"False"
"8625","3698","CWT+DHE","T23","54",0.971,54,"False"
"8626","3700","CWT+DHE","T23","54",0.989,54,"False"
"8627","3709","CWT+DHE","T23","54",0.317,54,"False"
"8628","3710","CWT+DHE","T23","54",0.512,54,"False"
"8629","3711","CWT+DHE","T23","54",0.378,54,"False"
"8630","3712","CWT+DHE","T23","54",0.21,54,"False"
"8631","3713","CWT+DHE","T23","54",0.211,54,"False"
"8632","3714","CWT+DHE","T23","54",0.365,54,"False"
"8633","3718","CWT+DHE","T23","54",0.909,54,"False"
"8634","3726","CWT+DHE","T23","54",0.338,54,"False"
"8635","3728","CWT+DHE","T23","54",0.422,54,"False"
"8636","3729","CWT+DHE","T23","54",0.717,54,"False"
"8637","3730","CWT+DHE","T23","54",0.201,54,"False"
"8638","3731","CWT+DHE","T23","54",0.365,54,"False"
"8639","3732","CWT+DHE","T23","54",0.263,54,"False"
"8640","3737","CWT+DHE","T23","54",0.293,54,"False"
"8641","3738","CWT+DHE","T23","54",1.054,54,"False"
"8642","3745","CWT+DHE","T23","54",0.464,54,"False"
"8643","3746","CWT+DHE","T23","54",1.284,54,"False"
"8644","3750","CWT+DHE","T23","54",1.082,54,"False"
"8645","3752","CWT+DHE","T23","54",1.038,54,"False"
"8646","3753","CWT+DHE","T23","54",0.825,54,"False"
"8647","3756","CWT+DHE","T23","54",1.43,54,"False"
"8648","3757","CWT+DHE","T23","54",1.576,54,"False"
"8649","3758","CWT+DHE","T23","54",0.363,54,"False"
"8650","3765","CWT+DHE","T23","54",0.545,54,"False"
"8651","3772","CWT+DHE","T23","54",0.295,54,"False"
"8652","3780","CWT+DHE","T23","54",1.015,54,"False"
"8653","3787","CWT+DHE","T23","54",1.866,54,"False"
"8654","3789","CWT+DHE","T23","54",1.13,54,"False"
"8655","3790","CWT+DHE","T23","54",1.357,54,"False"
"8656","3799","CWT+DHE","T23","54",0.956,54,"False"
"8657","3806","CWT+DHE","T23","54",0.318,54,"False"
"8658","3808","CWT+DHE","T23","54",1.048,54,"False"
"8659","3809","CWT+DHE","T23","54",0.864,54,"False"
"8660","3810","CWT+DHE","T23","54",1.098,54,"False"
"8661","3815","CWT+DHE","T23","54",1.577,54,"False"
"8662","3816","CWT+DHE","T23","54",0.362,54,"False"
"8663","3817","CWT+DHE","T23","54",0.679,54,"False"
"8664","3819","CWT+DHE","T23","54",1.868,54,"False"
"8665","3834","CWT+DHE","T23","54",1.711,54,"False"
"8666","3835","CWT+DHE","T23","54",1.403,54,"False"
"8667","3840","CWT+DHE","T23","54",1.442,54,"False"
"8668","3843","CWT+DHE","T23","54",0.979,54,"False"
"8669","3854","CWT+DHE","T23","54",1.216,54,"False"
"8670","3855","CWT+DHE","T23","54",0.205,54,"False"
"8671","3856","CWT+DHE","T23","54",0.737,54,"False"
"8672","3857","CWT+DHE","T23","54",0.282,54,"False"
"8673","3858","CWT+DHE","T23","54",0.763,54,"False"
"8674","3859","CWT+DHE","T23","54",1.879,54,"False"
"8675","3862","CWT+DHE","T23","54",0.971,54,"False"
"8676","3863","CWT+DHE","T23","54",1.521,54,"False"
"8677","3865","CWT+DHE","T23","54",0.233,54,"False"
"8678","3866","CWT+DHE","T23","54",1.016,54,"False"
"8679","3896","CHE","T30","54",0.607,54,"False"
"8680","3903","CHE","T30","54",0.669,54,"False"
"8681","3904","CHE","T30","54",0.263,54,"False"
"8682","3912","CHE","T30","54",0.143,54,"False"
"8683","3915","CHE","T30","54",0.789,54,"False"
"8684","3917","CHE","T30","54",0.587,54,"False"
"8685","3920","CHE","T30","54",0.514,54,"False"
"8686","3921","CHE","T30","54",0.1,54,"False"
"8687","3922","CHE","T30","54",0.147,54,"False"
"8688","3923","CHE","T30","54",0.317,54,"False"
"8689","3924","CHE","T30","54",0.171,54,"False"
"8690","3928","CHE","T30","54",0.364,54,"False"
"8691","3929","CHE","T30","54",0.547,54,"False"
"8692","3937","CHE","T30","54",0.065,54,"False"
"8693","3938","CHE","T30","54",0.405,54,"False"
"8694","3940","CHE","T30","54",0.179,54,"False"
"8695","3941","CHE","T30","54",0.256,54,"False"
"8696","3942","CHE","T30","54",0.37,54,"False"
"8697","3945","CHE","T30","54",0.43,54,"False"
"8698","3946","CHE","T30","54",0.385,54,"False"
"8699","3953","CHE","T30","54",0.056,54,"False"
"8700","31","CWT+DHE","T1","60",0.505,60,"False"
"8701","52","CWT+DHE","T1","60",1.438,60,"False"
"8702","53","CWT+DHE","T1","60",2.746,60,"False"
"8703","65","CWT+DHE","T1","60",0.447,60,"False"
"8704","78","CWT+DHE","T1","60",0.379,60,"False"
"8705","79","CWT+DHE","T1","60",0.427,60,"False"
"8706","80","CWT+DHE","T1","60",0.612,60,"False"
"8707","81","CWT+DHE","T1","60",1.16,60,"False"
"8708","117","CWT+DHE","T1","60",0.748,60,"False"
"8709","132","CWT+DHE","T1","60",2.14,60,"False"
"8710","137","CWT+DHE","T1","60",1.979,60,"False"
"8711","156","CWT+DHE","T1","60",2.388,60,"False"
"8712","157","CWT+DHE","T1","60",1.407,60,"False"
"8713","1000","CWT+DHE","T1","60",1.103,60,"False"
"8714","164","CWT","T2","60",0.791,60,"False"
"8715","165a","CWT","T2","60",0.574,60,"False"
"8716","165b","CWT","T2","60",0.646,60,"False"
"8717","168","CWT","T2","60",0.657,60,"False"
"8718","183","CWT","T2","60",0.323,60,"False"
"8719","187","CWT","T2","60",0.394,60,"False"
"8720","222","CWT","T2","60",0.234,60,"False"
"8721","250","CWT","T2","60",0.641,60,"False"
"8722","1029","CWT","T2","60",0.703,60,"False"
"8723","1033","CWT","T2","60",1.028,60,"False"
"8724","1034","CWT","T2","60",0.484,60,"False"
"8725","1035","CWT","T2","60",0.67,60,"False"
"8726","1038","CWT","T2","60",0.328,60,"False"
"8727","1040","CWT","T2","60",0.517,60,"False"
"8728","1042","CWT","T2","60",0.171,60,"False"
"8729","1045","CWT","T2","60",0.615,60,"False"
"8730","1049","CWT","T2","60",0.324,60,"False"
"8731","1051","CWT","T2","60",0.683,60,"False"
"8732","1052","CWT","T2","60",0.251,60,"False"
"8733","1054","CWT","T2","60",0.263,60,"False"
"8734","709","DHE","T3","60",0.417,60,"False"
"8735","766","DHE","T3","60",0.28,60,"False"
"8736","1056","DHE","T3","60",0.831,60,"False"
"8737","1057","DHE","T3","60",0.6,60,"False"
"8738","1058","DHE","T3","60",1.376,60,"False"
"8739","1059","DHE","T3","60",0.648,60,"False"
"8740","1060","DHE","T3","60",1.062,60,"False"
"8741","1061","DHE","T3","60",1.115,60,"False"
"8742","1062","DHE","T3","60",0.996,60,"False"
"8743","1063","DHE","T3","60",0.312,60,"False"
"8744","1065","DHE","T3","60",1.685,60,"False"
"8745","1067","DHE","T3","60",1.402,60,"False"
"8746","1068","DHE","T3","60",1.054,60,"False"
"8747","1069","DHE","T3","60",0.564,60,"False"
"8748","1070","DHE","T3","60",3.703,60,"False"
"8749","1072","DHE","T3","60",0.627,60,"False"
"8750","1073","DHE","T3","60",2.71,60,"False"
"8751","1075","DHE","T3","60",2.52,60,"False"
"8752","1077","DHE","T3","60",1.721,60,"False"
"8753","1078","DHE","T3","60",0.628,60,"False"
"8754","1079","DHE","T3","60",1.815,60,"False"
"8755","1080","DHE","T3","60",0.937,60,"False"
"8756","1083","DHE","T3","60",1.407,60,"False"
"8757","1084","DHE","T3","60",2.844,60,"False"
"8758","1085","DHE","T3","60",1.816,60,"False"
"8759","1086","DHE","T3","60",0.746,60,"False"
"8760","1087","DHE","T3","60",2.434,60,"False"
"8761","1088","DHE","T3","60",0.436,60,"False"
"8762","1091","DHE","T3","60",0.541,60,"False"
"8763","1092","DHE","T3","60",1.022,60,"False"
"8764","160","CWT","T4","60",1.061,60,"False"
"8765","161","CWT","T4","60",0.91,60,"False"
"8766","163","CWT","T4","60",0.134,60,"False"
"8767","166","CWT","T4","60",0.622,60,"False"
"8768","170","CWT","T4","60",0.087,60,"False"
"8769","171","CWT","T4","60",0.696,60,"False"
"8770","178","CWT","T4","60",1.031,60,"False"
"8771","179","CWT","T4","60",0.642,60,"False"
"8772","180","CWT","T4","60",0.539,60,"False"
"8773","186","CWT","T4","60",0.34,60,"False"
"8774","189","CWT","T4","60",1.087,60,"False"
"8775","193","CWT","T4","60",0.615,60,"False"
"8776","194","CWT","T4","60",0.594,60,"False"
"8777","197","CWT","T4","60",1.191,60,"False"
"8778","198","CWT","T4","60",1.154,60,"False"
"8779","199","CWT","T4","60",0.545,60,"False"
"8780","200","CWT","T4","60",0.356,60,"False"
"8781","201","CWT","T4","60",0.387,60,"False"
"8782","202","CWT","T4","60",0.272,60,"False"
"8783","203","CWT","T4","60",0.194,60,"False"
"8784","205","CWT","T4","60",0.846,60,"False"
"8785","206","CWT","T4","60",0.375,60,"False"
"8786","212","CWT","T4","60",1.221,60,"False"
"8787","213","CWT","T4","60",0.853,60,"False"
"8788","214","CWT","T4","60",0.158,60,"False"
"8789","220","CWT","T4","60",0.705,60,"False"
"8790","221","CWT","T4","60",0.819,60,"False"
"8791","223","CWT","T4","60",0.786,60,"False"
"8792","225","CWT","T4","60",0.852,60,"False"
"8793","226","CWT","T4","60",0.854,60,"False"
"8794","227","CWT","T4","60",0.83,60,"False"
"8795","228","CWT","T4","60",0.589,60,"False"
"8796","229","CWT","T4","60",1.278,60,"False"
"8797","230","CWT","T4","60",0.736,60,"False"
"8798","231","CWT","T4","60",0.343,60,"False"
"8799","232","CWT","T4","60",0.865,60,"False"
"8800","233","CWT","T4","60",0.237,60,"False"
"8801","236","CWT","T4","60",0.552,60,"False"
"8802","237","CWT","T4","60",0.707,60,"False"
"8803","238","CWT","T4","60",0.404,60,"False"
"8804","241","CWT","T4","60",1.091,60,"False"
"8805","242","CWT","T4","60",1.176,60,"False"
"8806","246","CWT","T4","60",0.756,60,"False"
"8807","247","CWT","T4","60",0.746,60,"False"
"8808","248","CWT","T4","60",1.094,60,"False"
"8809","255","CWT","T4","60",0.212,60,"False"
"8810","256","CWT","T4","60",1.11,60,"False"
"8811","262","CWT","T4","60",1.024,60,"False"
"8812","263","CWT","T4","60",0.589,60,"False"
"8813","267","CWT","T4","60",0.293,60,"False"
"8814","268","CWT","T4","60",0.644,60,"False"
"8815","276","CWT","T4","60",0.899,60,"False"
"8816","278","CWT","T4","60",0.208,60,"False"
"8817","1114","CWT","T4","60",0.111,60,"False"
"8818","1115","CWT","T4","60",0.272,60,"False"
"8819","1118","CWT","T4","60",0.32,60,"False"
"8820","1120","CWT","T4","60",0.774,60,"False"
"8821","1134","CWT","T4","60",0.288,60,"False"
"8822","1151","CWT","T4","60",0.168,60,"False"
"8823","1153","CWT","T4","60",1.208,60,"False"
"8824","1154","CWT","T4","60",1.001,60,"False"
"8825","1155","CWT","T4","60",0.289,60,"False"
"8826","1157","CWT","T4","60",0.947,60,"False"
"8827","1160","CWT","T4","60",0.202,60,"False"
"8828","1167","CWT","T4","60",0.346,60,"False"
"8829","1183","CHE+DWT","T5","60",1.592,60,"False"
"8830","1188","CHE+DWT","T5","60",0.458,60,"False"
"8831","1190","CHE+DWT","T5","60",0.936,60,"False"
"8832","1192","CHE+DWT","T5","60",1.485,60,"False"
"8833","1195","CHE+DWT","T5","60",1.778,60,"False"
"8834","1196","CHE+DWT","T5","60",1.72,60,"False"
"8835","1199","CHE+DWT","T5","60",3.257,60,"False"
"8836","1200","CHE+DWT","T5","60",1.119,60,"False"
"8837","1201","CHE+DWT","T5","60",1.69,60,"False"
"8838","1204","CHE+DWT","T5","60",1.374,60,"False"
"8839","1208","CHE+DWT","T5","60",0.68,60,"False"
"8840","1209","CHE+DWT","T5","60",0.099,60,"False"
"8841","1210","CHE+DWT","T5","60",0.604,60,"False"
"8842","1213","CHE+DWT","T5","60",0.794,60,"False"
"8843","1223","CHE+DWT","T5","60",0.509,60,"False"
"8844","1225","CHE+DWT","T5","60",0.572,60,"False"
"8845","1229","CHE+DWT","T5","60",0.955,60,"False"
"8846","1231","CHE+DWT","T5","60",1.036,60,"False"
"8847","1232","CHE+DWT","T5","60",0.212,60,"False"
"8848","1233","CHE+DWT","T5","60",0.668,60,"False"
"8849","1234","CHE+DWT","T5","60",0.404,60,"False"
"8850","1237","CHE+DWT","T5","60",0.564,60,"False"
"8851","1240","CHE+DWT","T5","60",0.76,60,"False"
"8852","1242","CHE+DWT","T5","60",0.763,60,"False"
"8853","1245","CHE+DWT","T5","60",0.522,60,"False"
"8854","1246","CHE+DWT","T5","60",0.663,60,"False"
"8855","1250","CHE+DWT","T5","60",0.186,60,"False"
"8856","1251","CHE+DWT","T5","60",0.65,60,"False"
"8857","1252","CHE+DWT","T5","60",0.75,60,"False"
"8858","1254","CHE+DWT","T5","60",0.687,60,"False"
"8859","1261","CHE+DWT","T5","60",1.737,60,"False"
"8860","1263","CHE+DWT","T5","60",0.646,60,"False"
"8861","1266","CHE+DWT","T5","60",0.275,60,"False"
"8862","1270","CHE+DWT","T5","60",0.501,60,"False"
"8863","1272","CHE+DWT","T5","60",0.86,60,"False"
"8864","1303","CHE+DWT","T5","60",1.029,60,"False"
"8865","1309","CHE","T7","60",0.83,60,"False"
"8866","1310","CHE","T7","60",2.253,60,"False"
"8867","1311","CHE","T7","60",1.975,60,"False"
"8868","1316","CHE","T7","60",0.674,60,"False"
"8869","1318","CHE","T7","60",1.436,60,"False"
"8870","1320","CHE","T7","60",0.453,60,"False"
"8871","1322","CHE","T7","60",1.559,60,"False"
"8872","1326","CHE","T7","60",0.738,60,"False"
"8873","1327","CHE","T7","60",0.658,60,"False"
"8874","1331","CHE","T7","60",1.648,60,"False"
"8875","1333","CHE","T7","60",1.672,60,"False"
"8876","1334","CHE","T7","60",1.28,60,"False"
"8877","1337","CHE","T7","60",0.367,60,"False"
"8878","1338","CHE","T7","60",2.278,60,"False"
"8879","1340","CHE","T7","60",0.146,60,"True"
"8880","1341","CHE","T7","60",0.531,60,"False"
"8881","1342","CHE","T7","60",0.311,60,"False"
"8882","1343","CHE","T7","60",0.28,60,"False"
"8883","1344","CHE","T7","60",0.985,60,"False"
"8884","1345","CHE","T7","60",0.347,60,"False"
"8885","1347","CHE","T7","60",0.266,60,"False"
"8886","1348","CHE","T7","60",0.975,60,"False"
"8887","1349","CHE","T7","60",0.991,60,"False"
"8888","1350","CHE","T7","60",0.133,60,"False"
"8889","1351","CHE","T7","60",0.257,60,"False"
"8890","1424","CWT+DHE","T11","60",0.554,60,"False"
"8891","1425","CWT+DHE","T11","60",1.189,60,"False"
"8892","1426","CWT+DHE","T11","60",1.75,60,"False"
"8893","1427","CWT+DHE","T11","60",2.056,60,"False"
"8894","1428","CWT+DHE","T11","60",2.338,60,"False"
"8895","1429","CWT+DHE","T11","60",0.842,60,"False"
"8896","1430","CWT+DHE","T11","60",1.021,60,"False"
"8897","1431","CWT+DHE","T11","60",1.042,60,"False"
"8898","1432","CWT+DHE","T11","60",0.319,60,"False"
"8899","1434","CWT+DHE","T11","60",1.396,60,"False"
"8900","1435","CWT+DHE","T11","60",2.051,60,"False"
"8901","1436","CWT+DHE","T11","60",0.809,60,"False"
"8902","1437","CWT+DHE","T11","60",1.483,60,"False"
"8903","1441","CWT+DHE","T11","60",3.303,60,"False"
"8904","1442","CWT+DHE","T11","60",3.144,60,"False"
"8905","1443","CWT+DHE","T11","60",0.879,60,"False"
"8906","1445","CWT+DHE","T11","60",1.134,60,"False"
"8907","1446","CWT+DHE","T11","60",1.577,60,"False"
"8908","1447","CWT+DHE","T11","60",3.169,60,"False"
"8909","1449","CWT+DHE","T11","60",1.608,60,"False"
"8910","1450","CWT+DHE","T11","60",1.443,60,"False"
"8911","1451","CWT+DHE","T11","60",0.426,60,"False"
"8912","1455","CWT+DHE","T11","60",1.099,60,"False"
"8913","1459","CWT+DHE","T11","60",0.37,60,"False"
"8914","1465","CWT+DHE","T11","60",0.204,60,"False"
"8915","1475","CWT+DHE","T11","60",3.09,60,"False"
"8916","1482","CWT+DHE","T11","60",0.133,60,"False"
"8917","1484","CWT+DHE","T11","60",0.269,60,"False"
"8918","1495","CWT+DHE","T11","60",0.476,60,"False"
"8919","1496","CWT+DHE","T11","60",0.521,60,"False"
"8920","1497","CWT+DHE","T11","60",0.684,60,"False"
"8921","1498","CWT+DHE","T11","60",1.058,60,"False"
"8922","1499","CWT+DHE","T11","60",1.319,60,"False"
"8923","1503","CWT+DHE","T11","60",0.183,60,"False"
"8924","1504","CWT+DHE","T11","60",2.959,60,"False"
"8925","1506","CWT+DHE","T11","60",0.517,60,"False"
"8926","1507","CWT+DHE","T11","60",0.763,60,"False"
"8927","1508","CWT+DHE","T11","60",0.395,60,"False"
"8928","1511","CWT+DHE","T11","60",0.613,60,"False"
"8929","1513","CWT+DHE","T11","60",1.415,60,"False"
"8930","1515","CWT+DHE","T11","60",0.9,60,"False"
"8931","1516","CWT+DHE","T11","60",0.271,60,"False"
"8932","1517","CWT+DHE","T11","60",1.014,60,"False"
"8933","1518","CWT+DHE","T11","60",1.397,60,"False"
"8934","1519","CWT+DHE","T11","60",0.372,60,"False"
"8935","1520","CWT+DHE","T11","60",0.257,60,"False"
"8936","1521","CWT+DHE","T11","60",0.445,60,"False"
"8937","1531","CWT+DHE","T11","60",1.717,60,"False"
"8938","1536","CHE+DHE","T6","60",2.281,60,"False"
"8939","1539","CHE+DHE","T6","60",0.739,60,"False"
"8940","1540","CHE+DHE","T6","60",2.454,60,"False"
"8941","1541","CHE+DHE","T6","60",0.507,60,"False"
"8942","1544","CHE+DHE","T6","60",0.731,60,"False"
"8943","1553","CHE+DHE","T6","60",0.503,60,"False"
"8944","1554","CHE+DHE","T6","60",1.077,60,"False"
"8945","1556","CHE+DHE","T6","60",1.082,60,"False"
"8946","1562","CHE+DHE","T6","60",0.648,60,"False"
"8947","1590","CHE+DHE","T6","60",0.56,60,"False"
"8948","1603","CHE+DHE","T6","60",2.239,60,"False"
"8949","1605","CHE+DHE","T6","60",1.076,60,"False"
"8950","1606","CHE+DHE","T6","60",0.933,60,"False"
"8951","1607","CHE+DHE","T6","60",0.958,60,"False"
"8952","1636","CHE+DHE","T6","60",2.134,60,"False"
"8953","1637","CHE+DHE","T6","60",1.654,60,"False"
"8954","1640","CHE+DHE","T6","60",1.539,60,"False"
"8955","1641","CHE+DHE","T6","60",1.483,60,"False"
"8956","1647","CHE+DHE","T6","60",0.809,60,"False"
"8957","1655","CHE+DHE","T6","60",0.75,60,"False"
"8958","1660","CHE+DHE","T6","60",1.705,60,"False"
"8959","1661","CHE+DHE","T6","60",2.204,60,"False"
"8960","1662","CHE+DHE","T6","60",1.787,60,"False"
"8961","1664","CHE+DHE","T6","60",0.881,60,"False"
"8962","1665","CHE+DHE","T6","60",1.897,60,"False"
"8963","1672","CHE+DHE","T6","60",0.069,60,"False"
"8964","1355","DHE","T9","60",2.494,60,"False"
"8965","1356","DHE","T9","60",1.169,60,"False"
"8966","1357","DHE","T9","60",1.065,60,"False"
"8967","1363","DHE","T9","60",0.819,60,"False"
"8968","1376","DHE","T9","60",0.465,60,"False"
"8969","1377","DHE","T9","60",0.238,60,"False"
"8970","1380","DHE","T9","60",1.031,60,"False"
"8971","1383","DHE","T9","60",0.963,60,"False"
"8972","1384","DHE","T9","60",0.229,60,"False"
"8973","1385","DHE","T9","60",0.604,60,"False"
"8974","1386","DHE","T9","60",0.507,60,"False"
"8975","1392","DHE","T9","60",0.931,60,"False"
"8976","1394","DHE","T9","60",0.289,60,"False"
"8977","1397","DHE","T9","60",0.706,60,"False"
"8978","1398","DHE","T9","60",0.629,60,"False"
"8979","1399","DHE","T9","60",0.66,60,"False"
"8980","1400","DHE","T9","60",0.244,60,"False"
"8981","1401","DHE","T9","60",0.395,60,"False"
"8982","1404","DHE","T9","60",0.703,60,"False"
"8983","1405","DHE","T9","60",0.726,60,"False"
"8984","1406","DHE","T9","60",0.144,60,"False"
"8985","1407","DHE","T9","60",0.762,60,"False"
"8986","1408","DHE","T9","60",0.182,60,"False"
"8987","1410","DHE","T9","60",0.583,60,"False"
"8988","1411","DHE","T9","60",0.128,60,"False"
"8989","1412","DHE","T9","60",0.421,60,"False"
"8990","1414","DHE","T9","60",0.424,60,"False"
"8991","1415","DHE","T9","60",0.143,60,"False"
"8992","1416","DHE","T9","60",0.214,60,"False"
"8993","1420","DHE","T9","60",0.222,60,"False"
"8994","1421","DHE","T9","60",0.412,60,"False"
"8995","1926","CHE+DWT","T12","60",1.946,60,"False"
"8996","1927","CHE+DWT","T12","60",1.175,60,"False"
"8997","1928","CHE+DWT","T12","60",1.387,60,"False"
"8998","1929","CHE+DWT","T12","60",0.792,60,"False"
"8999","1933","CHE+DWT","T12","60",0.873,60,"False"
"9000","1937","CHE+DWT","T12","60",2.097,60,"False"
"9001","1940","CHE+DWT","T12","60",0.81,60,"False"
"9002","1943","CHE+DWT","T12","60",0.273,60,"False"
"9003","1950","CHE+DWT","T12","60",0.452,60,"False"
"9004","1956","CHE+DWT","T12","60",1.197,60,"False"
"9005","1970","CHE+DWT","T12","60",1.684,60,"False"
"9006","1971","CHE+DWT","T12","60",0.874,60,"False"
"9007","1986","CHE+DWT","T12","60",0.676,60,"False"
"9008","1615","CHE+DHE","T14","60",0.762,60,"False"
"9009","1616","CHE+DHE","T14","60",0.329,60,"False"
"9010","1633","CHE+DHE","T14","60",0.333,60,"False"
"9011","1761","CHE+DHE","T14","60",1.446,60,"False"
"9012","1763","CHE+DHE","T14","60",1.303,60,"False"
"9013","1764","CHE+DHE","T14","60",0.999,60,"False"
"9014","1767","CHE+DHE","T14","60",1.326,60,"False"
"9015","1771","CHE+DHE","T14","60",1.592,60,"False"
"9016","1774","CHE+DHE","T14","60",1.284,60,"False"
"9017","1777","CHE+DHE","T14","60",1.819,60,"False"
"9018","1780","CHE+DHE","T14","60",0.776,60,"False"
"9019","1806","CHE+DHE","T14","60",0.678,60,"False"
"9020","1810","CHE+DHE","T14","60",0.368,60,"False"
"9021","1814","CHE+DHE","T14","60",1.211,60,"False"
"9022","1825","CHE+DHE","T14","60",0.794,60,"False"
"9023","1827","CHE+DHE","T14","60",1.413,60,"False"
"9024","1839","CHE+DHE","T14","60",0.217,60,"False"
"9025","1840","CHE+DHE","T14","60",1.155,60,"False"
"9026","1841","CHE+DHE","T14","60",1.26,60,"False"
"9027","1848","CHE+DHE","T14","60",1.8,60,"False"
"9028","1849","CHE+DHE","T14","60",1.043,60,"False"
"9029","1850","CHE+DHE","T14","60",1.105,60,"False"
"9030","1851","CHE+DHE","T14","60",0.914,60,"False"
"9031","1854","CHE+DHE","T14","60",0.737,60,"False"
"9032","1855","CHE+DHE","T14","60",1.373,60,"False"
"9033","1856","CHE+DHE","T14","60",2.35,60,"False"
"9034","1857","CHE+DHE","T14","60",1.78,60,"False"
"9035","1858","CHE+DHE","T14","60",1.743,60,"False"
"9036","1859","CHE+DHE","T14","60",2.126,60,"False"
"9037","1860","CHE+DHE","T14","60",0.273,60,"False"
"9038","1861","CHE+DHE","T14","60",2.882,60,"False"
"9039","1862","CHE+DHE","T14","60",1.601,60,"False"
"9040","1863","CHE+DHE","T14","60",1.148,60,"False"
"9041","1864","CHE+DHE","T14","60",2.127,60,"False"
"9042","1866","CHE+DHE","T14","60",1.087,60,"False"
"9043","1873","CHE+DHE","T14","60",0.66,60,"False"
"9044","1876","CHE+DHE","T14","60",1.331,60,"False"
"9045","1878","CHE+DHE","T14","60",0.766,60,"False"
"9046","1879","CHE+DHE","T14","60",1.425,60,"False"
"9047","1880","CHE+DHE","T14","60",1.294,60,"False"
"9048","1884","CHE+DHE","T14","60",0.475,60,"False"
"9049","1887","CHE+DHE","T14","60",1.376,60,"False"
"9050","1888","CHE+DHE","T14","60",0.439,60,"False"
"9051","1889","CHE+DHE","T14","60",0.611,60,"False"
"9052","1894","CHE+DHE","T14","60",1.004,60,"False"
"9053","1896","CHE+DHE","T14","60",0.682,60,"False"
"9054","1897","CHE+DHE","T14","60",0.263,60,"False"
"9055","1898","CHE+DHE","T14","60",1.457,60,"False"
"9056","1899","CHE+DHE","T14","60",0.827,60,"False"
"9057","1901","CHE+DHE","T14","60",0.384,60,"False"
"9058","1904","CHE+DHE","T14","60",1.917,60,"False"
"9059","1905","CHE+DHE","T14","60",2.125,60,"False"
"9060","1906","CHE+DHE","T14","60",2.653,60,"False"
"9061","1907","CHE+DHE","T14","60",2.163,60,"False"
"9062","1908","CHE+DHE","T14","60",1.718,60,"False"
"9063","1910","CHE+DHE","T14","60",2.06,60,"False"
"9064","1911","CHE+DHE","T14","60",1.078,60,"False"
"9065","1912","CHE+DHE","T14","60",1.018,60,"False"
"9066","1915","CHE+DHE","T14","60",1.44,60,"False"
"9067","1921","CHE+DHE","T14","60",0.743,60,"False"
"9068","1924","CHE+DHE","T14","60",0.721,60,"False"
"9069","1925","CHE+DHE","T14","60",0.728,60,"False"
"9070","2058","CHE+DHE","T14","60",0.355,60,"False"
"9071","2059","CHE+DHE","T14","60",0.62,60,"False"
"9072","2093","CWT+DHE","T15","60",1.632,60,"False"
"9073","2094","CWT+DHE","T15","60",1.714,60,"False"
"9074","2095","CWT+DHE","T15","60",0.831,60,"False"
"9075","2096","CWT+DHE","T15","60",1.707,60,"False"
"9076","2098","CWT+DHE","T15","60",2.924,60,"False"
"9077","2104","CWT+DHE","T15","60",0.682,60,"False"
"9078","2108","CWT+DHE","T15","60",0.687,60,"False"
"9079","2113","CWT+DHE","T15","60",0.934,60,"False"
"9080","2115","CWT+DHE","T15","60",0.56,60,"False"
"9081","2116","CWT+DHE","T15","60",0.526,60,"False"
"9082","1991","CWT+DWT","T13","60",1.002,60,"False"
"9083","1992","CWT+DWT","T13","60",1.874,60,"False"
"9084","1993","CWT+DWT","T13","60",1.347,60,"False"
"9085","1998","CWT+DWT","T13","60",3.306,60,"False"
"9086","1999","CWT+DWT","T13","60",3.001,60,"False"
"9087","2000","CWT+DWT","T13","60",2.817,60,"False"
"9088","2003","CWT+DWT","T13","60",0.538,60,"False"
"9089","2005","CWT+DWT","T13","60",2.794,60,"False"
"9090","2006","CWT+DWT","T13","60",2.254,60,"False"
"9091","2008","CWT+DWT","T13","60",0.961,60,"False"
"9092","2009","CWT+DWT","T13","60",1.037,60,"False"
"9093","2010","CWT+DWT","T13","60",2.096,60,"False"
"9094","2012","CWT+DWT","T13","60",1.81,60,"False"
"9095","2013","CWT+DWT","T13","60",1.697,60,"False"
"9096","2014","CWT+DWT","T13","60",1.611,60,"False"
"9097","2015","CWT+DWT","T13","60",0.417,60,"True"
"9098","2022","CWT+DWT","T13","60",1.497,60,"False"
"9099","2023","CWT+DWT","T13","60",2.255,60,"False"
"9100","2024","CWT+DWT","T13","60",0.394,60,"False"
"9101","2025","CWT+DWT","T13","60",0.599,60,"False"
"9102","2026","CWT+DWT","T13","60",3.923,60,"False"
"9103","2027","CWT+DWT","T13","60",1.041,60,"False"
"9104","2031","CWT+DWT","T13","60",1.072,60,"False"
"9105","2032","CWT+DWT","T13","60",1.491,60,"False"
"9106","2033","CWT+DWT","T13","60",6.36,60,"False"
"9107","2035","CWT+DWT","T13","60",1.554,60,"False"
"9108","2038","CWT+DWT","T13","60",0.388,60,"False"
"9109","2039","CWT+DWT","T13","60",2.443,60,"False"
"9110","2042","CWT+DWT","T13","60",0.815,60,"False"
"9111","2043","CWT+DWT","T13","60",1.18,60,"False"
"9112","2044","CWT+DWT","T13","60",2.336,60,"False"
"9113","2045","CWT+DWT","T13","60",0.195,60,"True"
"9114","2046","CWT+DWT","T13","60",0.868,60,"False"
"9115","2047","CWT+DWT","T13","60",1.704,60,"False"
"9116","2048","CWT+DWT","T13","60",0.743,60,"False"
"9117","2051","CWT+DWT","T13","60",0.276,60,"False"
"9118","2053","CWT+DWT","T13","60",0.375,60,"False"
"9119","2054","CWT+DWT","T13","60",1.551,60,"False"
"9120","2055","CWT+DWT","T13","60",0.733,60,"False"
"9121","2080","CWT+DWT","T13","60",0.434,60,"False"
"9122","2081","CWT+DWT","T13","60",0.118,60,"False"
"9123","2259","CWT","T16","60",0.269,60,"False"
"9124","2262","CWT","T16","60",0.295,60,"False"
"9125","2263","CWT","T16","60",0.525,60,"False"
"9126","2264","CWT","T16","60",1.322,60,"False"
"9127","2267","CWT","T16","60",0.414,60,"False"
"9128","2269","CWT","T16","60",0.507,60,"False"
"9129","2272","CWT","T16","60",0.805,60,"False"
"9130","2274","CWT","T16","60",0.62,60,"False"
"9131","2281","CWT","T16","60",0.579,60,"False"
"9132","2283","CWT","T16","60",0.617,60,"False"
"9133","2284","CWT","T16","60",0.584,60,"False"
"9134","2293","CWT","T16","60",0.686,60,"False"
"9135","2294","CWT","T16","60",0.289,60,"False"
"9136","2298","CWT","T16","60",0.321,60,"False"
"9137","2299","CWT","T16","60",0.399,60,"False"
"9138","2300","CWT","T16","60",0.516,60,"False"
"9139","2306","CWT","T16","60",0.442,60,"False"
"9140","2308","CWT","T16","60",0.394,60,"False"
"9141","2311","CWT","T16","60",0.236,60,"False"
"9142","2315","CWT","T16","60",0.692,60,"False"
"9143","2317","CWT","T16","60",1.135,60,"False"
"9144","2318","CWT","T16","60",0.255,60,"False"
"9145","2319","CWT","T16","60",0.341,60,"False"
"9146","2320","CWT","T16","60",0.111,60,"False"
"9147","2321","CWT","T16","60",0.532,60,"False"
"9148","2322","CWT","T16","60",0.133,60,"False"
"9149","2323","CWT","T16","60",0.049,60,"False"
"9150","2324","CWT","T16","60",0.297,60,"False"
"9151","2325","CWT","T16","60",0.525,60,"False"
"9152","2326","CWT","T16","60",0.547,60,"False"
"9153","2330","CWT","T16","60",0.4,60,"False"
"9154","2343","CWT","T16","60",0.187,60,"False"
"9155","2345","CWT","T16","60",0.14,60,"False"
"9156","2347","CWT","T16","60",0.681,60,"False"
"9157","2348","CWT","T16","60",0.446,60,"False"
"9158","2350","CWT","T16","60",0.344,60,"False"
"9159","2351","CWT","T16","60",0.338,60,"False"
"9160","2352","CWT","T16","60",0.279,60,"False"
"9161","2353","CWT","T16","60",0.506,60,"False"
"9162","2355","CWT","T16","60",1.046,60,"False"
"9163","2356","CWT","T16","60",0.441,60,"False"
"9164","2357","CWT","T16","60",0.502,60,"False"
"9165","2361","CWT","T16","60",0.669,60,"False"
"9166","2362","CWT","T16","60",0.678,60,"False"
"9167","2364","CWT","T16","60",0.429,60,"False"
"9168","2365","CWT","T16","60",0.579,60,"False"
"9169","2368","CWT","T16","60",0.235,60,"False"
"9170","2369","CWT","T16","60",0.148,60,"False"
"9171","2370","CWT","T16","60",0.416,60,"False"
"9172","2372","CWT","T16","60",0.283,60,"False"
"9173","2374","CWT","T16","60",0.515,60,"False"
"9174","2376","CWT","T16","60",0.561,60,"False"
"9175","2380","CWT","T16","60",0.154,60,"False"
"9176","2514","CHE","T22","60",0.912,60,"False"
"9177","2515","CHE","T22","60",0.811,60,"False"
"9178","2516","CHE","T22","60",0.498,60,"False"
"9179","2520","CHE","T22","60",0.165,60,"False"
"9180","2526","CHE","T22","60",0.922,60,"False"
"9181","2527","CHE","T22","60",0.49,60,"False"
"9182","2529","CHE","T22","60",0.191,60,"False"
"9183","2531","CHE","T22","60",0.204,60,"False"
"9184","2532","CHE","T22","60",0.427,60,"False"
"9185","2533","CHE","T22","60",0.405,60,"False"
"9186","2534","CHE","T22","60",0.322,60,"False"
"9187","2538","CHE","T22","60",0.477,60,"False"
"9188","2539","CHE","T22","60",0.302,60,"False"
"9189","2543","CHE","T22","60",0.11,60,"False"
"9190","2544","CHE","T22","60",0.883,60,"False"
"9191","2547","CHE","T22","60",0.611,60,"False"
"9192","2550","CHE","T22","60",0.842,60,"False"
"9193","2558","CHE","T22","60",0.566,60,"False"
"9194","2561","CHE","T22","60",0.735,60,"False"
"9195","2564","CHE","T22","60",0.215,60,"False"
"9196","2566","CHE","T22","60",0.85,60,"False"
"9197","2567","CHE","T22","60",1.114,60,"False"
"9198","2568","CHE","T22","60",0.963,60,"False"
"9199","2569","CHE","T22","60",0.932,60,"False"
"9200","2576","CHE","T22","60",0.227,60,"False"
"9201","2580","CHE","T22","60",0.531,60,"False"
"9202","2584","CHE","T22","60",0.178,60,"False"
"9203","2585","CHE","T22","60",0.165,60,"False"
"9204","2586","CHE","T22","60",1,60,"False"
"9205","2588","CHE","T22","60",0.845,60,"False"
"9206","2592","CHE","T22","60",0.787,60,"False"
"9207","2593","CHE","T22","60",0.574,60,"False"
"9208","2603","CHE","T22","60",0.371,60,"False"
"9209","2608","CHE","T22","60",0.565,60,"False"
"9210","2385","DWT","T17","60",1.072,60,"False"
"9211","2386","DWT","T17","60",1.678,60,"False"
"9212","2387","DWT","T17","60",1.509,60,"False"
"9213","2389","DWT","T17","60",2.43,60,"False"
"9214","2390","DWT","T17","60",1.988,60,"False"
"9215","2396","DWT","T17","60",1.317,60,"False"
"9216","2397","DWT","T17","60",1.703,60,"False"
"9217","2398","DWT","T17","60",1.219,60,"False"
"9218","2401","DWT","T17","60",2.185,60,"False"
"9219","2402","DWT","T17","60",1.613,60,"False"
"9220","2404","DWT","T17","60",1.815,60,"False"
"9221","2405","DWT","T17","60",1.993,60,"False"
"9222","2406","DWT","T17","60",0.29,60,"False"
"9223","2408","DWT","T17","60",1.377,60,"False"
"9224","2409","DWT","T17","60",0.841,60,"False"
"9225","2410","DWT","T17","60",0.49,60,"False"
"9226","2412","DWT","T17","60",1.078,60,"False"
"9227","2413","DWT","T17","60",1.985,60,"False"
"9228","2426","DWT","T17","60",0.148,60,"False"
"9229","2430","DWT","T17","60",0.71,60,"False"
"9230","2433","DWT","T17","60",0.817,60,"False"
"9231","2435","DWT","T17","60",0.235,60,"False"
"9232","2438","DWT","T17","60",0.898,60,"False"
"9233","2442","DWT","T17","60",2.147,60,"False"
"9234","2445","DWT","T17","60",1.761,60,"False"
"9235","2446","DWT","T17","60",1.717,60,"False"
"9236","2449","DWT","T17","60",1.667,60,"False"
"9237","2461","DWT","T17","60",0.538,60,"False"
"9238","2463","DWT","T17","60",0.821,60,"False"
"9239","2464","DWT","T17","60",1.14,60,"False"
"9240","2478","DWT","T17","60",1.671,60,"True"
"9241","2483","DWT","T17","60",0.964,60,"False"
"9242","2484","DWT","T17","60",2.7,60,"False"
"9243","2487","DWT","T17","60",2.022,60,"False"
"9244","2489","DWT","T17","60",1.142,60,"False"
"9245","2491","DWT","T17","60",1.879,60,"False"
"9246","2492","DWT","T17","60",2.308,60,"False"
"9247","2493","DWT","T17","60",1.749,60,"False"
"9248","2494","DWT","T17","60",2.067,60,"False"
"9249","2495","DWT","T17","60",1.331,60,"False"
"9250","2497","DWT","T17","60",1.035,60,"False"
"9251","2501","DWT","T17","60",0.579,60,"False"
"9252","2502","DWT","T17","60",0.187,60,"False"
"9253","2504","DWT","T17","60",0.593,60,"False"
"9254","2505","DWT","T17","60",0.839,60,"False"
"9255","2506","DWT","T17","60",0.562,60,"False"
"9256","2695","CHE","T20","60",1.345,60,"False"
"9257","2698","CHE","T20","60",1.173,60,"False"
"9258","2699","CHE","T20","60",0.545,60,"False"
"9259","2700","CHE","T20","60",0.336,60,"False"
"9260","2703","CHE","T20","60",0.136,60,"False"
"9261","2706","CHE","T20","60",0.164,60,"False"
"9262","2707","CHE","T20","60",0.638,60,"False"
"9263","2708","CHE","T20","60",0.444,60,"False"
"9264","2709","CHE","T20","60",0.491,60,"False"
"9265","2712","CHE","T20","60",0.761,60,"False"
"9266","2713","CHE","T20","60",0.978,60,"False"
"9267","2720","CHE","T20","60",0.142,60,"False"
"9268","2721","CHE","T20","60",0.373,60,"False"
"9269","2722","CHE","T20","60",0.375,60,"False"
"9270","2723","CHE","T20","60",1.017,60,"False"
"9271","2725","CHE","T20","60",0.369,60,"False"
"9272","2726","CHE","T20","60",1.586,60,"False"
"9273","2728","CHE","T20","60",1.018,60,"False"
"9274","2729","CHE","T20","60",0.332,60,"False"
"9275","2730","CHE","T20","60",0.345,60,"False"
"9276","2733","CHE","T20","60",0.262,60,"False"
"9277","2734","CHE","T20","60",0.36,60,"False"
"9278","2736","CHE","T20","60",0.549,60,"False"
"9279","1681","DWT","T10","60",0.166,60,"False"
"9280","1683","DWT","T10","60",0.773,60,"False"
"9281","1685","DWT","T10","60",0.882,60,"False"
"9282","1691","DWT","T10","60",2.009,60,"False"
"9283","1693","DWT","T10","60",1.779,60,"False"
"9284","1694","DWT","T10","60",0.59,60,"False"
"9285","1695","DWT","T10","60",1.763,60,"False"
"9286","1696","DWT","T10","60",1.031,60,"False"
"9287","1697","DWT","T10","60",0.757,60,"False"
"9288","1698","DWT","T10","60",1.123,60,"False"
"9289","1699","DWT","T10","60",1.535,60,"False"
"9290","1700","DWT","T10","60",0.501,60,"False"
"9291","1702","DWT","T10","60",0.89,60,"False"
"9292","1704","DWT","T10","60",0.203,60,"False"
"9293","1705","DWT","T10","60",1.703,60,"False"
"9294","1706","DWT","T10","60",0.124,60,"False"
"9295","1707","DWT","T10","60",1.137,60,"False"
"9296","1713","DWT","T10","60",2.04,60,"False"
"9297","1715","DWT","T10","60",1.07,60,"False"
"9298","1716","DWT","T10","60",1.062,60,"True"
"9299","1717","DWT","T10","60",0.414,60,"False"
"9300","1719","DWT","T10","60",2.008,60,"False"
"9301","1721","DWT","T10","60",0.364,60,"False"
"9302","1723","DWT","T10","60",1.107,60,"False"
"9303","1724","DWT","T10","60",1.723,60,"False"
"9304","1727","DWT","T10","60",1.049,60,"False"
"9305","1730","DWT","T10","60",0.156,60,"False"
"9306","1731","DWT","T10","60",1.367,60,"False"
"9307","1732","DWT","T10","60",0.328,60,"False"
"9308","1733","DWT","T10","60",0.43,60,"False"
"9309","1734","DWT","T10","60",0.189,60,"False"
"9310","1737","DWT","T10","60",0.065,60,"False"
"9311","1738","DWT","T10","60",0.496,60,"False"
"9312","1739","DWT","T10","60",0.851,60,"False"
"9313","1740","DWT","T10","60",0.899,60,"False"
"9314","1741","DWT","T10","60",0.498,60,"False"
"9315","1742","DWT","T10","60",0.841,60,"False"
"9316","1743","DWT","T10","60",1.428,60,"False"
"9317","1748","DWT","T10","60",1.391,60,"False"
"9318","2623","CHE+DHE","T21","60",0.694,60,"False"
"9319","2629","CHE+DHE","T21","60",0.768,60,"False"
"9320","2630","CHE+DHE","T21","60",1.735,60,"False"
"9321","2631","CHE+DHE","T21","60",0.974,60,"False"
"9322","2632","CHE+DHE","T21","60",1.358,60,"False"
"9323","2633","CHE+DHE","T21","60",0.932,60,"False"
"9324","2634","CHE+DHE","T21","60",1.789,60,"False"
"9325","2638","CHE+DHE","T21","60",1.775,60,"False"
"9326","2639","CHE+DHE","T21","60",1.253,60,"False"
"9327","2640","CHE+DHE","T21","60",0.794,60,"False"
"9328","2642","CHE+DHE","T21","60",0.979,60,"False"
"9329","2643","CHE+DHE","T21","60",0.643,60,"False"
"9330","2644","CHE+DHE","T21","60",0.582,60,"False"
"9331","2649","CHE+DHE","T21","60",0.888,60,"False"
"9332","2650","CHE+DHE","T21","60",1.463,60,"False"
"9333","2651","CHE+DHE","T21","60",0.849,60,"False"
"9334","2653","CHE+DHE","T21","60",0.853,60,"False"
"9335","2654","CHE+DHE","T21","60",1.016,60,"False"
"9336","2656","CHE+DHE","T21","60",1.026,60,"False"
"9337","2663","CHE+DHE","T21","60",0.818,60,"False"
"9338","2666","CHE+DHE","T21","60",1.338,60,"False"
"9339","2672","CHE+DHE","T21","60",0.802,60,"False"
"9340","2673","CHE+DHE","T21","60",0.787,60,"False"
"9341","2678","CHE+DHE","T21","60",0.608,60,"False"
"9342","2683","CHE+DHE","T21","60",1.046,60,"False"
"9343","2685","CHE+DHE","T21","60",0.214,60,"False"
"9344","2751","CWT+DWT","T27","60",2.147,60,"False"
"9345","2752","CWT+DWT","T27","60",2.649,60,"False"
"9346","2753","CWT+DWT","T27","60",2.119,60,"False"
"9347","2759","CWT+DWT","T27","60",1.313,60,"False"
"9348","2761","CWT+DWT","T27","60",1.003,60,"False"
"9349","2764","CWT+DWT","T27","60",3.056,60,"False"
"9350","2765","CWT+DWT","T27","60",1.61,60,"False"
"9351","2766","CWT+DWT","T27","60",0.757,60,"False"
"9352","2768","CWT+DWT","T27","60",0.651,60,"False"
"9353","2769","CWT+DWT","T27","60",1.693,60,"False"
"9354","2770","CWT+DWT","T27","60",1.386,60,"False"
"9355","2771","CWT+DWT","T27","60",1.766,60,"False"
"9356","2772","CWT+DWT","T27","60",0.325,60,"False"
"9357","2777","CWT+DWT","T27","60",0.942,60,"False"
"9358","2778","CWT+DWT","T27","60",1.203,60,"False"
"9359","2784","CWT+DWT","T27","60",0.459,60,"False"
"9360","2785","CWT+DWT","T27","60",0.54,60,"False"
"9361","2787","CWT+DWT","T27","60",1.18,60,"False"
"9362","2789","CWT+DWT","T27","60",0.171,60,"False"
"9363","2798","CWT+DWT","T27","60",1.133,60,"False"
"9364","2800","CWT+DWT","T27","60",0.921,60,"False"
"9365","2803","CWT+DWT","T27","60",0.291,60,"False"
"9366","2804","CWT+DWT","T27","60",0.328,60,"False"
"9367","2805","CWT+DWT","T27","60",0.236,60,"False"
"9368","2806","CWT+DWT","T27","60",0.447,60,"False"
"9369","2807","CWT+DWT","T27","60",0.479,60,"False"
"9370","2808","CWT+DWT","T27","60",0.252,60,"False"
"9371","2809","CWT+DWT","T27","60",0.756,60,"False"
"9372","2811","CWT+DWT","T27","60",1.961,60,"False"
"9373","2812","CWT+DWT","T27","60",1.746,60,"False"
"9374","2815","CWT+DWT","T27","60",0.237,60,"False"
"9375","2816","CWT+DWT","T27","60",0.96,60,"False"
"9376","2819","CWT+DWT","T27","60",1.95,60,"False"
"9377","2820","CWT+DWT","T27","60",3.006,60,"False"
"9378","2822","CWT+DWT","T27","60",1.346,60,"False"
"9379","2825","CWT+DWT","T27","60",0.866,60,"False"
"9380","2826","CWT+DWT","T27","60",1.276,60,"False"
"9381","2864","DWT","T18","60",0.13,60,"False"
"9382","2866","DWT","T18","60",0.368,60,"False"
"9383","2869","DWT","T18","60",1.552,60,"False"
"9384","2870","DWT","T18","60",2.311,60,"False"
"9385","2872","DWT","T18","60",0.294,60,"False"
"9386","2874","DWT","T18","60",0.303,60,"False"
"9387","2875","DWT","T18","60",0.081,60,"False"
"9388","2876","DWT","T18","60",1.968,60,"False"
"9389","2877","DWT","T18","60",0.792,60,"False"
"9390","2880","DWT","T18","60",1.361,60,"False"
"9391","2881","DWT","T18","60",1.293,60,"False"
"9392","2882","DWT","T18","60",1.006,60,"False"
"9393","2883","DWT","T18","60",1.098,60,"False"
"9394","2887","DWT","T18","60",1.816,60,"False"
"9395","2888","DWT","T18","60",2.159,60,"False"
"9396","2898","DWT","T18","60",2.198,60,"False"
"9397","2899","DWT","T18","60",0.922,60,"True"
"9398","2900","DWT","T18","60",1.681,60,"False"
"9399","2906","DWT","T18","60",1.698,60,"False"
"9400","2907","DWT","T18","60",0.532,60,"False"
"9401","2908","DWT","T18","60",1.86,60,"False"
"9402","2909","DWT","T18","60",2.122,60,"False"
"9403","2910","DWT","T18","60",0.838,60,"False"
"9404","2912","DWT","T18","60",1.909,60,"False"
"9405","2929","DWT","T18","60",1.829,60,"False"
"9406","2935","DWT","T18","60",1.428,60,"False"
"9407","2952","DWT","T18","60",0.843,60,"False"
"9408","2953","DWT","T18","60",0.682,60,"False"
"9409","2956","DWT","T18","60",0.575,60,"False"
"9410","2960","DWT","T18","60",0.457,60,"False"
"9411","2963","DWT","T18","60",0.156,60,"False"
"9412","2964","DWT","T18","60",0.18,60,"False"
"9413","2965","DWT","T18","60",0.544,60,"False"
"9414","2966","DWT","T18","60",0.565,60,"False"
"9415","2972","DWT","T18","60",1.435,60,"False"
"9416","2973","DWT","T18","60",1.307,60,"False"
"9417","2974","DWT","T18","60",1.922,60,"False"
"9418","2975","DWT","T18","60",0.754,60,"False"
"9419","2976","DWT","T18","60",0.745,60,"False"
"9420","2979","DWT","T18","60",0.49,60,"False"
"9421","2989","DWT","T18","60",1.483,60,"False"
"9422","2992","DWT","T18","60",1.028,60,"False"
"9423","2993","DWT","T18","60",1.392,60,"False"
"9424","2994","DWT","T18","60",1.004,60,"False"
"9425","2995","DWT","T18","60",1.327,60,"False"
"9426","2997","DWT","T18","60",0.15,60,"False"
"9427","3002","DWT","T18","60",0.407,60,"False"
"9428","3003","DWT","T18","60",0.307,60,"False"
"9429","3004","DWT","T18","60",0.398,60,"False"
"9430","3157","DHE","T24","60",1.456,60,"False"
"9431","3158","DHE","T24","60",2.684,60,"False"
"9432","3159","DHE","T24","60",0.984,60,"False"
"9433","3163","DHE","T24","60",1.354,60,"False"
"9434","3165","DHE","T24","60",1.395,60,"False"
"9435","3166","DHE","T24","60",1.947,60,"False"
"9436","3167","DHE","T24","60",0.403,60,"False"
"9437","3178","DHE","T24","60",0.886,60,"False"
"9438","3180","DHE","T24","60",1.565,60,"False"
"9439","3181","DHE","T24","60",1.648,60,"False"
"9440","3182","DHE","T24","60",2.373,60,"False"
"9441","3186","DHE","T24","60",1.478,60,"False"
"9442","3189","DHE","T24","60",0.999,60,"False"
"9443","3190","DHE","T24","60",0.701,60,"False"
"9444","3191","DHE","T24","60",1.574,60,"False"
"9445","3192","DHE","T24","60",1.395,60,"False"
"9446","3196","DHE","T24","60",0.823,60,"False"
"9447","3197","DHE","T24","60",1.468,60,"False"
"9448","3198","DHE","T24","60",2.409,60,"False"
"9449","3199","DHE","T24","60",0.531,60,"False"
"9450","3200","DHE","T24","60",1.108,60,"False"
"9451","3203","DHE","T24","60",1.511,60,"False"
"9452","3205","DHE","T24","60",0.947,60,"False"
"9453","3207","DHE","T24","60",1.116,60,"False"
"9454","3208","DHE","T24","60",1.078,60,"False"
"9455","3210","DHE","T24","60",2.075,60,"False"
"9456","3213","DHE","T24","60",0.905,60,"False"
"9457","3219","DHE","T24","60",1.71,60,"False"
"9458","3222","DHE","T24","60",1.012,60,"False"
"9459","3224","DHE","T24","60",1.676,60,"False"
"9460","3225","DHE","T24","60",2.396,60,"False"
"9461","3228","DHE","T24","60",1.135,60,"False"
"9462","3229","DHE","T24","60",1.262,60,"False"
"9463","3231","DHE","T24","60",1.636,60,"False"
"9464","3240","DHE","T24","60",0.734,60,"False"
"9465","3246","DHE","T24","60",2.022,60,"False"
"9466","3258","DHE","T24","60",1.57,60,"False"
"9467","3259","DHE","T24","60",1.029,60,"False"
"9468","3261","DHE","T24","60",2.041,60,"False"
"9469","3265","DHE","T24","60",1.72,60,"False"
"9470","3269","DHE","T24","60",1.431,60,"False"
"9471","3272","DHE","T24","60",1.212,60,"False"
"9472","3273","DHE","T24","60",1.313,60,"False"
"9473","3274","DHE","T24","60",0.86,60,"False"
"9474","3281","DHE","T24","60",2.191,60,"False"
"9475","3292","DHE","T24","60",2.238,60,"False"
"9476","3293","DHE","T24","60",1.377,60,"False"
"9477","3294","DHE","T24","60",1.505,60,"False"
"9478","3295","DHE","T24","60",1.161,60,"False"
"9479","3304","DHE","T24","60",2.491,60,"False"
"9480","3305","DHE","T24","60",1.098,60,"False"
"9481","3306","DHE","T24","60",2.408,60,"False"
"9482","3307","DHE","T24","60",1.522,60,"False"
"9483","3309","DHE","T24","60",1.748,60,"False"
"9484","3310","DHE","T24","60",1.554,60,"False"
"9485","3311","DHE","T24","60",0.341,60,"False"
"9486","3313","DHE","T24","60",2.645,60,"False"
"9487","3315","DHE","T24","60",2.59,60,"False"
"9488","3316","DHE","T24","60",1.678,60,"False"
"9489","3319","DHE","T24","60",2.487,60,"False"
"9490","3322","DHE","T24","60",1.091,60,"False"
"9491","3323","DHE","T24","60",1.186,60,"False"
"9492","3324","DHE","T24","60",1.605,60,"False"
"9493","3329","DHE","T24","60",1.214,60,"False"
"9494","3345","DHE","T24","60",0.893,60,"False"
"9495","3005","CWT+DWT","T26","60",2.688,60,"False"
"9496","3006","CWT+DWT","T26","60",1.748,60,"False"
"9497","3011","CWT+DWT","T26","60",2.974,60,"False"
"9498","3013","CWT+DWT","T26","60",2.587,60,"False"
"9499","3016","CWT+DWT","T26","60",1.003,60,"False"
"9500","3017","CWT+DWT","T26","60",2.839,60,"False"
"9501","3018","CWT+DWT","T26","60",2.866,60,"False"
"9502","3019","CWT+DWT","T26","60",1.385,60,"False"
"9503","3020","CWT+DWT","T26","60",1.611,60,"False"
"9504","3021","CWT+DWT","T26","60",2.268,60,"False"
"9505","3024","CWT+DWT","T26","60",3.411,60,"False"
"9506","3025","CWT+DWT","T26","60",3.084,60,"False"
"9507","3026","CWT+DWT","T26","60",1.286,60,"False"
"9508","3028","CWT+DWT","T26","60",2.604,60,"False"
"9509","3029","CWT+DWT","T26","60",2.4,60,"False"
"9510","3030","CWT+DWT","T26","60",1.676,60,"False"
"9511","3031","CWT+DWT","T26","60",0.58,60,"False"
"9512","3032","CWT+DWT","T26","60",2.869,60,"False"
"9513","3033","CWT+DWT","T26","60",2.814,60,"False"
"9514","3034","CWT+DWT","T26","60",1.69,60,"False"
"9515","3035","CWT+DWT","T26","60",2.15,60,"False"
"9516","3037","CWT+DWT","T26","60",2.561,60,"False"
"9517","3045","CWT+DWT","T26","60",1.839,60,"False"
"9518","3048","CWT+DWT","T26","60",2.993,60,"False"
"9519","3049","CWT+DWT","T26","60",2.763,60,"False"
"9520","3052","CWT+DWT","T26","60",2.075,60,"False"
"9521","3053","CWT+DWT","T26","60",0.447,60,"False"
"9522","3056","CWT+DWT","T26","60",0.935,60,"False"
"9523","3057","CWT+DWT","T26","60",1.442,60,"False"
"9524","3058","CWT+DWT","T26","60",0.275,60,"False"
"9525","3060","CWT+DWT","T26","60",1.553,60,"False"
"9526","3061","CWT+DWT","T26","60",0.527,60,"False"
"9527","3062","CWT+DWT","T26","60",0.504,60,"False"
"9528","3064","CWT+DWT","T26","60",0.464,60,"False"
"9529","3065","CWT+DWT","T26","60",2.406,60,"False"
"9530","3066","CWT+DWT","T26","60",1.257,60,"False"
"9531","3068","CWT+DWT","T26","60",0.174,60,"False"
"9532","3069","CWT+DWT","T26","60",1.623,60,"False"
"9533","3071","CWT+DWT","T26","60",2.481,60,"False"
"9534","3072","CWT+DWT","T26","60",0.743,60,"False"
"9535","3073","CWT+DWT","T26","60",1.86,60,"False"
"9536","3074","CWT+DWT","T26","60",0.727,60,"False"
"9537","3075","CWT+DWT","T26","60",1.151,60,"False"
"9538","3076","CWT+DWT","T26","60",2.047,60,"False"
"9539","3077","CWT+DWT","T26","60",1.361,60,"False"
"9540","3078","CWT+DWT","T26","60",1.272,60,"False"
"9541","3079","CWT+DWT","T26","60",1.158,60,"False"
"9542","3080","CWT+DWT","T26","60",1.147,60,"False"
"9543","3081","CWT+DWT","T26","60",0.086,60,"True"
"9544","3082","CWT+DWT","T26","60",0.268,60,"False"
"9545","3083","CWT+DWT","T26","60",2.737,60,"False"
"9546","3084","CWT+DWT","T26","60",1.904,60,"False"
"9547","3085","CWT+DWT","T26","60",2.478,60,"False"
"9548","3086","CWT+DWT","T26","60",2.612,60,"False"
"9549","3087","CWT+DWT","T26","60",2.899,60,"False"
"9550","3088","CWT+DWT","T26","60",1.604,60,"False"
"9551","3089","CWT+DWT","T26","60",0.805,60,"False"
"9552","3090","CWT+DWT","T26","60",2.569,60,"False"
"9553","3093","CWT+DWT","T26","60",2.721,60,"False"
"9554","3094","CWT+DWT","T26","60",2.465,60,"False"
"9555","3099","CWT+DWT","T26","60",0.836,60,"False"
"9556","3100","CWT+DWT","T26","60",0.428,60,"False"
"9557","3107","CWT+DWT","T26","60",3.103,60,"False"
"9558","3108","CWT+DWT","T26","60",1.49,60,"False"
"9559","3110","CWT+DWT","T26","60",1.056,60,"False"
"9560","3128","CWT+DWT","T26","60",1.005,60,"False"
"9561","3129","CWT+DWT","T26","60",1.079,60,"False"
"9562","3133","CWT+DWT","T26","60",0.436,60,"False"
"9563","3134","CWT+DWT","T26","60",2.811,60,"False"
"9564","3135","CWT+DWT","T26","60",2.687,60,"False"
"9565","3143","CWT+DWT","T26","60",0.933,60,"False"
"9566","3145","CWT+DWT","T26","60",0.334,60,"False"
"9567","3147","CWT+DWT","T26","60",1.618,60,"False"
"9568","3150","CWT+DWT","T26","60",1.142,60,"False"
"9569","3365","CWT+DWT","T26","60",2.083,60,"False"
"9570","3468","CWT","T19","60",0.56,60,"False"
"9571","3469","CWT","T19","60",0.528,60,"False"
"9572","3470","CWT","T19","60",0.364,60,"False"
"9573","3474","CWT","T19","60",0.172,60,"True"
"9574","3477","CWT","T19","60",0.268,60,"False"
"9575","3478","CWT","T19","60",0.345,60,"False"
"9576","3479","CWT","T19","60",0.513,60,"False"
"9577","3483","CWT","T19","60",0.595,60,"False"
"9578","3485","CWT","T19","60",0.465,60,"False"
"9579","3486","CWT","T19","60",0.477,60,"False"
"9580","3488","CWT","T19","60",0.691,60,"True"
"9581","3491","CWT","T19","60",0.215,60,"False"
"9582","3492","CWT","T19","60",0.224,60,"False"
"9583","3494","CWT","T19","60",0.086,60,"False"
"9584","3495","CWT","T19","60",0.382,60,"False"
"9585","3496","CWT","T19","60",0.31,60,"False"
"9586","3497","CWT","T19","60",0.266,60,"False"
"9587","3500","CWT","T19","60",0.403,60,"False"
"9588","3501","CWT","T19","60",0.41,60,"False"
"9589","3503","CWT","T19","60",0.457,60,"False"
"9590","3504","CWT","T19","60",0.415,60,"False"
"9591","3505","CWT","T19","60",0.284,60,"False"
"9592","3401","CHE+DWT","T28","60",0.491,60,"False"
"9593","3402","CHE+DWT","T28","60",0.843,60,"False"
"9594","3409","CHE+DWT","T28","60",0.684,60,"False"
"9595","3411","CHE+DWT","T28","60",0.444,60,"False"
"9596","3419","CHE+DWT","T28","60",0.884,60,"False"
"9597","3423","CHE+DWT","T28","60",0.926,60,"False"
"9598","3430","CHE+DWT","T28","60",1.341,60,"False"
"9599","3440","CHE+DWT","T28","60",1.143,60,"False"
"9600","3441","CHE+DWT","T28","60",1.24,60,"False"
"9601","3445","CHE+DWT","T28","60",1.441,60,"False"
"9602","3512","CHE+DWT","T29","60",1.132,60,"False"
"9603","3516","CHE+DWT","T29","60",1.683,60,"False"
"9604","3517","CHE+DWT","T29","60",1.777,60,"False"
"9605","3519","CHE+DWT","T29","60",1.687,60,"False"
"9606","3520","CHE+DWT","T29","60",1.737,60,"False"
"9607","3521","CHE+DWT","T29","60",1.264,60,"False"
"9608","3525","CHE+DWT","T29","60",0.674,60,"False"
"9609","3526","CHE+DWT","T29","60",0.872,60,"False"
"9610","3528","CHE+DWT","T29","60",0.827,60,"False"
"9611","3529","CHE+DWT","T29","60",0.795,60,"False"
"9612","3530","CHE+DWT","T29","60",0.521,60,"False"
"9613","3533","CHE+DWT","T29","60",0.235,60,"False"
"9614","3534","CHE+DWT","T29","60",0.649,60,"False"
"9615","3537","CHE+DWT","T29","60",0.489,60,"False"
"9616","3539","CHE+DWT","T29","60",1.387,60,"False"
"9617","3541","CHE+DWT","T29","60",0.267,60,"False"
"9618","3543","CHE+DWT","T29","60",1.407,60,"False"
"9619","3547","CHE+DWT","T29","60",1.843,60,"False"
"9620","3548","CHE+DWT","T29","60",2.115,60,"False"
"9621","3552","CHE+DWT","T29","60",0.273,60,"False"
"9622","3554","CHE+DWT","T29","60",1.652,60,"False"
"9623","3556","CHE+DWT","T29","60",1.943,60,"False"
"9624","3561","CHE+DWT","T29","60",0.759,60,"False"
"9625","3562","CHE+DWT","T29","60",1.764,60,"False"
"9626","3564","CHE+DWT","T29","60",0.538,60,"False"
"9627","3565","CHE+DWT","T29","60",0.166,60,"False"
"9628","3566","CHE+DWT","T29","60",0.823,60,"False"
"9629","3568","CHE+DWT","T29","60",0.395,60,"False"
"9630","3569","CHE+DWT","T29","60",1.138,60,"False"
"9631","3570","CHE+DWT","T29","60",1.342,60,"False"
"9632","3575","CHE+DWT","T29","60",1.048,60,"False"
"9633","2128","CWT+DWT","T8","60",2.859,60,"False"
"9634","2129","CWT+DWT","T8","60",1.418,60,"False"
"9635","2130","CWT+DWT","T8","60",2.469,60,"False"
"9636","2131","CWT+DWT","T8","60",0.954,60,"False"
"9637","2132","CWT+DWT","T8","60",3.59,60,"False"
"9638","2133","CWT+DWT","T8","60",2.279,60,"False"
"9639","2134","CWT+DWT","T8","60",1.495,60,"False"
"9640","2135","CWT+DWT","T8","60",1.521,60,"False"
"9641","2136","CWT+DWT","T8","60",4.136,60,"False"
"9642","2137","CWT+DWT","T8","60",1.979,60,"False"
"9643","2138","CWT+DWT","T8","60",2,60,"False"
"9644","2139","CWT+DWT","T8","60",1.11,60,"False"
"9645","2142","CWT+DWT","T8","60",2.074,60,"False"
"9646","2145","CWT+DWT","T8","60",1.682,60,"False"
"9647","2148","CWT+DWT","T8","60",2.623,60,"False"
"9648","2151","CWT+DWT","T8","60",2.264,60,"False"
"9649","2152","CWT+DWT","T8","60",2.038,60,"False"
"9650","2153","CWT+DWT","T8","60",1.818,60,"False"
"9651","2154","CWT+DWT","T8","60",2.565,60,"False"
"9652","2157","CWT+DWT","T8","60",0.289,60,"False"
"9653","2158","CWT+DWT","T8","60",2.843,60,"False"
"9654","2159","CWT+DWT","T8","60",2.128,60,"False"
"9655","2160","CWT+DWT","T8","60",2.977,60,"False"
"9656","2161","CWT+DWT","T8","60",1.692,60,"False"
"9657","2163","CWT+DWT","T8","60",0.936,60,"False"
"9658","2164","CWT+DWT","T8","60",2.056,60,"False"
"9659","2165","CWT+DWT","T8","60",1.281,60,"False"
"9660","2166","CWT+DWT","T8","60",1.945,60,"False"
"9661","2169","CWT+DWT","T8","60",0.295,60,"False"
"9662","2170","CWT+DWT","T8","60",1.832,60,"False"
"9663","2171","CWT+DWT","T8","60",3.638,60,"False"
"9664","2172","CWT+DWT","T8","60",3.244,60,"False"
"9665","2173","CWT+DWT","T8","60",2.17,60,"False"
"9666","2175","CWT+DWT","T8","60",0.971,60,"False"
"9667","2179","CWT+DWT","T8","60",2.7,60,"False"
"9668","2181","CWT+DWT","T8","60",2.396,60,"False"
"9669","2183","CWT+DWT","T8","60",2.575,60,"False"
"9670","2184","CWT+DWT","T8","60",4.245,60,"False"
"9671","2185","CWT+DWT","T8","60",2.49,60,"False"
"9672","2186","CWT+DWT","T8","60",1.714,60,"False"
"9673","2188","CWT+DWT","T8","60",2.3,60,"False"
"9674","2189","CWT+DWT","T8","60",1.826,60,"False"
"9675","2190","CWT+DWT","T8","60",1.941,60,"False"
"9676","2191","CWT+DWT","T8","60",1.797,60,"False"
"9677","2193","CWT+DWT","T8","60",2.531,60,"False"
"9678","2194","CWT+DWT","T8","60",1.528,60,"False"
"9679","2220","CWT+DWT","T8","60",2.459,60,"False"
"9680","2222","CWT+DWT","T8","60",0.295,60,"False"
"9681","2223","CWT+DWT","T8","60",2.02,60,"False"
"9682","2224","CWT+DWT","T8","60",0.172,60,"False"
"9683","2225","CWT+DWT","T8","60",1.611,60,"False"
"9684","3595","DWT","T25","60",0.555,60,"False"
"9685","3596","DWT","T25","60",2.091,60,"False"
"9686","3597","DWT","T25","60",0.756,60,"False"
"9687","3598","DWT","T25","60",1.014,60,"False"
"9688","3600","DWT","T25","60",0.431,60,"False"
"9689","3603","DWT","T25","60",0.471,60,"False"
"9690","3604","DWT","T25","60",0.525,60,"False"
"9691","3605","DWT","T25","60",1.565,60,"False"
"9692","3608","DWT","T25","60",0.411,60,"False"
"9693","3611","DWT","T25","60",2.688,60,"False"
"9694","3614","DWT","T25","60",0.952,60,"False"
"9695","3621","DWT","T25","60",1.133,60,"False"
"9696","3622","DWT","T25","60",1.416,60,"False"
"9697","3623","DWT","T25","60",1.85,60,"False"
"9698","3625","DWT","T25","60",2.337,60,"False"
"9699","3626","DWT","T25","60",2.191,60,"False"
"9700","3628","DWT","T25","60",1.04,60,"False"
"9701","3631","DWT","T25","60",0.592,60,"False"
"9702","3632","DWT","T25","60",1.788,60,"False"
"9703","3634","DWT","T25","60",1.985,60,"False"
"9704","3637","DWT","T25","60",2.501,60,"False"
"9705","3638","DWT","T25","60",1.535,60,"False"
"9706","3639","DWT","T25","60",0.501,60,"False"
"9707","3640","DWT","T25","60",2.454,60,"False"
"9708","3641","DWT","T25","60",1.725,60,"False"
"9709","3644","DWT","T25","60",2.321,60,"False"
"9710","3645","DWT","T25","60",1.095,60,"False"
"9711","3656","CWT+DHE","T23","60",0.916,60,"False"
"9712","3660","CWT+DHE","T23","60",0.737,60,"False"
"9713","3662","CWT+DHE","T23","60",0.645,60,"False"
"9714","3663","CWT+DHE","T23","60",1.044,60,"False"
"9715","3664","CWT+DHE","T23","60",1.189,60,"False"
"9716","3666","CWT+DHE","T23","60",1.962,60,"False"
"9717","3667","CWT+DHE","T23","60",0.422,60,"False"
"9718","3668","CWT+DHE","T23","60",0.374,60,"False"
"9719","3669","CWT+DHE","T23","60",0.162,60,"False"
"9720","3670","CWT+DHE","T23","60",0.664,60,"False"
"9721","3673","CWT+DHE","T23","60",0.401,60,"False"
"9722","3674","CWT+DHE","T23","60",0.854,60,"False"
"9723","3677","CWT+DHE","T23","60",0.449,60,"False"
"9724","3680","CWT+DHE","T23","60",1.556,60,"False"
"9725","3682","CWT+DHE","T23","60",0.597,60,"False"
"9726","3683","CWT+DHE","T23","60",1.112,60,"False"
"9727","3684","CWT+DHE","T23","60",0.506,60,"False"
"9728","3685","CWT+DHE","T23","60",1.176,60,"False"
"9729","3686","CWT+DHE","T23","60",0.399,60,"False"
"9730","3689","CWT+DHE","T23","60",0.646,60,"False"
"9731","3690","CWT+DHE","T23","60",0.051,60,"False"
"9732","3691","CWT+DHE","T23","60",0.719,60,"False"
"9733","3692","CWT+DHE","T23","60",1.559,60,"False"
"9734","3693","CWT+DHE","T23","60",1.035,60,"False"
"9735","3697","CWT+DHE","T23","60",1.725,60,"False"
"9736","3698","CWT+DHE","T23","60",0.999,60,"False"
"9737","3700","CWT+DHE","T23","60",0.928,60,"False"
"9738","3709","CWT+DHE","T23","60",0.382,60,"False"
"9739","3710","CWT+DHE","T23","60",0.654,60,"False"
"9740","3711","CWT+DHE","T23","60",0.446,60,"False"
"9741","3712","CWT+DHE","T23","60",0.186,60,"False"
"9742","3713","CWT+DHE","T23","60",0.219,60,"False"
"9743","3714","CWT+DHE","T23","60",0.477,60,"False"
"9744","3718","CWT+DHE","T23","60",0.771,60,"False"
"9745","3726","CWT+DHE","T23","60",0.368,60,"False"
"9746","3728","CWT+DHE","T23","60",0.393,60,"False"
"9747","3729","CWT+DHE","T23","60",0.715,60,"False"
"9748","3730","CWT+DHE","T23","60",0.256,60,"False"
"9749","3731","CWT+DHE","T23","60",0.267,60,"False"
"9750","3732","CWT+DHE","T23","60",0.288,60,"False"
"9751","3737","CWT+DHE","T23","60",0.362,60,"False"
"9752","3738","CWT+DHE","T23","60",1.241,60,"False"
"9753","3745","CWT+DHE","T23","60",0.501,60,"False"
"9754","3746","CWT+DHE","T23","60",1.322,60,"False"
"9755","3750","CWT+DHE","T23","60",1.107,60,"False"
"9756","3752","CWT+DHE","T23","60",1.207,60,"False"
"9757","3753","CWT+DHE","T23","60",0.728,60,"False"
"9758","3756","CWT+DHE","T23","60",1.542,60,"False"
"9759","3757","CWT+DHE","T23","60",1.933,60,"False"
"9760","3758","CWT+DHE","T23","60",0.37,60,"False"
"9761","3765","CWT+DHE","T23","60",0.85,60,"False"
"9762","3772","CWT+DHE","T23","60",0.277,60,"False"
"9763","3780","CWT+DHE","T23","60",1.266,60,"False"
"9764","3787","CWT+DHE","T23","60",1.96,60,"False"
"9765","3789","CWT+DHE","T23","60",1.359,60,"False"
"9766","3790","CWT+DHE","T23","60",1.355,60,"False"
"9767","3799","CWT+DHE","T23","60",1.028,60,"False"
"9768","3806","CWT+DHE","T23","60",0.492,60,"False"
"9769","3808","CWT+DHE","T23","60",0.946,60,"False"
"9770","3809","CWT+DHE","T23","60",0.992,60,"False"
"9771","3810","CWT+DHE","T23","60",1.104,60,"False"
"9772","3815","CWT+DHE","T23","60",1.453,60,"False"
"9773","3816","CWT+DHE","T23","60",0.42,60,"False"
"9774","3817","CWT+DHE","T23","60",0.533,60,"False"
"9775","3819","CWT+DHE","T23","60",1.735,60,"False"
"9776","3834","CWT+DHE","T23","60",1.883,60,"False"
"9777","3835","CWT+DHE","T23","60",1.686,60,"False"
"9778","3840","CWT+DHE","T23","60",1.257,60,"False"
"9779","3843","CWT+DHE","T23","60",1.336,60,"False"
"9780","3854","CWT+DHE","T23","60",1.367,60,"False"
"9781","3855","CWT+DHE","T23","60",0.218,60,"False"
"9782","3856","CWT+DHE","T23","60",1.291,60,"False"
"9783","3857","CWT+DHE","T23","60",0.492,60,"False"
"9784","3858","CWT+DHE","T23","60",0.839,60,"False"
"9785","3859","CWT+DHE","T23","60",1.943,60,"False"
"9786","3862","CWT+DHE","T23","60",0.987,60,"False"
"9787","3863","CWT+DHE","T23","60",1.116,60,"False"
"9788","3865","CWT+DHE","T23","60",0.185,60,"False"
"9789","3866","CWT+DHE","T23","60",0.939,60,"False"
"9790","3896","CHE","T30","60",0.728,60,"False"
"9791","3903","CHE","T30","60",0.87,60,"False"
"9792","3904","CHE","T30","60",0.183,60,"False"
"9793","3912","CHE","T30","60",0.124,60,"False"
"9794","3915","CHE","T30","60",1.044,60,"False"
"9795","3917","CHE","T30","60",0.713,60,"False"
"9796","3920","CHE","T30","60",0.794,60,"False"
"9797","3921","CHE","T30","60",0.148,60,"False"
"9798","3922","CHE","T30","60",0.115,60,"False"
"9799","3923","CHE","T30","60",0.439,60,"False"
"9800","3924","CHE","T30","60",0.216,60,"False"
"9801","3928","CHE","T30","60",0.457,60,"False"
"9802","3929","CHE","T30","60",0.717,60,"False"
"9803","3937","CHE","T30","60",0.068,60,"False"
"9804","3938","CHE","T30","60",0.741,60,"False"
"9805","3940","CHE","T30","60",0.147,60,"False"
"9806","3941","CHE","T30","60",0.257,60,"False"
"9807","3942","CHE","T30","60",0.463,60,"False"
"9808","3945","CHE","T30","60",0.511,60,"False"
"9809","3946","CHE","T30","60",0.353,60,"False"
"9810","3953","CHE","T30","60",0.058,60,"False"
"9811","31","CWT+DHE","T1","67",0.422,67,"False"
"9812","52","CWT+DHE","T1","67",1.635,67,"False"
"9813","53","CWT+DHE","T1","67",2.7,67,"False"
"9814","65","CWT+DHE","T1","67",0.366,67,"False"
"9815","78","CWT+DHE","T1","67",0.561,67,"False"
"9816","79","CWT+DHE","T1","67",0.468,67,"False"
"9817","80","CWT+DHE","T1","67",0.563,67,"False"
"9818","81","CWT+DHE","T1","67",1.497,67,"False"
"9819","117","CWT+DHE","T1","67",0.88,67,"False"
"9820","132","CWT+DHE","T1","67",2.99,67,"False"
"9821","137","CWT+DHE","T1","67",2.372,67,"False"
"9822","156","CWT+DHE","T1","67",2.246,67,"False"
"9823","157","CWT+DHE","T1","67",1.357,67,"False"
"9824","1000","CWT+DHE","T1","67",1.321,67,"True"
"9825","164","CWT","T2","67",1.316,67,"False"
"9826","165a","CWT","T2","67",0.834,67,"False"
"9827","165b","CWT","T2","67",0.795,67,"False"
"9828","168","CWT","T2","67",0.525,67,"False"
"9829","183","CWT","T2","67",0.438,67,"False"
"9830","187","CWT","T2","67",0.45,67,"False"
"9831","222","CWT","T2","67",0.259,67,"False"
"9832","250","CWT","T2","67",0.958,67,"False"
"9833","1029","CWT","T2","67",0.772,67,"False"
"9834","1033","CWT","T2","67",1.289,67,"False"
"9835","1034","CWT","T2","67",0.585,67,"False"
"9836","1035","CWT","T2","67",0.902,67,"False"
"9837","1038","CWT","T2","67",0.223,67,"False"
"9838","1040","CWT","T2","67",0.57,67,"False"
"9839","1042","CWT","T2","67",0.193,67,"False"
"9840","1045","CWT","T2","67",0.377,67,"False"
"9841","1049","CWT","T2","67",0.228,67,"True"
"9842","1051","CWT","T2","67",0.834,67,"False"
"9843","1052","CWT","T2","67",0.406,67,"True"
"9844","1054","CWT","T2","67",0.418,67,"True"
"9845","709","DHE","T3","67",0.568,67,"False"
"9846","766","DHE","T3","67",0.357,67,"False"
"9847","1056","DHE","T3","67",0.771,67,"False"
"9848","1057","DHE","T3","67",0.777,67,"False"
"9849","1058","DHE","T3","67",1.463,67,"False"
"9850","1059","DHE","T3","67",0.815,67,"True"
"9851","1060","DHE","T3","67",1.258,67,"False"
"9852","1061","DHE","T3","67",1.292,67,"False"
"9853","1062","DHE","T3","67",1.055,67,"False"
"9854","1063","DHE","T3","67",0.32,67,"False"
"9855","1065","DHE","T3","67",1.754,67,"False"
"9856","1067","DHE","T3","67",1.524,67,"False"
"9857","1068","DHE","T3","67",1.071,67,"False"
"9858","1069","DHE","T3","67",0.636,67,"False"
"9859","1070","DHE","T3","67",4.632,67,"True"
"9860","1072","DHE","T3","67",0.644,67,"False"
"9861","1073","DHE","T3","67",3.208,67,"False"
"9862","1075","DHE","T3","67",3.028,67,"False"
"9863","1077","DHE","T3","67",1.774,67,"False"
"9864","1078","DHE","T3","67",0.744,67,"False"
"9865","1079","DHE","T3","67",2.071,67,"False"
"9866","1080","DHE","T3","67",0.948,67,"False"
"9867","1083","DHE","T3","67",1.516,67,"False"
"9868","1084","DHE","T3","67",2.925,67,"False"
"9869","1085","DHE","T3","67",2.07,67,"False"
"9870","1086","DHE","T3","67",0.965,67,"False"
"9871","1087","DHE","T3","67",2.777,67,"False"
"9872","1088","DHE","T3","67",0.493,67,"True"
"9873","1091","DHE","T3","67",0.762,67,"False"
"9874","1092","DHE","T3","67",1.199,67,"False"
"9875","160","CWT","T4","67",1.6,67,"False"
"9876","161","CWT","T4","67",1.076,67,"False"
"9877","163","CWT","T4","67",0.175,67,"False"
"9878","166","CWT","T4","67",0.774,67,"False"
"9879","170","CWT","T4","67",0.135,67,"False"
"9880","171","CWT","T4","67",0.685,67,"False"
"9881","178","CWT","T4","67",1.398,67,"False"
"9882","179","CWT","T4","67",0.877,67,"False"
"9883","180","CWT","T4","67",0.698,67,"False"
"9884","186","CWT","T4","67",0.395,67,"False"
"9885","189","CWT","T4","67",1.715,67,"False"
"9886","193","CWT","T4","67",0.593,67,"False"
"9887","194","CWT","T4","67",0.611,67,"False"
"9888","197","CWT","T4","67",1.214,67,"False"
"9889","198","CWT","T4","67",1.273,67,"False"
"9890","199","CWT","T4","67",0.536,67,"False"
"9891","200","CWT","T4","67",0.408,67,"False"
"9892","201","CWT","T4","67",0.403,67,"False"
"9893","202","CWT","T4","67",0.341,67,"False"
"9894","203","CWT","T4","67",0.253,67,"False"
"9895","205","CWT","T4","67",0.94,67,"False"
"9896","206","CWT","T4","67",0.387,67,"False"
"9897","212","CWT","T4","67",1.51,67,"False"
"9898","213","CWT","T4","67",0.684,67,"False"
"9899","214","CWT","T4","67",0.151,67,"False"
"9900","220","CWT","T4","67",0.705,67,"False"
"9901","221","CWT","T4","67",0.86,67,"False"
"9902","223","CWT","T4","67",0.848,67,"False"
"9903","225","CWT","T4","67",0.867,67,"False"
"9904","226","CWT","T4","67",0.688,67,"False"
"9905","227","CWT","T4","67",0.863,67,"False"
"9906","228","CWT","T4","67",0.881,67,"False"
"9907","229","CWT","T4","67",1.556,67,"False"
"9908","230","CWT","T4","67",0.697,67,"False"
"9909","231","CWT","T4","67",0.384,67,"False"
"9910","232","CWT","T4","67",1.099,67,"False"
"9911","233","CWT","T4","67",0.294,67,"False"
"9912","236","CWT","T4","67",0.709,67,"False"
"9913","237","CWT","T4","67",0.818,67,"False"
"9914","238","CWT","T4","67",0.36,67,"False"
"9915","241","CWT","T4","67",1.744,67,"False"
"9916","242","CWT","T4","67",1.726,67,"False"
"9917","246","CWT","T4","67",0.821,67,"False"
"9918","247","CWT","T4","67",0.973,67,"False"
"9919","248","CWT","T4","67",1.523,67,"False"
"9920","255","CWT","T4","67",0.218,67,"False"
"9921","256","CWT","T4","67",1.552,67,"False"
"9922","262","CWT","T4","67",1.031,67,"False"
"9923","263","CWT","T4","67",0.631,67,"False"
"9924","267","CWT","T4","67",0.219,67,"False"
"9925","268","CWT","T4","67",0.765,67,"False"
"9926","272","CWT","T4","67",2.034,67,"False"
"9927","276","CWT","T4","67",1.204,67,"False"
"9928","278","CWT","T4","67",0.225,67,"False"
"9929","1114","CWT","T4","67",0.158,67,"True"
"9930","1115","CWT","T4","67",0.383,67,"True"
"9931","1118","CWT","T4","67",0.281,67,"False"
"9932","1120","CWT","T4","67",0.859,67,"False"
"9933","1134","CWT","T4","67",0.541,67,"True"
"9934","1151","CWT","T4","67",0.189,67,"False"
"9935","1153","CWT","T4","67",1.216,67,"True"
"9936","1154","CWT","T4","67",0.986,67,"True"
"9937","1155","CWT","T4","67",0.373,67,"False"
"9938","1157","CWT","T4","67",0.918,67,"True"
"9939","1160","CWT","T4","67",0.208,67,"True"
"9940","1167","CWT","T4","67",0.463,67,"False"
"9941","1183","CHE+DWT","T5","67",1.779,67,"False"
"9942","1188","CHE+DWT","T5","67",0.65,67,"False"
"9943","1190","CHE+DWT","T5","67",1.357,67,"False"
"9944","1192","CHE+DWT","T5","67",1.922,67,"False"
"9945","1195","CHE+DWT","T5","67",1.706,67,"False"
"9946","1196","CHE+DWT","T5","67",2.13,67,"False"
"9947","1199","CHE+DWT","T5","67",3.547,67,"False"
"9948","1200","CHE+DWT","T5","67",1.732,67,"False"
"9949","1201","CHE+DWT","T5","67",1.868,67,"False"
"9950","1204","CHE+DWT","T5","67",1.285,67,"False"
"9951","1208","CHE+DWT","T5","67",0.707,67,"False"
"9952","1209","CHE+DWT","T5","67",0.179,67,"False"
"9953","1210","CHE+DWT","T5","67",0.398,67,"False"
"9954","1213","CHE+DWT","T5","67",0.816,67,"False"
"9955","1223","CHE+DWT","T5","67",0.688,67,"False"
"9956","1225","CHE+DWT","T5","67",0.758,67,"False"
"9957","1229","CHE+DWT","T5","67",1.078,67,"False"
"9958","1231","CHE+DWT","T5","67",1.035,67,"False"
"9959","1232","CHE+DWT","T5","67",0.258,67,"False"
"9960","1233","CHE+DWT","T5","67",0.719,67,"False"
"9961","1234","CHE+DWT","T5","67",0.443,67,"False"
"9962","1237","CHE+DWT","T5","67",0.876,67,"False"
"9963","1240","CHE+DWT","T5","67",0.971,67,"False"
"9964","1242","CHE+DWT","T5","67",0.821,67,"False"
"9965","1245","CHE+DWT","T5","67",0.567,67,"False"
"9966","1246","CHE+DWT","T5","67",0.681,67,"False"
"9967","1250","CHE+DWT","T5","67",0.178,67,"False"
"9968","1251","CHE+DWT","T5","67",0.667,67,"True"
"9969","1252","CHE+DWT","T5","67",0.89,67,"True"
"9970","1254","CHE+DWT","T5","67",0.882,67,"False"
"9971","1261","CHE+DWT","T5","67",2.089,67,"False"
"9972","1263","CHE+DWT","T5","67",0.767,67,"False"
"9973","1266","CHE+DWT","T5","67",0.308,67,"False"
"9974","1270","CHE+DWT","T5","67",0.31,67,"False"
"9975","1272","CHE+DWT","T5","67",0.857,67,"False"
"9976","1303","CHE+DWT","T5","67",1.408,67,"False"
"9977","1309","CHE","T7","67",0.808,67,"False"
"9978","1310","CHE","T7","67",2.29,67,"False"
"9979","1311","CHE","T7","67",1.692,67,"False"
"9980","1316","CHE","T7","67",0.776,67,"False"
"9981","1318","CHE","T7","67",1.755,67,"False"
"9982","1320","CHE","T7","67",0.452,67,"False"
"9983","1322","CHE","T7","67",1.572,67,"False"
"9984","1326","CHE","T7","67",1.02,67,"False"
"9985","1327","CHE","T7","67",0.845,67,"False"
"9986","1331","CHE","T7","67",2.146,67,"False"
"9987","1333","CHE","T7","67",2.533,67,"False"
"9988","1334","CHE","T7","67",1.193,67,"False"
"9989","1337","CHE","T7","67",0.473,67,"False"
"9990","1338","CHE","T7","67",2.326,67,"False"
"9991","1341","CHE","T7","67",0.547,67,"False"
"9992","1342","CHE","T7","67",0.285,67,"False"
"9993","1343","CHE","T7","67",0.358,67,"False"
"9994","1344","CHE","T7","67",0.983,67,"False"
"9995","1345","CHE","T7","67",0.543,67,"False"
"9996","1347","CHE","T7","67",0.429,67,"False"
"9997","1348","CHE","T7","67",0.82,67,"False"
"9998","1349","CHE","T7","67",0.75,67,"False"
"9999","1350","CHE","T7","67",0.165,67,"False"
"10000","1351","CHE","T7","67",0.285,67,"False"
"10001","1424","CWT+DHE","T11","67",0.983,67,"False"
"10002","1425","CWT+DHE","T11","67",1.29,67,"False"
"10003","1426","CWT+DHE","T11","67",1.512,67,"False"
"10004","1427","CWT+DHE","T11","67",1.863,67,"False"
"10005","1429","CWT+DHE","T11","67",0.815,67,"False"
"10006","1430","CWT+DHE","T11","67",1.286,67,"False"
"10007","1431","CWT+DHE","T11","67",0.878,67,"False"
"10008","1432","CWT+DHE","T11","67",0.459,67,"False"
"10009","1434","CWT+DHE","T11","67",1.471,67,"False"
"10010","1435","CWT+DHE","T11","67",2.225,67,"False"
"10011","1436","CWT+DHE","T11","67",0.811,67,"False"
"10012","1437","CWT+DHE","T11","67",1.577,67,"False"
"10013","1441","CWT+DHE","T11","67",3.032,67,"False"
"10014","1442","CWT+DHE","T11","67",3.213,67,"False"
"10015","1443","CWT+DHE","T11","67",0.924,67,"False"
"10016","1445","CWT+DHE","T11","67",1.217,67,"False"
"10017","1446","CWT+DHE","T11","67",1.805,67,"False"
"10018","1447","CWT+DHE","T11","67",3.148,67,"False"
"10019","1449","CWT+DHE","T11","67",1.546,67,"False"
"10020","1450","CWT+DHE","T11","67",1.792,67,"False"
"10021","1451","CWT+DHE","T11","67",0.464,67,"True"
"10022","1455","CWT+DHE","T11","67",1.259,67,"False"
"10023","1459","CWT+DHE","T11","67",0.469,67,"False"
"10024","1465","CWT+DHE","T11","67",0.22,67,"False"
"10025","1475","CWT+DHE","T11","67",3.007,67,"False"
"10026","1482","CWT+DHE","T11","67",0.179,67,"False"
"10027","1484","CWT+DHE","T11","67",0.296,67,"False"
"10028","1495","CWT+DHE","T11","67",0.423,67,"False"
"10029","1496","CWT+DHE","T11","67",0.566,67,"False"
"10030","1497","CWT+DHE","T11","67",0.921,67,"False"
"10031","1498","CWT+DHE","T11","67",1.007,67,"False"
"10032","1499","CWT+DHE","T11","67",1.284,67,"False"
"10033","1503","CWT+DHE","T11","67",0.169,67,"False"
"10034","1504","CWT+DHE","T11","67",2.9,67,"False"
"10035","1506","CWT+DHE","T11","67",0.658,67,"False"
"10036","1507","CWT+DHE","T11","67",0.852,67,"False"
"10037","1508","CWT+DHE","T11","67",0.459,67,"True"
"10038","1511","CWT+DHE","T11","67",0.639,67,"True"
"10039","1513","CWT+DHE","T11","67",1.444,67,"False"
"10040","1515","CWT+DHE","T11","67",0.909,67,"False"
"10041","1516","CWT+DHE","T11","67",0.273,67,"False"
"10042","1517","CWT+DHE","T11","67",1.236,67,"False"
"10043","1518","CWT+DHE","T11","67",1.323,67,"False"
"10044","1519","CWT+DHE","T11","67",0.507,67,"False"
"10045","1520","CWT+DHE","T11","67",0.311,67,"False"
"10046","1521","CWT+DHE","T11","67",0.441,67,"False"
"10047","1531","CWT+DHE","T11","67",1.659,67,"False"
"10048","1536","CHE+DHE","T6","67",2.466,67,"False"
"10049","1539","CHE+DHE","T6","67",0.925,67,"False"
"10050","1540","CHE+DHE","T6","67",2.468,67,"False"
"10051","1541","CHE+DHE","T6","67",0.516,67,"False"
"10052","1544","CHE+DHE","T6","67",0.853,67,"False"
"10053","1553","CHE+DHE","T6","67",0.611,67,"False"
"10054","1554","CHE+DHE","T6","67",1.448,67,"False"
"10055","1556","CHE+DHE","T6","67",3.312,67,"False"
"10056","1562","CHE+DHE","T6","67",0.67,67,"False"
"10057","1590","CHE+DHE","T6","67",0.602,67,"False"
"10058","1603","CHE+DHE","T6","67",2.328,67,"False"
"10059","1605","CHE+DHE","T6","67",1.243,67,"False"
"10060","1606","CHE+DHE","T6","67",1.013,67,"False"
"10061","1607","CHE+DHE","T6","67",0.817,67,"False"
"10062","1636","CHE+DHE","T6","67",2.05,67,"False"
"10063","1637","CHE+DHE","T6","67",1.958,67,"False"
"10064","1640","CHE+DHE","T6","67",1.672,67,"False"
"10065","1641","CHE+DHE","T6","67",1.706,67,"False"
"10066","1647","CHE+DHE","T6","67",1.135,67,"False"
"10067","1655","CHE+DHE","T6","67",0.937,67,"False"
"10068","1660","CHE+DHE","T6","67",1.714,67,"False"
"10069","1661","CHE+DHE","T6","67",2.325,67,"False"
"10070","1662","CHE+DHE","T6","67",1.881,67,"False"
"10071","1664","CHE+DHE","T6","67",0.97,67,"False"
"10072","1665","CHE+DHE","T6","67",2.861,67,"False"
"10073","1672","CHE+DHE","T6","67",0.064,67,"False"
"10074","1355","DHE","T9","67",0.824,67,"False"
"10075","1356","DHE","T9","67",1.568,67,"False"
"10076","1357","DHE","T9","67",1.807,67,"False"
"10077","1363","DHE","T9","67",0.827,67,"False"
"10078","1376","DHE","T9","67",0.646,67,"False"
"10079","1377","DHE","T9","67",0.312,67,"False"
"10080","1380","DHE","T9","67",0.872,67,"False"
"10081","1383","DHE","T9","67",1.048,67,"False"
"10082","1384","DHE","T9","67",0.256,67,"False"
"10083","1385","DHE","T9","67",0.747,67,"False"
"10084","1386","DHE","T9","67",0.548,67,"True"
"10085","1392","DHE","T9","67",1.005,67,"False"
"10086","1394","DHE","T9","67",0.259,67,"True"
"10087","1397","DHE","T9","67",0.719,67,"False"
"10088","1398","DHE","T9","67",0.672,67,"False"
"10089","1399","DHE","T9","67",0.94,67,"False"
"10090","1400","DHE","T9","67",0.12,67,"False"
"10091","1401","DHE","T9","67",0.309,67,"False"
"10092","1404","DHE","T9","67",0.775,67,"False"
"10093","1405","DHE","T9","67",0.986,67,"False"
"10094","1406","DHE","T9","67",0.11,67,"False"
"10095","1407","DHE","T9","67",0.974,67,"False"
"10096","1408","DHE","T9","67",0.187,67,"False"
"10097","1410","DHE","T9","67",0.614,67,"False"
"10098","1411","DHE","T9","67",0.066,67,"True"
"10099","1412","DHE","T9","67",0.502,67,"False"
"10100","1414","DHE","T9","67",0.441,67,"False"
"10101","1415","DHE","T9","67",0.071,67,"False"
"10102","1416","DHE","T9","67",0.274,67,"False"
"10103","1420","DHE","T9","67",0.141,67,"False"
"10104","1421","DHE","T9","67",0.399,67,"True"
"10105","1926","CHE+DWT","T12","67",2.028,67,"False"
"10106","1927","CHE+DWT","T12","67",1.538,67,"False"
"10107","1928","CHE+DWT","T12","67",2.091,67,"False"
"10108","1929","CHE+DWT","T12","67",0.972,67,"False"
"10109","1933","CHE+DWT","T12","67",1.461,67,"False"
"10110","1937","CHE+DWT","T12","67",1.687,67,"False"
"10111","1940","CHE+DWT","T12","67",0.971,67,"False"
"10112","1943","CHE+DWT","T12","67",0.254,67,"False"
"10113","1950","CHE+DWT","T12","67",0.549,67,"False"
"10114","1956","CHE+DWT","T12","67",1.439,67,"False"
"10115","1970","CHE+DWT","T12","67",2.488,67,"False"
"10116","1971","CHE+DWT","T12","67",0.717,67,"True"
"10117","1986","CHE+DWT","T12","67",0.311,67,"True"
"10118","1615","CHE+DHE","T14","67",0.99,67,"False"
"10119","1616","CHE+DHE","T14","67",0.352,67,"False"
"10120","1633","CHE+DHE","T14","67",0.319,67,"False"
"10121","1761","CHE+DHE","T14","67",1.065,67,"False"
"10122","1763","CHE+DHE","T14","67",1.562,67,"False"
"10123","1764","CHE+DHE","T14","67",1.125,67,"False"
"10124","1767","CHE+DHE","T14","67",1.425,67,"False"
"10125","1771","CHE+DHE","T14","67",1.941,67,"False"
"10126","1774","CHE+DHE","T14","67",1.264,67,"False"
"10127","1777","CHE+DHE","T14","67",1.704,67,"False"
"10128","1780","CHE+DHE","T14","67",1.021,67,"False"
"10129","1806","CHE+DHE","T14","67",0.805,67,"False"
"10130","1810","CHE+DHE","T14","67",0.536,67,"False"
"10131","1814","CHE+DHE","T14","67",1.106,67,"False"
"10132","1825","CHE+DHE","T14","67",0.787,67,"False"
"10133","1827","CHE+DHE","T14","67",1.452,67,"False"
"10134","1839","CHE+DHE","T14","67",0.213,67,"False"
"10135","1840","CHE+DHE","T14","67",1.632,67,"False"
"10136","1841","CHE+DHE","T14","67",1.439,67,"False"
"10137","1848","CHE+DHE","T14","67",2.013,67,"False"
"10138","1849","CHE+DHE","T14","67",0.599,67,"False"
"10139","1850","CHE+DHE","T14","67",1.323,67,"False"
"10140","1851","CHE+DHE","T14","67",0.871,67,"False"
"10141","1854","CHE+DHE","T14","67",0.865,67,"False"
"10142","1855","CHE+DHE","T14","67",1.573,67,"False"
"10143","1856","CHE+DHE","T14","67",3.175,67,"False"
"10144","1857","CHE+DHE","T14","67",1.193,67,"False"
"10145","1858","CHE+DHE","T14","67",1.406,67,"False"
"10146","1859","CHE+DHE","T14","67",1.819,67,"False"
"10147","1860","CHE+DHE","T14","67",0.256,67,"False"
"10148","1861","CHE+DHE","T14","67",2.663,67,"False"
"10149","1862","CHE+DHE","T14","67",1.637,67,"False"
"10150","1863","CHE+DHE","T14","67",1.387,67,"False"
"10151","1864","CHE+DHE","T14","67",1.563,67,"False"
"10152","1866","CHE+DHE","T14","67",1.292,67,"False"
"10153","1873","CHE+DHE","T14","67",0.76,67,"False"
"10154","1876","CHE+DHE","T14","67",1.543,67,"False"
"10155","1878","CHE+DHE","T14","67",0.938,67,"False"
"10156","1879","CHE+DHE","T14","67",1.679,67,"False"
"10157","1880","CHE+DHE","T14","67",1.481,67,"False"
"10158","1884","CHE+DHE","T14","67",0.614,67,"False"
"10159","1887","CHE+DHE","T14","67",1.768,67,"False"
"10160","1888","CHE+DHE","T14","67",0.501,67,"False"
"10161","1889","CHE+DHE","T14","67",1.309,67,"False"
"10162","1894","CHE+DHE","T14","67",1.546,67,"False"
"10163","1896","CHE+DHE","T14","67",1.264,67,"False"
"10164","1897","CHE+DHE","T14","67",0.215,67,"True"
"10165","1898","CHE+DHE","T14","67",1.77,67,"False"
"10166","1899","CHE+DHE","T14","67",0.896,67,"False"
"10167","1901","CHE+DHE","T14","67",0.727,67,"False"
"10168","1904","CHE+DHE","T14","67",1.742,67,"False"
"10169","1905","CHE+DHE","T14","67",2.054,67,"False"
"10170","1906","CHE+DHE","T14","67",3.164,67,"False"
"10171","1907","CHE+DHE","T14","67",2,67,"False"
"10172","1908","CHE+DHE","T14","67",1.457,67,"False"
"10173","1910","CHE+DHE","T14","67",2.088,67,"False"
"10174","1911","CHE+DHE","T14","67",1.178,67,"False"
"10175","1912","CHE+DHE","T14","67",1.186,67,"False"
"10176","1915","CHE+DHE","T14","67",1.501,67,"False"
"10177","1921","CHE+DHE","T14","67",1.009,67,"False"
"10178","1924","CHE+DHE","T14","67",0.713,67,"False"
"10179","1925","CHE+DHE","T14","67",1.037,67,"False"
"10180","2058","CHE+DHE","T14","67",0.352,67,"True"
"10181","2059","CHE+DHE","T14","67",0.516,67,"False"
"10182","2093","CWT+DHE","T15","67",1.163,67,"False"
"10183","2094","CWT+DHE","T15","67",1.774,67,"False"
"10184","2095","CWT+DHE","T15","67",1.065,67,"False"
"10185","2096","CWT+DHE","T15","67",1.254,67,"False"
"10186","2098","CWT+DHE","T15","67",2.003,67,"False"
"10187","2104","CWT+DHE","T15","67",0.625,67,"False"
"10188","2108","CWT+DHE","T15","67",0.972,67,"False"
"10189","2113","CWT+DHE","T15","67",0.752,67,"False"
"10190","2115","CWT+DHE","T15","67",0.794,67,"False"
"10191","2116","CWT+DHE","T15","67",0.403,67,"False"
"10192","1991","CWT+DWT","T13","67",1.569,67,"False"
"10193","1992","CWT+DWT","T13","67",1.888,67,"False"
"10194","1993","CWT+DWT","T13","67",1.695,67,"False"
"10195","1998","CWT+DWT","T13","67",3.911,67,"False"
"10196","1999","CWT+DWT","T13","67",3.565,67,"False"
"10197","2000","CWT+DWT","T13","67",3.894,67,"False"
"10198","2003","CWT+DWT","T13","67",0.397,67,"False"
"10199","2005","CWT+DWT","T13","67",3.52,67,"False"
"10200","2006","CWT+DWT","T13","67",2.442,67,"False"
"10201","2008","CWT+DWT","T13","67",1.22,67,"False"
"10202","2009","CWT+DWT","T13","67",1.497,67,"False"
"10203","2010","CWT+DWT","T13","67",2.821,67,"False"
"10204","2012","CWT+DWT","T13","67",2.253,67,"False"
"10205","2013","CWT+DWT","T13","67",1.911,67,"False"
"10206","2014","CWT+DWT","T13","67",2.106,67,"False"
"10207","2022","CWT+DWT","T13","67",1.204,67,"False"
"10208","2023","CWT+DWT","T13","67",2.367,67,"False"
"10209","2024","CWT+DWT","T13","67",0.533,67,"False"
"10210","2025","CWT+DWT","T13","67",0.924,67,"False"
"10211","2026","CWT+DWT","T13","67",4.463,67,"False"
"10212","2027","CWT+DWT","T13","67",1.235,67,"False"
"10213","2031","CWT+DWT","T13","67",1.717,67,"False"
"10214","2032","CWT+DWT","T13","67",2.063,67,"False"
"10215","2033","CWT+DWT","T13","67",7.64,67,"False"
"10216","2035","CWT+DWT","T13","67",1.411,67,"False"
"10217","2038","CWT+DWT","T13","67",0.556,67,"False"
"10218","2039","CWT+DWT","T13","67",3.164,67,"False"
"10219","2042","CWT+DWT","T13","67",1.516,67,"False"
"10220","2043","CWT+DWT","T13","67",1.623,67,"False"
"10221","2044","CWT+DWT","T13","67",2.614,67,"False"
"10222","2046","CWT+DWT","T13","67",1.151,67,"False"
"10223","2047","CWT+DWT","T13","67",1.622,67,"False"
"10224","2048","CWT+DWT","T13","67",0.987,67,"False"
"10225","2051","CWT+DWT","T13","67",0.358,67,"False"
"10226","2053","CWT+DWT","T13","67",0.282,67,"False"
"10227","2054","CWT+DWT","T13","67",1.838,67,"False"
"10228","2055","CWT+DWT","T13","67",0.947,67,"False"
"10229","2080","CWT+DWT","T13","67",0.551,67,"False"
"10230","2081","CWT+DWT","T13","67",0.13,67,"False"
"10231","2259","CWT","T16","67",0.255,67,"False"
"10232","2262","CWT","T16","67",0.233,67,"False"
"10233","2263","CWT","T16","67",0.655,67,"False"
"10234","2264","CWT","T16","67",1.445,67,"False"
"10235","2267","CWT","T16","67",0.434,67,"False"
"10236","2269","CWT","T16","67",0.298,67,"False"
"10237","2272","CWT","T16","67",0.88,67,"False"
"10238","2274","CWT","T16","67",0.906,67,"False"
"10239","2281","CWT","T16","67",1.011,67,"False"
"10240","2283","CWT","T16","67",0.979,67,"False"
"10241","2284","CWT","T16","67",0.649,67,"False"
"10242","2293","CWT","T16","67",0.919,67,"False"
"10243","2294","CWT","T16","67",0.297,67,"False"
"10244","2298","CWT","T16","67",0.341,67,"False"
"10245","2299","CWT","T16","67",0.406,67,"False"
"10246","2300","CWT","T16","67",0.496,67,"False"
"10247","2306","CWT","T16","67",0.636,67,"False"
"10248","2308","CWT","T16","67",0.351,67,"False"
"10249","2311","CWT","T16","67",0.274,67,"False"
"10250","2315","CWT","T16","67",1.129,67,"False"
"10251","2317","CWT","T16","67",1.057,67,"False"
"10252","2318","CWT","T16","67",0.262,67,"False"
"10253","2319","CWT","T16","67",0.337,67,"False"
"10254","2320","CWT","T16","67",0.12,67,"False"
"10255","2321","CWT","T16","67",0.467,67,"False"
"10256","2322","CWT","T16","67",0.133,67,"False"
"10257","2323","CWT","T16","67",0.052,67,"False"
"10258","2324","CWT","T16","67",0.36,67,"False"
"10259","2325","CWT","T16","67",0.516,67,"False"
"10260","2326","CWT","T16","67",0.63,67,"False"
"10261","2330","CWT","T16","67",0.423,67,"False"
"10262","2343","CWT","T16","67",0.277,67,"False"
"10263","2345","CWT","T16","67",0.175,67,"False"
"10264","2347","CWT","T16","67",0.522,67,"False"
"10265","2348","CWT","T16","67",0.447,67,"False"
"10266","2350","CWT","T16","67",0.395,67,"False"
"10267","2351","CWT","T16","67",0.445,67,"False"
"10268","2352","CWT","T16","67",0.295,67,"False"
"10269","2353","CWT","T16","67",0.591,67,"False"
"10270","2355","CWT","T16","67",0.894,67,"False"
"10271","2356","CWT","T16","67",0.571,67,"False"
"10272","2357","CWT","T16","67",0.53,67,"False"
"10273","2361","CWT","T16","67",0.701,67,"False"
"10274","2362","CWT","T16","67",0.842,67,"False"
"10275","2364","CWT","T16","67",0.441,67,"False"
"10276","2365","CWT","T16","67",0.733,67,"False"
"10277","2368","CWT","T16","67",0.28,67,"False"
"10278","2369","CWT","T16","67",0.135,67,"False"
"10279","2370","CWT","T16","67",0.471,67,"False"
"10280","2372","CWT","T16","67",0.324,67,"False"
"10281","2374","CWT","T16","67",0.829,67,"False"
"10282","2376","CWT","T16","67",0.613,67,"False"
"10283","2380","CWT","T16","67",0.212,67,"False"
"10284","2514","CHE","T22","67",1.302,67,"False"
"10285","2515","CHE","T22","67",1.271,67,"False"
"10286","2516","CHE","T22","67",0.614,67,"False"
"10287","2520","CHE","T22","67",0.185,67,"False"
"10288","2526","CHE","T22","67",1.009,67,"False"
"10289","2527","CHE","T22","67",0.542,67,"False"
"10290","2529","CHE","T22","67",0.286,67,"False"
"10291","2531","CHE","T22","67",0.204,67,"True"
"10292","2532","CHE","T22","67",0.485,67,"False"
"10293","2533","CHE","T22","67",0.486,67,"False"
"10294","2534","CHE","T22","67",0.442,67,"False"
"10295","2538","CHE","T22","67",0.463,67,"False"
"10296","2539","CHE","T22","67",0.338,67,"False"
"10297","2543","CHE","T22","67",0.197,67,"False"
"10298","2544","CHE","T22","67",1.065,67,"False"
"10299","2547","CHE","T22","67",0.696,67,"False"
"10300","2550","CHE","T22","67",0.811,67,"False"
"10301","2558","CHE","T22","67",0.649,67,"False"
"10302","2561","CHE","T22","67",0.926,67,"False"
"10303","2564","CHE","T22","67",0.241,67,"False"
"10304","2566","CHE","T22","67",1.128,67,"False"
"10305","2567","CHE","T22","67",1.484,67,"False"
"10306","2568","CHE","T22","67",1.246,67,"False"
"10307","2569","CHE","T22","67",1.154,67,"False"
"10308","2576","CHE","T22","67",0.331,67,"False"
"10309","2580","CHE","T22","67",0.685,67,"False"
"10310","2584","CHE","T22","67",0.21,67,"False"
"10311","2585","CHE","T22","67",0.186,67,"False"
"10312","2586","CHE","T22","67",1.1,67,"False"
"10313","2588","CHE","T22","67",0.67,67,"False"
"10314","2592","CHE","T22","67",0.835,67,"False"
"10315","2593","CHE","T22","67",0.908,67,"False"
"10316","2603","CHE","T22","67",0.579,67,"True"
"10317","2608","CHE","T22","67",0.555,67,"False"
"10318","2385","DWT","T17","67",1.442,67,"False"
"10319","2386","DWT","T17","67",1.823,67,"False"
"10320","2387","DWT","T17","67",1.911,67,"False"
"10321","2389","DWT","T17","67",1.23,67,"False"
"10322","2390","DWT","T17","67",1.242,67,"False"
"10323","2396","DWT","T17","67",1.459,67,"False"
"10324","2397","DWT","T17","67",2.589,67,"False"
"10325","2398","DWT","T17","67",1.568,67,"True"
"10326","2401","DWT","T17","67",1.407,67,"False"
"10327","2402","DWT","T17","67",1.366,67,"False"
"10328","2404","DWT","T17","67",0.731,67,"False"
"10329","2405","DWT","T17","67",2.117,67,"False"
"10330","2406","DWT","T17","67",0.363,67,"False"
"10331","2408","DWT","T17","67",1.611,67,"False"
"10332","2409","DWT","T17","67",1.126,67,"False"
"10333","2410","DWT","T17","67",0.663,67,"False"
"10334","2412","DWT","T17","67",1.092,67,"False"
"10335","2413","DWT","T17","67",1.373,67,"False"
"10336","2426","DWT","T17","67",0.164,67,"False"
"10337","2430","DWT","T17","67",1.136,67,"False"
"10338","2433","DWT","T17","67",0.837,67,"False"
"10339","2435","DWT","T17","67",0.222,67,"True"
"10340","2438","DWT","T17","67",1.165,67,"False"
"10341","2442","DWT","T17","67",2.013,67,"False"
"10342","2445","DWT","T17","67",1.776,67,"False"
"10343","2446","DWT","T17","67",1.67,67,"False"
"10344","2449","DWT","T17","67",1.913,67,"False"
"10345","2461","DWT","T17","67",0.729,67,"False"
"10346","2463","DWT","T17","67",0.774,67,"False"
"10347","2464","DWT","T17","67",1.415,67,"False"
"10348","2483","DWT","T17","67",1.121,67,"False"
"10349","2484","DWT","T17","67",2.949,67,"False"
"10350","2487","DWT","T17","67",1.339,67,"False"
"10351","2489","DWT","T17","67",1.245,67,"False"
"10352","2491","DWT","T17","67",2.458,67,"False"
"10353","2492","DWT","T17","67",1.804,67,"False"
"10354","2493","DWT","T17","67",1.77,67,"False"
"10355","2494","DWT","T17","67",2.166,67,"False"
"10356","2495","DWT","T17","67",1.74,67,"False"
"10357","2497","DWT","T17","67",1.164,67,"False"
"10358","2501","DWT","T17","67",0.527,67,"False"
"10359","2502","DWT","T17","67",0.224,67,"True"
"10360","2504","DWT","T17","67",0.658,67,"False"
"10361","2505","DWT","T17","67",0.855,67,"False"
"10362","2506","DWT","T17","67",0.645,67,"False"
"10363","2695","CHE","T20","67",1.861,67,"False"
"10364","2698","CHE","T20","67",1.526,67,"False"
"10365","2699","CHE","T20","67",0.633,67,"False"
"10366","2700","CHE","T20","67",0.551,67,"False"
"10367","2703","CHE","T20","67",0.153,67,"False"
"10368","2706","CHE","T20","67",0.134,67,"True"
"10369","2707","CHE","T20","67",0.705,67,"False"
"10370","2708","CHE","T20","67",0.546,67,"False"
"10371","2709","CHE","T20","67",0.613,67,"False"
"10372","2712","CHE","T20","67",0.979,67,"False"
"10373","2713","CHE","T20","67",1.542,67,"False"
"10374","2720","CHE","T20","67",0.166,67,"False"
"10375","2721","CHE","T20","67",0.365,67,"False"
"10376","2722","CHE","T20","67",0.537,67,"False"
"10377","2723","CHE","T20","67",1.113,67,"False"
"10378","2725","CHE","T20","67",0.28,67,"False"
"10379","2726","CHE","T20","67",1.864,67,"False"
"10380","2728","CHE","T20","67",1.053,67,"False"
"10381","2729","CHE","T20","67",0.081,67,"True"
"10382","2730","CHE","T20","67",0.265,67,"False"
"10383","2733","CHE","T20","67",0.375,67,"False"
"10384","2734","CHE","T20","67",0.425,67,"False"
"10385","2736","CHE","T20","67",0.763,67,"False"
"10386","1681","DWT","T10","67",0.372,67,"False"
"10387","1683","DWT","T10","67",0.954,67,"False"
"10388","1685","DWT","T10","67",0.892,67,"False"
"10389","1691","DWT","T10","67",2.407,67,"False"
"10390","1693","DWT","T10","67",2.441,67,"False"
"10391","1694","DWT","T10","67",0.764,67,"False"
"10392","1695","DWT","T10","67",1.868,67,"False"
"10393","1696","DWT","T10","67",1.382,67,"False"
"10394","1697","DWT","T10","67",0.94,67,"False"
"10395","1698","DWT","T10","67",1.625,67,"False"
"10396","1699","DWT","T10","67",2.282,67,"False"
"10397","1700","DWT","T10","67",1.129,67,"False"
"10398","1702","DWT","T10","67",1.373,67,"False"
"10399","1704","DWT","T10","67",0.578,67,"False"
"10400","1705","DWT","T10","67",2.236,67,"False"
"10401","1706","DWT","T10","67",0.261,67,"False"
"10402","1707","DWT","T10","67",1.592,67,"False"
"10403","1713","DWT","T10","67",2.439,67,"False"
"10404","1715","DWT","T10","67",1.34,67,"False"
"10405","1717","DWT","T10","67",0.539,67,"False"
"10406","1719","DWT","T10","67",2.561,67,"False"
"10407","1721","DWT","T10","67",0.536,67,"False"
"10408","1723","DWT","T10","67",1.396,67,"False"
"10409","1724","DWT","T10","67",2.222,67,"False"
"10410","1727","DWT","T10","67",1.607,67,"False"
"10411","1730","DWT","T10","67",0.308,67,"False"
"10412","1731","DWT","T10","67",1.961,67,"False"
"10413","1732","DWT","T10","67",0.554,67,"True"
"10414","1733","DWT","T10","67",0.813,67,"False"
"10415","1734","DWT","T10","67",0.289,67,"False"
"10416","1737","DWT","T10","67",0.087,67,"True"
"10417","1738","DWT","T10","67",0.676,67,"False"
"10418","1739","DWT","T10","67",1.021,67,"False"
"10419","1740","DWT","T10","67",1.597,67,"False"
"10420","1741","DWT","T10","67",0.766,67,"False"
"10421","1742","DWT","T10","67",0.637,67,"False"
"10422","1743","DWT","T10","67",2.084,67,"False"
"10423","1748","DWT","T10","67",1.407,67,"False"
"10424","2623","CHE+DHE","T21","67",0.735,67,"False"
"10425","2629","CHE+DHE","T21","67",0.874,67,"False"
"10426","2630","CHE+DHE","T21","67",2.002,67,"False"
"10427","2631","CHE+DHE","T21","67",1.051,67,"False"
"10428","2632","CHE+DHE","T21","67",1.989,67,"False"
"10429","2633","CHE+DHE","T21","67",1.272,67,"False"
"10430","2634","CHE+DHE","T21","67",1.935,67,"False"
"10431","2638","CHE+DHE","T21","67",1.95,67,"False"
"10432","2639","CHE+DHE","T21","67",1.988,67,"False"
"10433","2640","CHE+DHE","T21","67",1.011,67,"False"
"10434","2642","CHE+DHE","T21","67",1.321,67,"False"
"10435","2643","CHE+DHE","T21","67",0.664,67,"False"
"10436","2644","CHE+DHE","T21","67",0.708,67,"False"
"10437","2649","CHE+DHE","T21","67",0.928,67,"False"
"10438","2650","CHE+DHE","T21","67",1.598,67,"False"
"10439","2651","CHE+DHE","T21","67",1.101,67,"False"
"10440","2653","CHE+DHE","T21","67",1.103,67,"False"
"10441","2654","CHE+DHE","T21","67",1.222,67,"False"
"10442","2656","CHE+DHE","T21","67",1.138,67,"False"
"10443","2663","CHE+DHE","T21","67",0.981,67,"False"
"10444","2666","CHE+DHE","T21","67",1.414,67,"False"
"10445","2672","CHE+DHE","T21","67",0.826,67,"True"
"10446","2673","CHE+DHE","T21","67",0.875,67,"False"
"10447","2678","CHE+DHE","T21","67",0.622,67,"False"
"10448","2683","CHE+DHE","T21","67",0.942,67,"True"
"10449","2685","CHE+DHE","T21","67",0.164,67,"False"
"10450","2751","CWT+DWT","T27","67",1.531,67,"False"
"10451","2752","CWT+DWT","T27","67",3.017,67,"False"
"10452","2753","CWT+DWT","T27","67",2.382,67,"False"
"10453","2759","CWT+DWT","T27","67",1.377,67,"False"
"10454","2761","CWT+DWT","T27","67",1.179,67,"False"
"10455","2764","CWT+DWT","T27","67",3.037,67,"False"
"10456","2765","CWT+DWT","T27","67",1.682,67,"False"
"10457","2766","CWT+DWT","T27","67",0.688,67,"False"
"10458","2768","CWT+DWT","T27","67",0.601,67,"False"
"10459","2769","CWT+DWT","T27","67",1.671,67,"False"
"10460","2770","CWT+DWT","T27","67",1.279,67,"False"
"10461","2771","CWT+DWT","T27","67",2.417,67,"False"
"10462","2772","CWT+DWT","T27","67",0.257,67,"False"
"10463","2777","CWT+DWT","T27","67",1.01,67,"False"
"10464","2778","CWT+DWT","T27","67",1.171,67,"False"
"10465","2784","CWT+DWT","T27","67",0.554,67,"False"
"10466","2785","CWT+DWT","T27","67",0.711,67,"False"
"10467","2787","CWT+DWT","T27","67",1.338,67,"False"
"10468","2789","CWT+DWT","T27","67",0.169,67,"False"
"10469","2798","CWT+DWT","T27","67",1.187,67,"False"
"10470","2800","CWT+DWT","T27","67",1.18,67,"False"
"10471","2803","CWT+DWT","T27","67",0.32,67,"False"
"10472","2804","CWT+DWT","T27","67",0.302,67,"False"
"10473","2805","CWT+DWT","T27","67",0.332,67,"False"
"10474","2806","CWT+DWT","T27","67",0.444,67,"False"
"10475","2807","CWT+DWT","T27","67",0.597,67,"False"
"10476","2808","CWT+DWT","T27","67",0.258,67,"False"
"10477","2809","CWT+DWT","T27","67",0.907,67,"False"
"10478","2811","CWT+DWT","T27","67",1.963,67,"False"
"10479","2812","CWT+DWT","T27","67",1.892,67,"False"
"10480","2815","CWT+DWT","T27","67",0.267,67,"False"
"10481","2816","CWT+DWT","T27","67",1.519,67,"False"
"10482","2819","CWT+DWT","T27","67",2.339,67,"False"
"10483","2820","CWT+DWT","T27","67",3.979,67,"False"
"10484","2822","CWT+DWT","T27","67",1.45,67,"False"
"10485","2825","CWT+DWT","T27","67",1.131,67,"False"
"10486","2826","CWT+DWT","T27","67",1.175,67,"False"
"10487","2864","DWT","T18","67",0.178,67,"False"
"10488","2866","DWT","T18","67",0.428,67,"False"
"10489","2869","DWT","T18","67",1.663,67,"False"
"10490","2870","DWT","T18","67",1.904,67,"True"
"10491","2872","DWT","T18","67",0.351,67,"False"
"10492","2874","DWT","T18","67",0.364,67,"False"
"10493","2875","DWT","T18","67",0.073,67,"False"
"10494","2876","DWT","T18","67",1.427,67,"False"
"10495","2877","DWT","T18","67",1.058,67,"False"
"10496","2880","DWT","T18","67",1.529,67,"False"
"10497","2881","DWT","T18","67",1.254,67,"False"
"10498","2882","DWT","T18","67",1.106,67,"False"
"10499","2883","DWT","T18","67",1.226,67,"False"
"10500","2887","DWT","T18","67",1.88,67,"False"
"10501","2888","DWT","T18","67",2.352,67,"False"
"10502","2898","DWT","T18","67",2.422,67,"False"
"10503","2900","DWT","T18","67",1.768,67,"False"
"10504","2906","DWT","T18","67",1.706,67,"False"
"10505","2907","DWT","T18","67",0.847,67,"False"
"10506","2908","DWT","T18","67",1.68,67,"False"
"10507","2909","DWT","T18","67",2.328,67,"False"
"10508","2910","DWT","T18","67",0.844,67,"False"
"10509","2912","DWT","T18","67",2.193,67,"False"
"10510","2929","DWT","T18","67",2.015,67,"False"
"10511","2935","DWT","T18","67",1.484,67,"False"
"10512","2952","DWT","T18","67",0.831,67,"False"
"10513","2953","DWT","T18","67",0.68,67,"False"
"10514","2956","DWT","T18","67",0.777,67,"False"
"10515","2960","DWT","T18","67",0.596,67,"False"
"10516","2963","DWT","T18","67",0.122,67,"False"
"10517","2964","DWT","T18","67",0.209,67,"False"
"10518","2965","DWT","T18","67",0.61,67,"False"
"10519","2966","DWT","T18","67",0.693,67,"False"
"10520","2972","DWT","T18","67",1.569,67,"False"
"10521","2973","DWT","T18","67",1.661,67,"False"
"10522","2974","DWT","T18","67",2.001,67,"False"
"10523","2975","DWT","T18","67",0.824,67,"False"
"10524","2976","DWT","T18","67",1.003,67,"False"
"10525","2979","DWT","T18","67",0.604,67,"False"
"10526","2989","DWT","T18","67",1.518,67,"False"
"10527","2992","DWT","T18","67",0.929,67,"False"
"10528","2993","DWT","T18","67",1.462,67,"False"
"10529","2994","DWT","T18","67",1.083,67,"False"
"10530","2995","DWT","T18","67",1.435,67,"False"
"10531","2997","DWT","T18","67",0.138,67,"False"
"10532","3002","DWT","T18","67",0.511,67,"False"
"10533","3003","DWT","T18","67",0.307,67,"False"
"10534","3004","DWT","T18","67",0.451,67,"False"
"10535","3157","DHE","T24","67",1.556,67,"False"
"10536","3158","DHE","T24","67",2.971,67,"False"
"10537","3159","DHE","T24","67",1.561,67,"False"
"10538","3163","DHE","T24","67",1.821,67,"False"
"10539","3165","DHE","T24","67",1.741,67,"False"
"10540","3166","DHE","T24","67",2.479,67,"False"
"10541","3167","DHE","T24","67",0.675,67,"False"
"10542","3178","DHE","T24","67",1.086,67,"False"
"10543","3180","DHE","T24","67",1.791,67,"False"
"10544","3181","DHE","T24","67",1.912,67,"False"
"10545","3182","DHE","T24","67",2.386,67,"False"
"10546","3186","DHE","T24","67",1.562,67,"False"
"10547","3189","DHE","T24","67",1.143,67,"False"
"10548","3190","DHE","T24","67",0.482,67,"False"
"10549","3191","DHE","T24","67",1.581,67,"False"
"10550","3192","DHE","T24","67",1.501,67,"False"
"10551","3196","DHE","T24","67",0.907,67,"False"
"10552","3197","DHE","T24","67",1.624,67,"False"
"10553","3198","DHE","T24","67",2.494,67,"False"
"10554","3199","DHE","T24","67",0.539,67,"False"
"10555","3200","DHE","T24","67",1.441,67,"False"
"10556","3203","DHE","T24","67",1.569,67,"False"
"10557","3205","DHE","T24","67",0.829,67,"False"
"10558","3207","DHE","T24","67",1.212,67,"False"
"10559","3208","DHE","T24","67",1.174,67,"False"
"10560","3210","DHE","T24","67",2.016,67,"False"
"10561","3213","DHE","T24","67",1.006,67,"False"
"10562","3219","DHE","T24","67",2.043,67,"False"
"10563","3222","DHE","T24","67",1.192,67,"False"
"10564","3224","DHE","T24","67",1.893,67,"False"
"10565","3225","DHE","T24","67",2.459,67,"False"
"10566","3228","DHE","T24","67",1.194,67,"False"
"10567","3229","DHE","T24","67",1.701,67,"False"
"10568","3231","DHE","T24","67",1.781,67,"False"
"10569","3240","DHE","T24","67",1.289,67,"False"
"10570","3246","DHE","T24","67",2.195,67,"False"
"10571","3258","DHE","T24","67",1.899,67,"False"
"10572","3259","DHE","T24","67",1.069,67,"False"
"10573","3261","DHE","T24","67",2.415,67,"False"
"10574","3265","DHE","T24","67",2.2,67,"False"
"10575","3269","DHE","T24","67",1.935,67,"False"
"10576","3272","DHE","T24","67",1.244,67,"False"
"10577","3273","DHE","T24","67",1.401,67,"False"
"10578","3274","DHE","T24","67",0.805,67,"False"
"10579","3281","DHE","T24","67",2.424,67,"False"
"10580","3292","DHE","T24","67",2.625,67,"False"
"10581","3293","DHE","T24","67",1.66,67,"False"
"10582","3294","DHE","T24","67",1.629,67,"False"
"10583","3295","DHE","T24","67",1.549,67,"False"
"10584","3304","DHE","T24","67",3.037,67,"False"
"10585","3305","DHE","T24","67",1.159,67,"False"
"10586","3306","DHE","T24","67",2.875,67,"False"
"10587","3307","DHE","T24","67",1.676,67,"False"
"10588","3309","DHE","T24","67",1.713,67,"False"
"10589","3310","DHE","T24","67",1.782,67,"False"
"10590","3311","DHE","T24","67",0.376,67,"False"
"10591","3313","DHE","T24","67",2.985,67,"False"
"10592","3315","DHE","T24","67",3.139,67,"False"
"10593","3316","DHE","T24","67",2.078,67,"False"
"10594","3319","DHE","T24","67",2.27,67,"False"
"10595","3322","DHE","T24","67",0.996,67,"False"
"10596","3323","DHE","T24","67",1.158,67,"False"
"10597","3324","DHE","T24","67",2.014,67,"False"
"10598","3329","DHE","T24","67",0.96,67,"False"
"10599","3345","DHE","T24","67",1.233,67,"False"
"10600","3347","DHE","T24","67",2.712,67,"False"
"10601","3005","CWT+DWT","T26","67",2.734,67,"False"
"10602","3006","CWT+DWT","T26","67",1.774,67,"False"
"10603","3011","CWT+DWT","T26","67",3.415,67,"False"
"10604","3013","CWT+DWT","T26","67",2.92,67,"False"
"10605","3016","CWT+DWT","T26","67",0.57,67,"False"
"10606","3017","CWT+DWT","T26","67",3.049,67,"False"
"10607","3018","CWT+DWT","T26","67",2.935,67,"True"
"10608","3019","CWT+DWT","T26","67",0.527,67,"False"
"10609","3020","CWT+DWT","T26","67",1.312,67,"False"
"10610","3021","CWT+DWT","T26","67",2.627,67,"False"
"10611","3024","CWT+DWT","T26","67",1.862,67,"False"
"10612","3025","CWT+DWT","T26","67",3.097,67,"False"
"10613","3026","CWT+DWT","T26","67",1.09,67,"False"
"10614","3028","CWT+DWT","T26","67",2.527,67,"False"
"10615","3029","CWT+DWT","T26","67",2.342,67,"False"
"10616","3030","CWT+DWT","T26","67",2.011,67,"False"
"10617","3031","CWT+DWT","T26","67",0.591,67,"False"
"10618","3032","CWT+DWT","T26","67",2.692,67,"False"
"10619","3033","CWT+DWT","T26","67",2.8,67,"False"
"10620","3034","CWT+DWT","T26","67",1.63,67,"False"
"10621","3035","CWT+DWT","T26","67",2.087,67,"False"
"10622","3037","CWT+DWT","T26","67",2.332,67,"False"
"10623","3045","CWT+DWT","T26","67",1.779,67,"False"
"10624","3048","CWT+DWT","T26","67",2.869,67,"False"
"10625","3049","CWT+DWT","T26","67",2.726,67,"False"
"10626","3052","CWT+DWT","T26","67",2.083,67,"False"
"10627","3053","CWT+DWT","T26","67",0.552,67,"False"
"10628","3056","CWT+DWT","T26","67",1.237,67,"False"
"10629","3057","CWT+DWT","T26","67",1.494,67,"False"
"10630","3058","CWT+DWT","T26","67",0.345,67,"False"
"10631","3060","CWT+DWT","T26","67",1.403,67,"False"
"10632","3061","CWT+DWT","T26","67",0.345,67,"False"
"10633","3062","CWT+DWT","T26","67",0.494,67,"False"
"10634","3064","CWT+DWT","T26","67",0.532,67,"False"
"10635","3065","CWT+DWT","T26","67",2.659,67,"False"
"10636","3066","CWT+DWT","T26","67",1.494,67,"False"
"10637","3068","CWT+DWT","T26","67",0.255,67,"False"
"10638","3069","CWT+DWT","T26","67",1.597,67,"False"
"10639","3071","CWT+DWT","T26","67",2.755,67,"False"
"10640","3072","CWT+DWT","T26","67",0.64,67,"False"
"10641","3073","CWT+DWT","T26","67",2.074,67,"False"
"10642","3074","CWT+DWT","T26","67",0.725,67,"False"
"10643","3075","CWT+DWT","T26","67",1.286,67,"False"
"10644","3076","CWT+DWT","T26","67",2.295,67,"False"
"10645","3077","CWT+DWT","T26","67",1.52,67,"False"
"10646","3078","CWT+DWT","T26","67",1.395,67,"False"
"10647","3079","CWT+DWT","T26","67",1.199,67,"False"
"10648","3080","CWT+DWT","T26","67",1.132,67,"False"
"10649","3082","CWT+DWT","T26","67",0.317,67,"False"
"10650","3083","CWT+DWT","T26","67",3.124,67,"False"
"10651","3084","CWT+DWT","T26","67",1.937,67,"False"
"10652","3085","CWT+DWT","T26","67",2.278,67,"False"
"10653","3086","CWT+DWT","T26","67",2.534,67,"False"
"10654","3087","CWT+DWT","T26","67",3.208,67,"False"
"10655","3088","CWT+DWT","T26","67",1.318,67,"False"
"10656","3089","CWT+DWT","T26","67",0.571,67,"False"
"10657","3090","CWT+DWT","T26","67",2.33,67,"False"
"10658","3093","CWT+DWT","T26","67",2.668,67,"False"
"10659","3094","CWT+DWT","T26","67",2.053,67,"False"
"10660","3099","CWT+DWT","T26","67",1.198,67,"False"
"10661","3100","CWT+DWT","T26","67",0.428,67,"False"
"10662","3107","CWT+DWT","T26","67",3.229,67,"False"
"10663","3108","CWT+DWT","T26","67",1.565,67,"False"
"10664","3110","CWT+DWT","T26","67",0.25,67,"True"
"10665","3128","CWT+DWT","T26","67",0.596,67,"True"
"10666","3129","CWT+DWT","T26","67",0.997,67,"False"
"10667","3133","CWT+DWT","T26","67",0.447,67,"False"
"10668","3134","CWT+DWT","T26","67",2.892,67,"False"
"10669","3135","CWT+DWT","T26","67",2.365,67,"False"
"10670","3143","CWT+DWT","T26","67",0.999,67,"False"
"10671","3145","CWT+DWT","T26","67",0.263,67,"False"
"10672","3147","CWT+DWT","T26","67",1.59,67,"False"
"10673","3150","CWT+DWT","T26","67",1.053,67,"False"
"10674","3365","CWT+DWT","T26","67",1.984,67,"False"
"10675","3468","CWT","T19","67",0.761,67,"False"
"10676","3469","CWT","T19","67",0.497,67,"False"
"10677","3470","CWT","T19","67",0.411,67,"False"
"10678","3477","CWT","T19","67",0.569,67,"False"
"10679","3478","CWT","T19","67",0.397,67,"False"
"10680","3479","CWT","T19","67",0.625,67,"False"
"10681","3483","CWT","T19","67",0.63,67,"False"
"10682","3485","CWT","T19","67",0.454,67,"True"
"10683","3486","CWT","T19","67",0.622,67,"False"
"10684","3489","CWT","T19","67",0.707,67,"True"
"10685","3491","CWT","T19","67",0.252,67,"False"
"10686","3492","CWT","T19","67",0.198,67,"False"
"10687","3494","CWT","T19","67",0.081,67,"False"
"10688","3495","CWT","T19","67",0.343,67,"False"
"10689","3496","CWT","T19","67",0.422,67,"False"
"10690","3497","CWT","T19","67",0.336,67,"False"
"10691","3500","CWT","T19","67",0.536,67,"False"
"10692","3501","CWT","T19","67",0.559,67,"False"
"10693","3503","CWT","T19","67",0.51,67,"False"
"10694","3504","CWT","T19","67",0.433,67,"False"
"10695","3505","CWT","T19","67",0.349,67,"False"
"10696","3401","CHE+DWT","T28","67",0.639,67,"False"
"10697","3402","CHE+DWT","T28","67",1.126,67,"True"
"10698","3409","CHE+DWT","T28","67",0.814,67,"False"
"10699","3411","CHE+DWT","T28","67",0.524,67,"False"
"10700","3419","CHE+DWT","T28","67",0.932,67,"False"
"10701","3423","CHE+DWT","T28","67",1.027,67,"False"
"10702","3430","CHE+DWT","T28","67",1.888,67,"False"
"10703","3440","CHE+DWT","T28","67",1.375,67,"False"
"10704","3441","CHE+DWT","T28","67",1.689,67,"False"
"10705","3445","CHE+DWT","T28","67",1.867,67,"False"
"10706","3512","CHE+DWT","T29","67",1.232,67,"False"
"10707","3516","CHE+DWT","T29","67",1.938,67,"False"
"10708","3517","CHE+DWT","T29","67",2.107,67,"False"
"10709","3519","CHE+DWT","T29","67",1.78,67,"False"
"10710","3520","CHE+DWT","T29","67",1.75,67,"False"
"10711","3521","CHE+DWT","T29","67",1.494,67,"False"
"10712","3525","CHE+DWT","T29","67",0.71,67,"True"
"10713","3526","CHE+DWT","T29","67",1.183,67,"False"
"10714","3528","CHE+DWT","T29","67",0.909,67,"False"
"10715","3529","CHE+DWT","T29","67",0.906,67,"True"
"10716","3530","CHE+DWT","T29","67",0.64,67,"False"
"10717","3533","CHE+DWT","T29","67",0.278,67,"False"
"10718","3534","CHE+DWT","T29","67",0.643,67,"False"
"10719","3537","CHE+DWT","T29","67",0.664,67,"False"
"10720","3539","CHE+DWT","T29","67",1.59,67,"False"
"10721","3541","CHE+DWT","T29","67",0.53,67,"False"
"10722","3543","CHE+DWT","T29","67",1.684,67,"False"
"10723","3547","CHE+DWT","T29","67",1.933,67,"False"
"10724","3548","CHE+DWT","T29","67",2.503,67,"False"
"10725","3552","CHE+DWT","T29","67",0.355,67,"False"
"10726","3554","CHE+DWT","T29","67",1.812,67,"False"
"10727","3556","CHE+DWT","T29","67",2.249,67,"False"
"10728","3561","CHE+DWT","T29","67",1.151,67,"False"
"10729","3562","CHE+DWT","T29","67",2.039,67,"False"
"10730","3564","CHE+DWT","T29","67",0.62,67,"False"
"10731","3565","CHE+DWT","T29","67",0.261,67,"False"
"10732","3566","CHE+DWT","T29","67",0.885,67,"False"
"10733","3568","CHE+DWT","T29","67",0.545,67,"False"
"10734","3569","CHE+DWT","T29","67",1.299,67,"False"
"10735","3570","CHE+DWT","T29","67",1.601,67,"False"
"10736","3575","CHE+DWT","T29","67",1.546,67,"False"
"10737","2128","CWT+DWT","T8","67",3.428,67,"False"
"10738","2129","CWT+DWT","T8","67",1.848,67,"False"
"10739","2130","CWT+DWT","T8","67",3.355,67,"False"
"10740","2131","CWT+DWT","T8","67",1.4,67,"False"
"10741","2132","CWT+DWT","T8","67",4.604,67,"False"
"10742","2133","CWT+DWT","T8","67",3.837,67,"False"
"10743","2134","CWT+DWT","T8","67",1.979,67,"False"
"10744","2135","CWT+DWT","T8","67",2.032,67,"False"
"10745","2136","CWT+DWT","T8","67",4.904,67,"False"
"10746","2137","CWT+DWT","T8","67",3.068,67,"False"
"10747","2138","CWT+DWT","T8","67",2.59,67,"False"
"10748","2139","CWT+DWT","T8","67",1.731,67,"False"
"10749","2142","CWT+DWT","T8","67",2.45,67,"False"
"10750","2145","CWT+DWT","T8","67",2.25,67,"False"
"10751","2148","CWT+DWT","T8","67",3.324,67,"False"
"10752","2151","CWT+DWT","T8","67",2.718,67,"False"
"10753","2152","CWT+DWT","T8","67",2.467,67,"False"
"10754","2153","CWT+DWT","T8","67",2.008,67,"False"
"10755","2154","CWT+DWT","T8","67",3.12,67,"False"
"10756","2157","CWT+DWT","T8","67",0.452,67,"False"
"10757","2158","CWT+DWT","T8","67",3.424,67,"False"
"10758","2159","CWT+DWT","T8","67",2.683,67,"False"
"10759","2160","CWT+DWT","T8","67",3.731,67,"False"
"10760","2161","CWT+DWT","T8","67",2.527,67,"False"
"10761","2163","CWT+DWT","T8","67",1.229,67,"False"
"10762","2164","CWT+DWT","T8","67",2.603,67,"False"
"10763","2165","CWT+DWT","T8","67",1.588,67,"False"
"10764","2166","CWT+DWT","T8","67",2.581,67,"False"
"10765","2169","CWT+DWT","T8","67",0.34,67,"True"
"10766","2170","CWT+DWT","T8","67",1.976,67,"False"
"10767","2171","CWT+DWT","T8","67",4.068,67,"False"
"10768","2172","CWT+DWT","T8","67",4.171,67,"False"
"10769","2173","CWT+DWT","T8","67",2.725,67,"False"
"10770","2175","CWT+DWT","T8","67",1.173,67,"False"
"10771","2179","CWT+DWT","T8","67",3.019,67,"False"
"10772","2181","CWT+DWT","T8","67",2.9,67,"False"
"10773","2183","CWT+DWT","T8","67",3.044,67,"False"
"10774","2184","CWT+DWT","T8","67",4.948,67,"False"
"10775","2185","CWT+DWT","T8","67",2.841,67,"False"
"10776","2186","CWT+DWT","T8","67",1.929,67,"False"
"10777","2188","CWT+DWT","T8","67",3.208,67,"False"
"10778","2189","CWT+DWT","T8","67",2.226,67,"False"
"10779","2190","CWT+DWT","T8","67",2.179,67,"False"
"10780","2191","CWT+DWT","T8","67",2.072,67,"False"
"10781","2193","CWT+DWT","T8","67",3.027,67,"False"
"10782","2194","CWT+DWT","T8","67",1.63,67,"False"
"10783","2220","CWT+DWT","T8","67",3.216,67,"False"
"10784","2222","CWT+DWT","T8","67",0.375,67,"False"
"10785","2223","CWT+DWT","T8","67",2.297,67,"False"
"10786","2224","CWT+DWT","T8","67",0.214,67,"False"
"10787","2225","CWT+DWT","T8","67",0.917,67,"False"
"10788","3595","DWT","T25","67",0.482,67,"True"
"10789","3596","DWT","T25","67",2.479,67,"False"
"10790","3597","DWT","T25","67",0.628,67,"False"
"10791","3598","DWT","T25","67",1.151,67,"False"
"10792","3600","DWT","T25","67",0.356,67,"False"
"10793","3603","DWT","T25","67",0.412,67,"False"
"10794","3604","DWT","T25","67",0.695,67,"False"
"10795","3605","DWT","T25","67",2.235,67,"False"
"10796","3608","DWT","T25","67",0.405,67,"True"
"10797","3611","DWT","T25","67",2.828,67,"False"
"10798","3614","DWT","T25","67",1.074,67,"False"
"10799","3621","DWT","T25","67",1.231,67,"False"
"10800","3622","DWT","T25","67",1.565,67,"False"
"10801","3623","DWT","T25","67",2.173,67,"False"
"10802","3625","DWT","T25","67",2.675,67,"False"
"10803","3626","DWT","T25","67",2.736,67,"True"
"10804","3628","DWT","T25","67",1.523,67,"False"
"10805","3631","DWT","T25","67",0.693,67,"False"
"10806","3632","DWT","T25","67",1.862,67,"False"
"10807","3634","DWT","T25","67",2.304,67,"False"
"10808","3637","DWT","T25","67",2.714,67,"False"
"10809","3638","DWT","T25","67",1.714,67,"False"
"10810","3639","DWT","T25","67",0.622,67,"True"
"10811","3640","DWT","T25","67",2.716,67,"False"
"10812","3641","DWT","T25","67",1.666,67,"False"
"10813","3644","DWT","T25","67",1.5,67,"False"
"10814","3645","DWT","T25","67",1.203,67,"True"
"10815","3656","CWT+DHE","T23","67",1.001,67,"False"
"10816","3660","CWT+DHE","T23","67",0.805,67,"False"
"10817","3662","CWT+DHE","T23","67",0.766,67,"False"
"10818","3663","CWT+DHE","T23","67",1.128,67,"False"
"10819","3666","CWT+DHE","T23","67",1.864,67,"False"
"10820","3667","CWT+DHE","T23","67",0.313,67,"False"
"10821","3668","CWT+DHE","T23","67",0.403,67,"False"
"10822","3669","CWT+DHE","T23","67",0.185,67,"False"
"10823","3670","CWT+DHE","T23","67",0.677,67,"False"
"10824","3673","CWT+DHE","T23","67",0.445,67,"False"
"10825","3674","CWT+DHE","T23","67",0.919,67,"False"
"10826","3677","CWT+DHE","T23","67",0.525,67,"False"
"10827","3680","CWT+DHE","T23","67",1.555,67,"False"
"10828","3682","CWT+DHE","T23","67",0.721,67,"True"
"10829","3683","CWT+DHE","T23","67",1.164,67,"False"
"10830","3684","CWT+DHE","T23","67",0.721,67,"False"
"10831","3685","CWT+DHE","T23","67",1.364,67,"False"
"10832","3686","CWT+DHE","T23","67",0.441,67,"False"
"10833","3689","CWT+DHE","T23","67",0.773,67,"False"
"10834","3690","CWT+DHE","T23","67",0.053,67,"False"
"10835","3691","CWT+DHE","T23","67",1.015,67,"False"
"10836","3692","CWT+DHE","T23","67",1.612,67,"False"
"10837","3693","CWT+DHE","T23","67",1.139,67,"False"
"10838","3697","CWT+DHE","T23","67",1.747,67,"False"
"10839","3698","CWT+DHE","T23","67",1.003,67,"False"
"10840","3700","CWT+DHE","T23","67",0.97,67,"False"
"10841","3709","CWT+DHE","T23","67",0.422,67,"False"
"10842","3710","CWT+DHE","T23","67",0.644,67,"False"
"10843","3711","CWT+DHE","T23","67",0.538,67,"False"
"10844","3712","CWT+DHE","T23","67",0.21,67,"False"
"10845","3713","CWT+DHE","T23","67",0.21,67,"False"
"10846","3714","CWT+DHE","T23","67",0.556,67,"False"
"10847","3718","CWT+DHE","T23","67",0.889,67,"True"
"10848","3726","CWT+DHE","T23","67",0.416,67,"False"
"10849","3728","CWT+DHE","T23","67",0.417,67,"False"
"10850","3729","CWT+DHE","T23","67",0.838,67,"False"
"10851","3730","CWT+DHE","T23","67",0.203,67,"False"
"10852","3731","CWT+DHE","T23","67",0.412,67,"False"
"10853","3732","CWT+DHE","T23","67",0.285,67,"False"
"10854","3737","CWT+DHE","T23","67",0.401,67,"True"
"10855","3738","CWT+DHE","T23","67",1.521,67,"False"
"10856","3745","CWT+DHE","T23","67",0.525,67,"False"
"10857","3746","CWT+DHE","T23","67",1.327,67,"False"
"10858","3750","CWT+DHE","T23","67",1.037,67,"False"
"10859","3752","CWT+DHE","T23","67",1.248,67,"False"
"10860","3753","CWT+DHE","T23","67",0.728,67,"False"
"10861","3756","CWT+DHE","T23","67",1.575,67,"False"
"10862","3757","CWT+DHE","T23","67",2.066,67,"False"
"10863","3758","CWT+DHE","T23","67",0.439,67,"False"
"10864","3765","CWT+DHE","T23","67",0.926,67,"False"
"10865","3772","CWT+DHE","T23","67",0.304,67,"True"
"10866","3780","CWT+DHE","T23","67",1.208,67,"False"
"10867","3787","CWT+DHE","T23","67",2.007,67,"False"
"10868","3789","CWT+DHE","T23","67",1.488,67,"False"
"10869","3790","CWT+DHE","T23","67",1.336,67,"False"
"10870","3799","CWT+DHE","T23","67",1.395,67,"False"
"10871","3806","CWT+DHE","T23","67",0.419,67,"False"
"10872","3808","CWT+DHE","T23","67",0.829,67,"False"
"10873","3809","CWT+DHE","T23","67",0.842,67,"False"
"10874","3810","CWT+DHE","T23","67",1.163,67,"False"
"10875","3815","CWT+DHE","T23","67",1.337,67,"False"
"10876","3816","CWT+DHE","T23","67",0.451,67,"False"
"10877","3817","CWT+DHE","T23","67",0.78,67,"False"
"10878","3819","CWT+DHE","T23","67",1.822,67,"False"
"10879","3834","CWT+DHE","T23","67",2.089,67,"False"
"10880","3835","CWT+DHE","T23","67",1.742,67,"False"
"10881","3840","CWT+DHE","T23","67",1.269,67,"False"
"10882","3843","CWT+DHE","T23","67",0.998,67,"False"
"10883","3854","CWT+DHE","T23","67",1.481,67,"False"
"10884","3855","CWT+DHE","T23","67",0.225,67,"False"
"10885","3856","CWT+DHE","T23","67",1.278,67,"False"
"10886","3857","CWT+DHE","T23","67",0.534,67,"False"
"10887","3858","CWT+DHE","T23","67",0.924,67,"False"
"10888","3862","CWT+DHE","T23","67",0.952,67,"False"
"10889","3863","CWT+DHE","T23","67",1.153,67,"False"
"10890","3865","CWT+DHE","T23","67",0.173,67,"False"
"10891","3866","CWT+DHE","T23","67",0.858,67,"False"
"10892","3896","CHE","T30","67",0.783,67,"False"
"10893","3903","CHE","T30","67",1.393,67,"True"
"10894","3904","CHE","T30","67",0.213,67,"True"
"10895","3912","CHE","T30","67",0.122,67,"False"
"10896","3915","CHE","T30","67",1.084,67,"False"
"10897","3917","CHE","T30","67",0.844,67,"False"
"10898","3920","CHE","T30","67",0.648,67,"False"
"10899","3921","CHE","T30","67",0.167,67,"False"
"10900","3922","CHE","T30","67",0.124,67,"False"
"10901","3923","CHE","T30","67",0.515,67,"True"
"10902","3924","CHE","T30","67",0.172,67,"False"
"10903","3928","CHE","T30","67",0.419,67,"True"
"10904","3929","CHE","T30","67",0.567,67,"False"
"10905","3937","CHE","T30","67",0.085,67,"False"
"10906","3938","CHE","T30","67",0.813,67,"False"
"10907","3940","CHE","T30","67",0.112,67,"True"
"10908","3941","CHE","T30","67",0.218,67,"False"
"10909","3942","CHE","T30","67",0.451,67,"False"
"10910","3945","CHE","T30","67",0.584,67,"False"
"10911","3946","CHE","T30","67",0.354,67,"False"
"10912","3953","CHE","T30","67",0.048,67,"False"
